<?xml version="1.0" encoding="UTF-8"?>
<sbml xmlns="http://www.sbml.org/sbml/level2/version4" xmlns:celldesigner="http://www.sbml.org/2001/ns/celldesigner" level="2" version="4">
<model metaid="AMPA_weight" id="AMPA_weight">
<annotation>
<celldesigner:extension>
<celldesigner:modelVersion>4.0</celldesigner:modelVersion>
<celldesigner:modelDisplay sizeX="800" sizeY="800"/>
<celldesigner:listOfIncludedSpecies>
<celldesigner:species id="s53" name="PP2B">
<celldesigner:notes>
<html xmlns="http://www.w3.org/1999/xhtml">
<body/>
</html>
</celldesigner:notes>
<celldesigner:annotation>
<celldesigner:complexSpecies>s52</celldesigner:complexSpecies>
<celldesigner:speciesIdentity>
<celldesigner:class>PROTEIN</celldesigner:class>
<celldesigner:proteinReference>pr15</celldesigner:proteinReference>
</celldesigner:speciesIdentity>
</celldesigner:annotation>
</celldesigner:species>
<celldesigner:species id="s54" name="Calmodulin">
<celldesigner:notes>
<html xmlns="http://www.w3.org/1999/xhtml">
<body/>
</html>
</celldesigner:notes>
<celldesigner:annotation>
<celldesigner:complexSpecies>s52</celldesigner:complexSpecies>
<celldesigner:speciesIdentity>
<celldesigner:class>PROTEIN</celldesigner:class>
<celldesigner:proteinReference>pr12</celldesigner:proteinReference>
</celldesigner:speciesIdentity>
</celldesigner:annotation>
</celldesigner:species>
<celldesigner:species id="s56" name="CaMKII">
<celldesigner:notes>
<html xmlns="http://www.w3.org/1999/xhtml">
<body/>
</html>
</celldesigner:notes>
<celldesigner:annotation>
<celldesigner:complexSpecies>s55</celldesigner:complexSpecies>
<celldesigner:speciesIdentity>
<celldesigner:class>PROTEIN</celldesigner:class>
<celldesigner:proteinReference>pr10</celldesigner:proteinReference>
</celldesigner:speciesIdentity>
</celldesigner:annotation>
</celldesigner:species>
<celldesigner:species id="s57" name="Calmodulin">
<celldesigner:notes>
<html xmlns="http://www.w3.org/1999/xhtml">
<body/>
</html>
</celldesigner:notes>
<celldesigner:annotation>
<celldesigner:complexSpecies>s55</celldesigner:complexSpecies>
<celldesigner:speciesIdentity>
<celldesigner:class>PROTEIN</celldesigner:class>
<celldesigner:proteinReference>pr12</celldesigner:proteinReference>
</celldesigner:speciesIdentity>
</celldesigner:annotation>
</celldesigner:species>
</celldesigner:listOfIncludedSpecies>
<celldesigner:listOfCompartmentAliases/>
<celldesigner:listOfComplexSpeciesAliases>
<celldesigner:complexSpeciesAlias id="csa5" species="s52">
<celldesigner:activity>active</celldesigner:activity>
<celldesigner:bounds x="188.0" y="157.0" w="100.0" h="120.0"/>
<celldesigner:view state="usual"/>
<celldesigner:backupSize w="0.0" h="0.0"/>
<celldesigner:backupView state="none"/>
<celldesigner:usualView>
<celldesigner:innerPosition x="0.0" y="0.0"/>
<celldesigner:boxSize width="100.0" height="120.0"/>
<celldesigner:singleLine width="2.0"/>
<celldesigner:paint color="fff7f7f7" scheme="Color"/>
</celldesigner:usualView>
<celldesigner:briefView>
<celldesigner:innerPosition x="0.0" y="0.0"/>
<celldesigner:boxSize width="80.0" height="60.0"/>
<celldesigner:singleLine width="2.0"/>
<celldesigner:paint color="fff7f7f7" scheme="Color"/>
</celldesigner:briefView>
<celldesigner:info state="empty" angle="-1.5707963267948966"/>
</celldesigner:complexSpeciesAlias>
<celldesigner:complexSpeciesAlias id="csa6" species="s55">
<celldesigner:activity>active</celldesigner:activity>
<celldesigner:bounds x="373.0" y="253.0" w="100.0" h="120.0"/>
<celldesigner:view state="usual"/>
<celldesigner:backupSize w="0.0" h="0.0"/>
<celldesigner:backupView state="none"/>
<celldesigner:usualView>
<celldesigner:innerPosition x="0.0" y="0.0"/>
<celldesigner:boxSize width="100.0" height="120.0"/>
<celldesigner:singleLine width="2.0"/>
<celldesigner:paint color="fff7f7f7" scheme="Color"/>
</celldesigner:usualView>
<celldesigner:briefView>
<celldesigner:innerPosition x="0.0" y="0.0"/>
<celldesigner:boxSize width="80.0" height="60.0"/>
<celldesigner:singleLine width="2.0"/>
<celldesigner:paint color="fff7f7f7" scheme="Color"/>
</celldesigner:briefView>
<celldesigner:info state="empty" angle="-1.5707963267948966"/>
</celldesigner:complexSpeciesAlias>
</celldesigner:listOfComplexSpeciesAliases>
<celldesigner:listOfSpeciesAliases>
<celldesigner:speciesAlias id="sa4" species="s4">
<celldesigner:activity>inactive</celldesigner:activity>
<celldesigner:bounds x="24.5" y="71.5" w="25.0" h="25.0"/>
<celldesigner:view state="usual"/>
<celldesigner:usualView>
<celldesigner:innerPosition x="0.0" y="0.0"/>
<celldesigner:boxSize width="25.0" height="25.0"/>
<celldesigner:singleLine width="1.0"/>
<celldesigner:paint color="ff9999ff" scheme="Color"/>
</celldesigner:usualView>
<celldesigner:briefView>
<celldesigner:innerPosition x="0.0" y="0.0"/>
<celldesigner:boxSize width="80.0" height="60.0"/>
<celldesigner:singleLine width="1.0"/>
<celldesigner:paint color="3fff0000" scheme="Color"/>
</celldesigner:briefView>
<celldesigner:info state="empty" angle="-1.5707963267948966"/>
</celldesigner:speciesAlias>
<celldesigner:speciesAlias id="sa15" species="s18">
<celldesigner:activity>inactive</celldesigner:activity>
<celldesigner:bounds x="389.0" y="31.0" w="80.0" h="40.0"/>
<celldesigner:view state="usual"/>
<celldesigner:usualView>
<celldesigner:innerPosition x="0.0" y="0.0"/>
<celldesigner:boxSize width="80.0" height="40.0"/>
<celldesigner:singleLine width="1.0"/>
<celldesigner:paint color="ffccffcc" scheme="Color"/>
</celldesigner:usualView>
<celldesigner:briefView>
<celldesigner:innerPosition x="0.0" y="0.0"/>
<celldesigner:boxSize width="80.0" height="60.0"/>
<celldesigner:singleLine width="1.0"/>
<celldesigner:paint color="3fff0000" scheme="Color"/>
</celldesigner:briefView>
<celldesigner:info state="empty" angle="-1.5707963267948966"/>
</celldesigner:speciesAlias>
<celldesigner:speciesAlias id="sa16" species="s56" complexSpeciesAlias="csa6">
<celldesigner:activity>inactive</celldesigner:activity>
<celldesigner:bounds x="384.0" y="258.0" w="80.0" h="40.0"/>
<celldesigner:view state="usual"/>
<celldesigner:usualView>
<celldesigner:innerPosition x="11.0" y="5.0"/>
<celldesigner:boxSize width="80.0" height="40.0"/>
<celldesigner:singleLine width="1.0"/>
<celldesigner:paint color="ffccffcc" scheme="Color"/>
</celldesigner:usualView>
<celldesigner:briefView>
<celldesigner:innerPosition x="0.0" y="0.0"/>
<celldesigner:boxSize width="80.0" height="60.0"/>
<celldesigner:singleLine width="1.0"/>
<celldesigner:paint color="3fff0000" scheme="Color"/>
</celldesigner:briefView>
<celldesigner:info state="empty" angle="-1.5707963267948966"/>
</celldesigner:speciesAlias>
<celldesigner:speciesAlias id="sa18" species="s17">
<celldesigner:activity>inactive</celldesigner:activity>
<celldesigner:bounds x="91.0" y="15.0" w="80.0" h="40.0"/>
<celldesigner:view state="usual"/>
<celldesigner:usualView>
<celldesigner:innerPosition x="0.0" y="0.0"/>
<celldesigner:boxSize width="80.0" height="40.0"/>
<celldesigner:singleLine width="1.0"/>
<celldesigner:paint color="ffccffcc" scheme="Color"/>
</celldesigner:usualView>
<celldesigner:briefView>
<celldesigner:innerPosition x="0.0" y="0.0"/>
<celldesigner:boxSize width="80.0" height="60.0"/>
<celldesigner:singleLine width="1.0"/>
<celldesigner:paint color="3fff0000" scheme="Color"/>
</celldesigner:briefView>
<celldesigner:info state="empty" angle="-1.5707963267948966"/>
</celldesigner:speciesAlias>
<celldesigner:speciesAlias id="sa19" species="s17">
<celldesigner:activity>active</celldesigner:activity>
<celldesigner:bounds x="90.0" y="122.0" w="80.0" h="40.0"/>
<celldesigner:view state="usual"/>
<celldesigner:usualView>
<celldesigner:innerPosition x="0.0" y="0.0"/>
<celldesigner:boxSize width="80.0" height="40.0"/>
<celldesigner:singleLine width="1.0"/>
<celldesigner:paint color="ffccffcc" scheme="Color"/>
</celldesigner:usualView>
<celldesigner:briefView>
<celldesigner:innerPosition x="0.0" y="0.0"/>
<celldesigner:boxSize width="80.0" height="60.0"/>
<celldesigner:singleLine width="1.0"/>
<celldesigner:paint color="3fff0000" scheme="Color"/>
</celldesigner:briefView>
<celldesigner:info state="empty" angle="-1.5707963267948966"/>
</celldesigner:speciesAlias>
<celldesigner:speciesAlias id="sa21" species="s19">
<celldesigner:activity>inactive</celldesigner:activity>
<celldesigner:bounds x="496.0" y="175.0" w="80.0" h="40.0"/>
<celldesigner:view state="usual"/>
<celldesigner:usualView>
<celldesigner:innerPosition x="0.0" y="0.0"/>
<celldesigner:boxSize width="80.0" height="40.0"/>
<celldesigner:singleLine width="1.0"/>
<celldesigner:paint color="ffccffff" scheme="Color"/>
</celldesigner:usualView>
<celldesigner:briefView>
<celldesigner:innerPosition x="0.0" y="0.0"/>
<celldesigner:boxSize width="80.0" height="60.0"/>
<celldesigner:singleLine width="1.0"/>
<celldesigner:paint color="3fff0000" scheme="Color"/>
</celldesigner:briefView>
<celldesigner:info state="empty" angle="-1.5707963267948966"/>
</celldesigner:speciesAlias>
<celldesigner:speciesAlias id="sa23" species="s19">
<celldesigner:activity>inactive</celldesigner:activity>
<celldesigner:bounds x="494.0" y="337.0" w="80.0" h="40.0"/>
<celldesigner:view state="usual"/>
<celldesigner:usualView>
<celldesigner:innerPosition x="0.0" y="0.0"/>
<celldesigner:boxSize width="80.0" height="40.0"/>
<celldesigner:singleLine width="1.0"/>
<celldesigner:paint color="ffccffff" scheme="Color"/>
</celldesigner:usualView>
<celldesigner:briefView>
<celldesigner:innerPosition x="0.0" y="0.0"/>
<celldesigner:boxSize width="80.0" height="60.0"/>
<celldesigner:singleLine width="1.0"/>
<celldesigner:paint color="3fff0000" scheme="Color"/>
</celldesigner:briefView>
<celldesigner:info state="empty" angle="-1.5707963267948966"/>
</celldesigner:speciesAlias>
<celldesigner:speciesAlias id="sa29" species="s22">
<celldesigner:activity>inactive</celldesigner:activity>
<celldesigner:bounds x="9.0" y="186.0" w="80.0" h="40.0"/>
<celldesigner:view state="usual"/>
<celldesigner:usualView>
<celldesigner:innerPosition x="0.0" y="0.0"/>
<celldesigner:boxSize width="80.0" height="40.0"/>
<celldesigner:singleLine width="1.0"/>
<celldesigner:paint color="ffccffcc" scheme="Color"/>
</celldesigner:usualView>
<celldesigner:briefView>
<celldesigner:innerPosition x="0.0" y="0.0"/>
<celldesigner:boxSize width="80.0" height="60.0"/>
<celldesigner:singleLine width="1.0"/>
<celldesigner:paint color="3fff0000" scheme="Color"/>
</celldesigner:briefView>
<celldesigner:info state="empty" angle="-1.5707963267948966"/>
</celldesigner:speciesAlias>
<celldesigner:speciesAlias id="sa30" species="s53" complexSpeciesAlias="csa5">
<celldesigner:activity>inactive</celldesigner:activity>
<celldesigner:bounds x="198.0" y="217.0" w="80.0" h="40.0"/>
<celldesigner:view state="usual"/>
<celldesigner:usualView>
<celldesigner:innerPosition x="10.0" y="60.0"/>
<celldesigner:boxSize width="80.0" height="40.0"/>
<celldesigner:singleLine width="1.0"/>
<celldesigner:paint color="ffccffcc" scheme="Color"/>
</celldesigner:usualView>
<celldesigner:briefView>
<celldesigner:innerPosition x="0.0" y="0.0"/>
<celldesigner:boxSize width="80.0" height="60.0"/>
<celldesigner:singleLine width="1.0"/>
<celldesigner:paint color="3fff0000" scheme="Color"/>
</celldesigner:briefView>
<celldesigner:info state="empty" angle="-1.5707963267948966"/>
</celldesigner:speciesAlias>
<celldesigner:speciesAlias id="sa36" species="s27">
<celldesigner:activity>active</celldesigner:activity>
<celldesigner:bounds x="213.0" y="336.0" w="80.0" h="40.0"/>
<celldesigner:view state="usual"/>
<celldesigner:usualView>
<celldesigner:innerPosition x="0.0" y="0.0"/>
<celldesigner:boxSize width="80.0" height="40.0"/>
<celldesigner:singleLine width="1.0"/>
<celldesigner:paint color="ffccffcc" scheme="Color"/>
</celldesigner:usualView>
<celldesigner:briefView>
<celldesigner:innerPosition x="0.0" y="0.0"/>
<celldesigner:boxSize width="80.0" height="60.0"/>
<celldesigner:singleLine width="1.0"/>
<celldesigner:paint color="3fff0000" scheme="Color"/>
</celldesigner:briefView>
<celldesigner:info state="empty" angle="-1.5707963267948966"/>
</celldesigner:speciesAlias>
<celldesigner:speciesAlias id="sa35" species="s27">
<celldesigner:activity>inactive</celldesigner:activity>
<celldesigner:bounds x="35.0" y="338.0" w="80.0" h="40.0"/>
<celldesigner:view state="usual"/>
<celldesigner:usualView>
<celldesigner:innerPosition x="0.0" y="0.0"/>
<celldesigner:boxSize width="80.0" height="40.0"/>
<celldesigner:singleLine width="1.0"/>
<celldesigner:paint color="ffccffcc" scheme="Color"/>
</celldesigner:usualView>
<celldesigner:briefView>
<celldesigner:innerPosition x="0.0" y="0.0"/>
<celldesigner:boxSize width="80.0" height="60.0"/>
<celldesigner:singleLine width="1.0"/>
<celldesigner:paint color="3fff0000" scheme="Color"/>
</celldesigner:briefView>
<celldesigner:info state="empty" angle="-1.5707963267948966"/>
</celldesigner:speciesAlias>
<celldesigner:speciesAlias id="sa55" species="s54" complexSpeciesAlias="csa5">
<celldesigner:activity>inactive</celldesigner:activity>
<celldesigner:bounds x="199.0" y="172.0" w="80.0" h="40.0"/>
<celldesigner:view state="usual"/>
<celldesigner:usualView>
<celldesigner:innerPosition x="11.0" y="15.0"/>
<celldesigner:boxSize width="80.0" height="40.0"/>
<celldesigner:singleLine width="1.0"/>
<celldesigner:paint color="ffccffcc" scheme="Color"/>
</celldesigner:usualView>
<celldesigner:briefView>
<celldesigner:innerPosition x="0.0" y="0.0"/>
<celldesigner:boxSize width="80.0" height="60.0"/>
<celldesigner:singleLine width="1.0"/>
<celldesigner:paint color="3fff0000" scheme="Color"/>
</celldesigner:briefView>
<celldesigner:info state="empty" angle="-1.5707963267948966"/>
</celldesigner:speciesAlias>
<celldesigner:speciesAlias id="sa60" species="s57" complexSpeciesAlias="csa6">
<celldesigner:activity>inactive</celldesigner:activity>
<celldesigner:bounds x="385.0" y="318.0" w="80.0" h="40.0"/>
<celldesigner:view state="usual"/>
<celldesigner:usualView>
<celldesigner:innerPosition x="12.0" y="65.0"/>
<celldesigner:boxSize width="80.0" height="40.0"/>
<celldesigner:singleLine width="1.0"/>
<celldesigner:paint color="ffccffcc" scheme="Color"/>
</celldesigner:usualView>
<celldesigner:briefView>
<celldesigner:innerPosition x="0.0" y="0.0"/>
<celldesigner:boxSize width="80.0" height="60.0"/>
<celldesigner:singleLine width="1.0"/>
<celldesigner:paint color="3fff0000" scheme="Color"/>
</celldesigner:briefView>
<celldesigner:info state="empty" angle="-1.5707963267948966"/>
</celldesigner:speciesAlias>
<celldesigner:speciesAlias id="sa62" species="s59">
<celldesigner:activity>inactive</celldesigner:activity>
<celldesigner:bounds x="97.0" y="426.0" w="156.0" h="81.0"/>
<celldesigner:view state="usual"/>
<celldesigner:usualView>
<celldesigner:innerPosition x="0.0" y="0.0"/>
<celldesigner:boxSize width="156.0" height="81.0"/>
<celldesigner:singleLine width="1.0"/>
<celldesigner:paint color="ffccffcc" scheme="Color"/>
</celldesigner:usualView>
<celldesigner:briefView>
<celldesigner:innerPosition x="0.0" y="0.0"/>
<celldesigner:boxSize width="80.0" height="60.0"/>
<celldesigner:singleLine width="1.0"/>
<celldesigner:paint color="3fff0000" scheme="Color"/>
</celldesigner:briefView>
<celldesigner:info state="empty" angle="-1.5707963267948966"/>
</celldesigner:speciesAlias>
</celldesigner:listOfSpeciesAliases>
<celldesigner:listOfGroups/>
<celldesigner:listOfProteins>
<celldesigner:protein id="pr12" name="Calmodulin" type="GENERIC"/>
<celldesigner:protein id="pr10" name="CaMKII" type="GENERIC"/>
<celldesigner:protein id="pr14" name="AMPA" type="ION_CHANNEL"/>
<celldesigner:protein id="pr15" name="PP2B" type="GENERIC"/>
<celldesigner:protein id="pr19" name="PP1" type="GENERIC"/>
<celldesigner:protein id="pr21" name="DARPP-32" type="GENERIC">
<celldesigner:listOfModificationResidues>
<celldesigner:modificationResidue angle="1.6288423449042104" id="rs1" name="Thr34" side="none"/>
<celldesigner:modificationResidue angle="4.599199245071528" id="rs2" name="Ser102" side="none"/>
<celldesigner:modificationResidue angle="3.14" id="rs3" name="Thr75" side="none"/>
<celldesigner:modificationResidue angle="0.0" id="rs4" name="Ser107" side="none"/>
</celldesigner:listOfModificationResidues>
</celldesigner:protein>
</celldesigner:listOfProteins>
<celldesigner:listOfGenes/>
<celldesigner:listOfRNAs/>
<celldesigner:listOfAntisenseRNAs/>
<celldesigner:listOfLayers>
<celldesigner:layer id="1" name="Text" locked="false" visible="true">
<celldesigner:listOfTexts>
<celldesigner:layerSpeciesAlias targetType="reaction" targetId="re22" x="426.0" y="125.0">
<celldesigner:layerNotes>
Increase of AMPA weight is the result of the activity of the CamKII
</celldesigner:layerNotes>
<celldesigner:bounds x="500.0" y="80.0" w="164.0" h="69.0"/>
<celldesigner:paint color="ff000000"/>
<celldesigner:font size="11"/>
</celldesigner:layerSpeciesAlias>
<celldesigner:layerSpeciesAlias targetType="reaction" targetId="re13" x="169.0" y="394.0">
<celldesigner:layerNotes>
Dopamine release activate the 
phosphatase on the in Thr 34 
through cAMP
Dopamine is going to increase 
the importance of this spine in 
the contribution of weight of the 
AMPAr
This is the Fernandez Model Part
</celldesigner:layerNotes>
<celldesigner:bounds x="277.0" y="415.0" w="221.0" h="147.0"/>
<celldesigner:paint color="ff000000"/>
<celldesigner:font size="11"/>
</celldesigner:layerSpeciesAlias>
</celldesigner:listOfTexts>
</celldesigner:layer>
</celldesigner:listOfLayers>
<celldesigner:listOfBlockDiagrams>
<celldesigner:blockDiagram protein="pr15">
<celldesigner:canvas height="271" width="476"/>
<celldesigner:block height="90" nameOffsetX="-15.0" nameOffsetY="-8.0" width="140" x="100" y="50"/>
<celldesigner:halo height="160" width="200" x="70" y="20"/>
<celldesigner:listOfResiduesInBlockDiagram>
<celldesigner:residueInBlockDiagram id="0" offsetX="-68.0" type="phosphorylated"/>
</celldesigner:listOfResiduesInBlockDiagram>
<celldesigner:listOfExternalNamesForResidue/>
<celldesigner:listOfBindingSitesInBlockDiagram/>
<celldesigner:listOfEffectSitesInBlockDiagram>
<celldesigner:effectSiteInBlockDiagram id="0" name="PP1" nameOffsetX="13.0" nameOffsetY="0.0" offsetX="0.0" offsetY="0.0" reaction="re13" species="s22">
<celldesigner:effectInBlockDiagram type="CATALYSIS">
<celldesigner:effectTargetInBlockDiagram protein="pr19"/>
</celldesigner:effectInBlockDiagram>
</celldesigner:effectSiteInBlockDiagram>
</celldesigner:listOfEffectSitesInBlockDiagram>
<celldesigner:listOfInternalOperatorsInBlockDiagram/>
<celldesigner:listOfInternalLinksInBlockDiagram/>
</celldesigner:blockDiagram>
</celldesigner:listOfBlockDiagrams>
</celldesigner:extension>
</annotation>
<listOfUnitDefinitions>
<unitDefinition id="substance" name="substance">
<listOfUnits>
<unit kind="mole"/>
</listOfUnits>
</unitDefinition>
<unitDefinition id="volume" name="volume">
<listOfUnits>
<unit kind="litre"/>
</listOfUnits>
</unitDefinition>
<unitDefinition id="area" name="area">
<listOfUnits>
<unit kind="metre" exponent="2"/>
</listOfUnits>
</unitDefinition>
<unitDefinition id="length" name="length">
<listOfUnits>
<unit kind="metre"/>
</listOfUnits>
</unitDefinition>
<unitDefinition id="time" name="time">
<listOfUnits>
<unit kind="second"/>
</listOfUnits>
</unitDefinition>
</listOfUnitDefinitions>
<listOfCompartments>
<compartment id="default" size="1" units="volume"/>
</listOfCompartments>
<listOfSpecies>
<species id="s4" name="Ca" compartment="default" initialAmount="0">
<annotation>
<celldesigner:extension>
<celldesigner:positionToCompartment>inside</celldesigner:positionToCompartment>
<celldesigner:speciesIdentity>
<celldesigner:class>ION</celldesigner:class>
<celldesigner:name>Ca</celldesigner:name>
</celldesigner:speciesIdentity>
<celldesigner:listOfCatalyzedReactions>
<celldesigner:catalyzed reaction="re9"/>
</celldesigner:listOfCatalyzedReactions>
</celldesigner:extension>
</annotation>
</species>
<species id="s17" name="Calmodulin" compartment="default" initialAmount="0">
<annotation>
<celldesigner:extension>
<celldesigner:positionToCompartment>inside</celldesigner:positionToCompartment>
<celldesigner:speciesIdentity>
<celldesigner:class>PROTEIN</celldesigner:class>
<celldesigner:proteinReference>pr12</celldesigner:proteinReference>
</celldesigner:speciesIdentity>
</celldesigner:extension>
</annotation>
</species>
<species id="s18" name="CaMKII" compartment="default" initialAmount="0">
<annotation>
<celldesigner:extension>
<celldesigner:positionToCompartment>inside</celldesigner:positionToCompartment>
<celldesigner:speciesIdentity>
<celldesigner:class>PROTEIN</celldesigner:class>
<celldesigner:proteinReference>pr10</celldesigner:proteinReference>
</celldesigner:speciesIdentity>
</celldesigner:extension>
</annotation>
</species>
<species id="s19" name="AMPA" compartment="default" initialAmount="0">
<annotation>
<celldesigner:extension>
<celldesigner:positionToCompartment>inside</celldesigner:positionToCompartment>
<celldesigner:speciesIdentity>
<celldesigner:class>PROTEIN</celldesigner:class>
<celldesigner:proteinReference>pr14</celldesigner:proteinReference>
</celldesigner:speciesIdentity>
</celldesigner:extension>
</annotation>
</species>
<species id="s22" name="PP2B" compartment="default" initialAmount="0">
<annotation>
<celldesigner:extension>
<celldesigner:positionToCompartment>inside</celldesigner:positionToCompartment>
<celldesigner:speciesIdentity>
<celldesigner:class>PROTEIN</celldesigner:class>
<celldesigner:proteinReference>pr15</celldesigner:proteinReference>
</celldesigner:speciesIdentity>
</celldesigner:extension>
</annotation>
</species>
<species id="s27" name="PP1" compartment="default" initialAmount="0">
<annotation>
<celldesigner:extension>
<celldesigner:positionToCompartment>inside</celldesigner:positionToCompartment>
<celldesigner:speciesIdentity>
<celldesigner:class>PROTEIN</celldesigner:class>
<celldesigner:proteinReference>pr19</celldesigner:proteinReference>
</celldesigner:speciesIdentity>
<celldesigner:listOfCatalyzedReactions>
<celldesigner:catalyzed reaction="re22"/>
</celldesigner:listOfCatalyzedReactions>
</celldesigner:extension>
</annotation>
</species>
<species id="s52" name="s52" compartment="default" initialAmount="0">
<annotation>
<celldesigner:extension>
<celldesigner:positionToCompartment>inside</celldesigner:positionToCompartment>
<celldesigner:speciesIdentity>
<celldesigner:class>COMPLEX</celldesigner:class>
<celldesigner:name>s52</celldesigner:name>
</celldesigner:speciesIdentity>
<celldesigner:listOfCatalyzedReactions>
<celldesigner:catalyzed reaction="re13"/>
</celldesigner:listOfCatalyzedReactions>
</celldesigner:extension>
</annotation>
</species>
<species id="s55" name="s55" compartment="default" initialAmount="0">
<annotation>
<celldesigner:extension>
<celldesigner:positionToCompartment>inside</celldesigner:positionToCompartment>
<celldesigner:speciesIdentity>
<celldesigner:class>COMPLEX</celldesigner:class>
<celldesigner:name>s55</celldesigner:name>
</celldesigner:speciesIdentity>
<celldesigner:listOfCatalyzedReactions>
<celldesigner:catalyzed reaction="re10"/>
</celldesigner:listOfCatalyzedReactions>
</celldesigner:extension>
</annotation>
</species>
<species id="s59" name="DARPP-32" compartment="default" initialAmount="0">
<annotation>
<celldesigner:extension>
<celldesigner:positionToCompartment>inside</celldesigner:positionToCompartment>
<celldesigner:speciesIdentity>
<celldesigner:class>PROTEIN</celldesigner:class>
<celldesigner:proteinReference>pr21</celldesigner:proteinReference>
<celldesigner:state>
<celldesigner:listOfModifications>
<celldesigner:modification residue="rs1" state="phosphorylated"/>
<celldesigner:modification residue="rs2" state="phosphorylated"/>
<celldesigner:modification residue="rs3" state="phosphorylated"/>
<celldesigner:modification residue="rs4" state="phosphorylated"/>
</celldesigner:listOfModifications>
</celldesigner:state>
</celldesigner:speciesIdentity>
<celldesigner:listOfCatalyzedReactions>
<celldesigner:catalyzed reaction="re13"/>
</celldesigner:listOfCatalyzedReactions>
</celldesigner:extension>
</annotation>
</species>
</listOfSpecies>
<listOfReactions>
<reaction id="re9" reversible="false">
<annotation>
<celldesigner:extension>
<celldesigner:reactionType>STATE_TRANSITION</celldesigner:reactionType>
<celldesigner:baseReactants>
<celldesigner:baseReactant species="s17" alias="sa18">
<celldesigner:linkAnchor position="S"/>
</celldesigner:baseReactant>
</celldesigner:baseReactants>
<celldesigner:baseProducts>
<celldesigner:baseProduct species="s17" alias="sa19">
<celldesigner:linkAnchor position="N"/>
</celldesigner:baseProduct>
</celldesigner:baseProducts>
<celldesigner:connectScheme connectPolicy="direct" rectangleIndex="0">
<celldesigner:listOfLineDirection>
<celldesigner:lineDirection index="0" value="unknown"/>
</celldesigner:listOfLineDirection>
</celldesigner:connectScheme>
<celldesigner:line width="1.0" color="ff000000"/>
<celldesigner:listOfModification>
<celldesigner:modification type="PHYSICAL_STIMULATION" modifiers="s4" aliases="sa4" targetLineIndex="-1,3">
<celldesigner:connectScheme connectPolicy="direct">
<celldesigner:listOfLineDirection>
<celldesigner:lineDirection index="0" value="unknown"/>
</celldesigner:listOfLineDirection>
</celldesigner:connectScheme>
<celldesigner:linkTarget species="s4" alias="sa4">
<celldesigner:linkAnchor position="ESE"/>
</celldesigner:linkTarget>
<celldesigner:line width="1.0" color="ff000000"/>
</celldesigner:modification>
</celldesigner:listOfModification>
</celldesigner:extension>
</annotation>
<listOfReactants>
<speciesReference species="s17">
<annotation>
<celldesigner:extension>
<celldesigner:alias>sa18</celldesigner:alias>
</celldesigner:extension>
</annotation>
</speciesReference>
</listOfReactants>
<listOfProducts>
<speciesReference species="s17">
<annotation>
<celldesigner:extension>
<celldesigner:alias>sa19</celldesigner:alias>
</celldesigner:extension>
</annotation>
</speciesReference>
</listOfProducts>
<listOfModifiers>
<modifierSpeciesReference species="s4">
<annotation>
<celldesigner:extension>
<celldesigner:alias>sa4</celldesigner:alias>
</celldesigner:extension>
</annotation>
</modifierSpeciesReference>
</listOfModifiers>
</reaction>
<reaction id="re10" reversible="false">
<annotation>
<celldesigner:extension>
<celldesigner:reactionType>STATE_TRANSITION</celldesigner:reactionType>
<celldesigner:baseReactants>
<celldesigner:baseReactant species="s19" alias="sa21">
<celldesigner:linkAnchor position="S"/>
</celldesigner:baseReactant>
</celldesigner:baseReactants>
<celldesigner:baseProducts>
<celldesigner:baseProduct species="s19" alias="sa23">
<celldesigner:linkAnchor position="N"/>
</celldesigner:baseProduct>
</celldesigner:baseProducts>
<celldesigner:connectScheme connectPolicy="direct" rectangleIndex="0">
<celldesigner:listOfLineDirection>
<celldesigner:lineDirection index="0" value="unknown"/>
</celldesigner:listOfLineDirection>
</celldesigner:connectScheme>
<celldesigner:line width="1.0" color="ff000000"/>
<celldesigner:listOfModification>
<celldesigner:modification type="MODULATION" modifiers="s55" aliases="csa6" targetLineIndex="-1,3">
<celldesigner:connectScheme connectPolicy="direct">
<celldesigner:listOfLineDirection>
<celldesigner:lineDirection index="0" value="unknown"/>
</celldesigner:listOfLineDirection>
</celldesigner:connectScheme>
<celldesigner:linkTarget species="s55" alias="csa6">
<celldesigner:linkAnchor position="ENE"/>
</celldesigner:linkTarget>
<celldesigner:line width="1.0" color="ff000000"/>
</celldesigner:modification>
</celldesigner:listOfModification>
</celldesigner:extension>
</annotation>
<listOfReactants>
<speciesReference species="s19">
<annotation>
<celldesigner:extension>
<celldesigner:alias>sa21</celldesigner:alias>
</celldesigner:extension>
</annotation>
</speciesReference>
</listOfReactants>
<listOfProducts>
<speciesReference species="s19">
<annotation>
<celldesigner:extension>
<celldesigner:alias>sa23</celldesigner:alias>
</celldesigner:extension>
</annotation>
</speciesReference>
</listOfProducts>
<listOfModifiers>
<modifierSpeciesReference species="s55">
<annotation>
<celldesigner:extension>
<celldesigner:alias>csa6</celldesigner:alias>
</celldesigner:extension>
</annotation>
</modifierSpeciesReference>
</listOfModifiers>
</reaction>
<reaction id="re13" reversible="false">
<annotation>
<celldesigner:extension>
<celldesigner:reactionType>STATE_TRANSITION</celldesigner:reactionType>
<celldesigner:baseReactants>
<celldesigner:baseReactant species="s27" alias="sa35">
<celldesigner:linkAnchor position="E"/>
</celldesigner:baseReactant>
</celldesigner:baseReactants>
<celldesigner:baseProducts>
<celldesigner:baseProduct species="s27" alias="sa36">
<celldesigner:linkAnchor position="W"/>
</celldesigner:baseProduct>
</celldesigner:baseProducts>
<celldesigner:connectScheme connectPolicy="direct" rectangleIndex="0">
<celldesigner:listOfLineDirection>
<celldesigner:lineDirection index="0" value="unknown"/>
</celldesigner:listOfLineDirection>
</celldesigner:connectScheme>
<celldesigner:line width="1.0" color="ff000000"/>
<celldesigner:listOfModification>
<celldesigner:modification type="CATALYSIS" modifiers="s52" aliases="csa5" targetLineIndex="-1,5">
<celldesigner:connectScheme connectPolicy="direct">
<celldesigner:listOfLineDirection>
<celldesigner:lineDirection index="0" value="unknown"/>
</celldesigner:listOfLineDirection>
</celldesigner:connectScheme>
<celldesigner:linkTarget species="s52" alias="csa5">
<celldesigner:linkAnchor position="SSW"/>
</celldesigner:linkTarget>
<celldesigner:line width="1.0" color="ff000000"/>
</celldesigner:modification>
<celldesigner:modification type="INHIBITION" modifiers="s59" aliases="sa62" targetLineIndex="-1,3">
<celldesigner:connectScheme connectPolicy="direct">
<celldesigner:listOfLineDirection>
<celldesigner:lineDirection index="0" value="unknown"/>
</celldesigner:listOfLineDirection>
</celldesigner:connectScheme>
<celldesigner:linkTarget species="s59" alias="sa62">
<celldesigner:linkAnchor position="N"/>
</celldesigner:linkTarget>
<celldesigner:line width="1.0" color="ff000000"/>
</celldesigner:modification>
</celldesigner:listOfModification>
</celldesigner:extension>
</annotation>
<listOfReactants>
<speciesReference species="s27">
<annotation>
<celldesigner:extension>
<celldesigner:alias>sa35</celldesigner:alias>
</celldesigner:extension>
</annotation>
</speciesReference>
</listOfReactants>
<listOfProducts>
<speciesReference species="s27">
<annotation>
<celldesigner:extension>
<celldesigner:alias>sa36</celldesigner:alias>
</celldesigner:extension>
</annotation>
</speciesReference>
</listOfProducts>
<listOfModifiers>
<modifierSpeciesReference species="s52">
<annotation>
<celldesigner:extension>
<celldesigner:alias>csa5</celldesigner:alias>
</celldesigner:extension>
</annotation>
</modifierSpeciesReference>
<modifierSpeciesReference species="s59">
<annotation>
<celldesigner:extension>
<celldesigner:alias>sa62</celldesigner:alias>
</celldesigner:extension>
</annotation>
</modifierSpeciesReference>
</listOfModifiers>
</reaction>
<reaction id="re20" reversible="false">
<annotation>
<celldesigner:extension>
<celldesigner:reactionType>HETERODIMER_ASSOCIATION</celldesigner:reactionType>
<celldesigner:baseReactants>
<celldesigner:baseReactant species="s17" alias="sa19">
<celldesigner:linkAnchor position="S"/>
</celldesigner:baseReactant>
<celldesigner:baseReactant species="s22" alias="sa29">
<celldesigner:linkAnchor position="E"/>
</celldesigner:baseReactant>
</celldesigner:baseReactants>
<celldesigner:baseProducts>
<celldesigner:baseProduct species="s52" alias="csa5">
<celldesigner:linkAnchor position="W"/>
</celldesigner:baseProduct>
</celldesigner:baseProducts>
<celldesigner:connectScheme connectPolicy="direct">
<celldesigner:listOfLineDirection>
<celldesigner:lineDirection arm="0" index="0" value="unknown"/>
<celldesigner:lineDirection arm="1" index="0" value="unknown"/>
<celldesigner:lineDirection arm="2" index="0" value="unknown"/>
</celldesigner:listOfLineDirection>
</celldesigner:connectScheme>
<celldesigner:editPoints num0="0" num1="0" num2="0" tShapeIndex="0">0.5384615384615389,0.4038461538461533</celldesigner:editPoints>
<celldesigner:line width="1.0" color="ff000000"/>
</celldesigner:extension>
</annotation>
<listOfReactants>
<speciesReference species="s17">
<annotation>
<celldesigner:extension>
<celldesigner:alias>sa19</celldesigner:alias>
</celldesigner:extension>
</annotation>
</speciesReference>
<speciesReference species="s22">
<annotation>
<celldesigner:extension>
<celldesigner:alias>sa29</celldesigner:alias>
</celldesigner:extension>
</annotation>
</speciesReference>
</listOfReactants>
<listOfProducts>
<speciesReference species="s52">
<annotation>
<celldesigner:extension>
<celldesigner:alias>csa5</celldesigner:alias>
</celldesigner:extension>
</annotation>
</speciesReference>
</listOfProducts>
</reaction>
<reaction id="re22" reversible="false">
<annotation>
<celldesigner:extension>
<celldesigner:reactionType>HETERODIMER_ASSOCIATION</celldesigner:reactionType>
<celldesigner:baseReactants>
<celldesigner:baseReactant species="s17" alias="sa19">
<celldesigner:linkAnchor position="ENE"/>
</celldesigner:baseReactant>
<celldesigner:baseReactant species="s18" alias="sa15">
<celldesigner:linkAnchor position="S"/>
</celldesigner:baseReactant>
</celldesigner:baseReactants>
<celldesigner:baseProducts>
<celldesigner:baseProduct species="s55" alias="csa6">
<celldesigner:linkAnchor position="N"/>
</celldesigner:baseProduct>
</celldesigner:baseProducts>
<celldesigner:connectScheme connectPolicy="direct">
<celldesigner:listOfLineDirection>
<celldesigner:lineDirection arm="0" index="0" value="unknown"/>
<celldesigner:lineDirection arm="1" index="0" value="unknown"/>
<celldesigner:lineDirection arm="2" index="0" value="unknown"/>
</celldesigner:listOfLineDirection>
</celldesigner:connectScheme>
<celldesigner:editPoints num0="0" num1="0" num2="0" tShapeIndex="0">0.7146878856437684,0.2809157754010697</celldesigner:editPoints>
<celldesigner:line width="1.0" color="ff000000"/>
<celldesigner:listOfModification>
<celldesigner:modification type="INHIBITION" modifiers="s27" aliases="sa36" targetLineIndex="2,3">
<celldesigner:connectScheme connectPolicy="direct">
<celldesigner:listOfLineDirection>
<celldesigner:lineDirection index="0" value="unknown"/>
</celldesigner:listOfLineDirection>
</celldesigner:connectScheme>
<celldesigner:linkTarget species="s27" alias="sa36">
<celldesigner:linkAnchor position="N"/>
</celldesigner:linkTarget>
<celldesigner:line width="1.0" color="ff000000"/>
</celldesigner:modification>
</celldesigner:listOfModification>
</celldesigner:extension>
</annotation>
<listOfReactants>
<speciesReference species="s17">
<annotation>
<celldesigner:extension>
<celldesigner:alias>sa19</celldesigner:alias>
</celldesigner:extension>
</annotation>
</speciesReference>
<speciesReference species="s18">
<annotation>
<celldesigner:extension>
<celldesigner:alias>sa15</celldesigner:alias>
</celldesigner:extension>
</annotation>
</speciesReference>
</listOfReactants>
<listOfProducts>
<speciesReference species="s55">
<annotation>
<celldesigner:extension>
<celldesigner:alias>csa6</celldesigner:alias>
</celldesigner:extension>
</annotation>
</speciesReference>
</listOfProducts>
<listOfModifiers>
<modifierSpeciesReference species="s27">
<annotation>
<celldesigner:extension>
<celldesigner:alias>sa36</celldesigner:alias>
</celldesigner:extension>
</annotation>
</modifierSpeciesReference>
</listOfModifiers>
</reaction>
</listOfReactions>
</model>
</sbml>
