<xml xmlns:o="urn:schemas-microsoft-com:office:office">
 <o:MainFile HRef="../NeuroMorphology%20text.html"/>
 <o:File HRef="image001.gif"/>
 <o:File HRef="image002.jpg"/>
 <o:File HRef="image003.gif"/>
 <o:File HRef="image004.gif"/>
 <o:File HRef="image005.jpg"/>
 <o:File HRef="image006.gif"/>
 <o:File HRef="image007.jpg"/>
 <o:File HRef="image008.gif"/>
 <o:File HRef="image009.gif"/>
 <o:File HRef="image010.gif"/>
 <o:File HRef="image011.gif"/>
 <o:File HRef="filelist.xml"/>
</xml>