<CellMorphology id="428883">
   <Point id="1" x="0.000" y="0.000" z="0.000" r="3.221" label="soma"/>
   <Point id="2" x="-2.930" y="25.910" z="-6.870" r="1.800" label="soma" parent="1"/>
   <Point id="272" x="4.170" y="27.630" z="-6.190" r="1.575" label="soma" parent="1"/>
   <Point id="3" x="-2.670" y="24.810" z="-5.860" r="1.575" label="soma" parent="2"/>
   <Point id="273" x="5.490" y="32.140" z="-5.700" r="1.350" label="soma" parent="272"/>
   <Point id="4" x="-5.050" y="29.760" z="-6.540" r="1.125" parent="3"/>
   <Point id="94" x="-5.440" y="33.790" z="-9.670" r="1.125" parent="3"/>
   <Point id="274" x="6.280" y="34.620" z="-8.100" r="1.125" parent="273"/>
   <Point id="5" x="-9.020" y="37.650" z="-9.160" r="1.125" parent="4"/>
   <Point id="95" x="-7.030" y="40.100" z="-11.780" r="1.125" parent="94"/>
   <Point id="275" x="12.110" y="46.330" z="-10.180" r="1.125" parent="274"/>
   <Point id="392" x="2.690" y="49.870" z="-8.410" r="0.900" parent="274"/>
   <Point id="6" x="-12.910" y="42.100" z="-9.160" r="1.125" parent="5"/>
   <Point id="96" x="-9.150" y="46.180" z="-14.420" r="1.125" parent="95"/>
   <Point id="276" x="16.640" y="65.320" z="-10.910" r="1.125" parent="275"/>
   <Point id="393" x="-0.220" y="58.880" z="-9.730" r="0.900" parent="392"/>
   <Point id="7" x="-16.680" y="46.630" z="-12.380" r="1.125" parent="6"/>
   <Point id="97" x="-11.380" y="53.180" z="-16.820" r="1.125" parent="96"/>
   <Point id="277" x="16.800" y="75.790" z="-10.850" r="1.125" parent="276"/>
   <Point id="394" x="-3.380" y="71.190" z="-9.730" r="0.900" parent="393"/>
   <Point id="8" x="-20.920" y="50.690" z="-12.380" r="1.125" parent="7"/>
   <Point id="98" x="-11.120" y="57.240" z="-17.930" r="1.350" parent="97"/>
   <Point id="278" x="17.060" y="83.000" z="-8.410" r="1.125" parent="277"/>
   <Point id="395" x="-4.970" y="79.750" z="-9.730" r="0.900" parent="394"/>
   <Point id="9" x="-24.360" y="57.220" z="-12.380" r="1.125" parent="8"/>
   <Point id="99" x="-11.120" y="59.270" z="-20.030" r="1.350" parent="98"/>
   <Point id="279" x="18.650" y="92.010" z="-4.130" r="1.125" parent="278"/>
   <Point id="396" x="-9.900" y="90.610" z="-9.730" r="0.900" parent="395"/>
   <Point id="10" x="-26.750" y="63.530" z="-12.380" r="1.125" parent="9"/>
   <Point id="100" x="-17.740" y="68.730" z="-20.030" r="1.125" parent="99"/>
   <Point id="186" x="-7.690" y="67.490" z="-22.700" r="1.125" parent="99"/>
   <Point id="280" x="17.280" y="96.530" z="-4.130" r="1.125" parent="279"/>
   <Point id="397" x="-14.130" y="98.720" z="-9.730" r="0.900" parent="396"/>
   <Point id="11" x="-30.640" y="70.160" z="-12.380" r="1.125" parent="10"/>
   <Point id="101" x="-23.360" y="75.310" z="-20.030" r="1.125" parent="100"/>
   <Point id="187" x="-6.630" y="77.850" z="-23.680" r="1.125" parent="186"/>
   <Point id="281" x="20.190" y="106.440" z="-4.130" r="1.125" parent="280"/>
   <Point id="398" x="-21.410" y="110.510" z="-11.890" r="0.900" parent="397"/>
   <Point id="12" x="-34.570" y="74.450" z="-14.680" r="0.900" parent="11"/>
   <Point id="102" x="-25.740" y="80.490" z="-20.030" r="1.125" parent="101"/>
   <Point id="188" x="-7.460" y="86.360" z="-28.220" r="1.125" parent="187"/>
   <Point id="282" x="22.570" y="113.880" z="-4.130" r="1.125" parent="281"/>
   <Point id="399" x="-23.800" y="119.070" z="-11.890" r="0.900" parent="398"/>
   <Point id="13" x="-41.460" y="77.860" z="-14.680" r="1.125" parent="12"/>
   <Point id="103" x="-27.330" y="87.920" z="-20.030" r="1.125" parent="102"/>
   <Point id="189" x="-8.250" y="93.120" z="-30.760" r="1.125" parent="188"/>
   <Point id="283" x="22.010" y="112.470" z="-0.290" r="1.125" parent="282"/>
   <Point id="400" x="-26.710" y="130.010" z="-9.940" r="0.900" parent="399"/>
   <Point id="14" x="-49.400" y="87.320" z="-14.680" r="1.125" parent="13"/>
   <Point id="104" x="-29.780" y="96.530" z="-20.030" r="1.125" parent="103"/>
   <Point id="190" x="-8.520" y="96.270" z="-30.020" r="1.125" parent="189"/>
   <Point id="284" x="25.710" y="125.990" z="3.600" r="1.125" parent="283"/>
   <Point id="323" x="24.320" y="125.420" z="-3.920" r="1.125" parent="283"/>
   <Point id="401" x="-28.570" y="137.220" z="-9.940" r="0.900" parent="400"/>
   <Point id="15" x="-53.640" y="94.530" z="-14.680" r="1.125" parent="14"/>
   <Point id="105" x="-33.490" y="105.550" z="-19.960" r="1.125" parent="104"/>
   <Point id="191" x="-8.660" y="97.800" z="-30.020" r="1.125" parent="190"/>
   <Point id="285" x="27.570" y="134.320" z="8.500" r="1.125" parent="284"/>
   <Point id="324" x="23.790" y="133.300" z="-3.920" r="1.125" parent="323"/>
   <Point id="402" x="-35.190" y="152.990" z="-7.940" r="0.900" parent="401"/>
   <Point id="16" x="-59.490" y="104.760" z="-14.680" r="1.125" parent="15"/>
   <Point id="106" x="-37.730" y="114.560" z="-20.820" r="1.125" parent="105"/>
   <Point id="192" x="-4.960" y="107.490" z="-32.890" r="1.125" parent="191"/>
   <Point id="236" x="-11.780" y="107.210" z="-34.560" r="1.125" parent="191"/>
   <Point id="286" x="30.180" y="139.580" z="8.500" r="1.125" parent="285"/>
   <Point id="325" x="24.790" y="144.010" z="-4.510" r="1.125" parent="324"/>
   <Point id="403" x="-43.010" y="165.420" z="-7.940" r="0.900" parent="402"/>
   <Point id="17" x="-63.990" y="112.200" z="-14.680" r="1.125" parent="16"/>
   <Point id="107" x="-43.160" y="121.860" z="-20.820" r="1.125" parent="106"/>
   <Point id="193" x="-4.960" y="120.550" z="-33.390" r="1.125" parent="192"/>
   <Point id="237" x="-15.220" y="115.320" z="-37.240" r="0.900" parent="236"/>
   <Point id="287" x="31.240" y="150.390" z="12.010" r="1.125" parent="286"/>
   <Point id="326" x="26.910" y="151.220" z="-4.510" r="1.125" parent="325"/>
   <Point id="404" x="-50.160" y="178.030" z="-7.940" r="0.900" parent="403"/>
   <Point id="18" x="-68.490" y="119.400" z="-14.680" r="1.125" parent="17"/>
   <Point id="108" x="-44.480" y="124.790" z="-21.610" r="1.125" parent="107"/>
   <Point id="194" x="-5.060" y="134.570" z="-38.250" r="1.125" parent="193"/>
   <Point id="238" x="-20.500" y="123.530" z="-39.980" r="0.900" parent="237"/>
   <Point id="288" x="32.300" y="158.050" z="13.620" r="1.125" parent="287"/>
   <Point id="327" x="30.090" y="162.940" z="-4.920" r="1.125" parent="326"/>
   <Point id="405" x="-55.030" y="189.460" z="-7.940" r="0.900" parent="404"/>
   <Point id="19" x="-71.380" y="121.880" z="-13.580" r="1.125" parent="18"/>
   <Point id="109" x="-49.250" y="138.300" z="-21.610" r="1.125" parent="108"/>
   <Point id="160" x="-52.670" y="136.990" z="-23.620" r="0.900" parent="108"/>
   <Point id="195" x="-4.540" y="142.450" z="-38.250" r="1.125" parent="194"/>
   <Point id="239" x="-25.260" y="132.770" z="-42.130" r="0.900" parent="238"/>
   <Point id="289" x="33.660" y="165.630" z="17.620" r="1.125" parent="288"/>
   <Point id="328" x="31.260" y="172.740" z="-4.920" r="1.125" parent="327"/>
   <Point id="406" x="-59.800" y="199.600" z="-9.300" r="0.900" parent="405"/>
   <Point id="20" x="-72.170" y="123.450" z="-15.350" r="1.125" parent="19"/>
   <Point id="110" x="-50.590" y="143.130" z="-23.180" r="1.125" parent="109"/>
   <Point id="161" x="-60.090" y="145.320" z="-23.620" r="0.900" parent="160"/>
   <Point id="196" x="-4.070" y="151.660" z="-41.170" r="1.125" parent="195"/>
   <Point id="240" x="-29.230" y="138.850" z="-45.290" r="0.900" parent="239"/>
   <Point id="290" x="33.390" y="168.810" z="17.620" r="1.125" parent="289"/>
   <Point id="329" x="32.320" y="182.650" z="-4.920" r="1.125" parent="328"/>
   <Point id="407" x="-63.510" y="206.130" z="-9.300" r="0.900" parent="406"/>
   <Point id="21" x="-75.880" y="131.560" z="-15.350" r="0.900" parent="20"/>
   <Point id="58" x="-80.670" y="135.120" z="-17.200" r="0.900" parent="20"/>
   <Point id="111" x="-50.850" y="144.480" z="-22.660" r="1.125" parent="110"/>
   <Point id="162" x="-67.210" y="150.610" z="-23.620" r="0.900" parent="161"/>
   <Point id="197" x="-5.130" y="161.570" z="-44.320" r="1.125" parent="196"/>
   <Point id="241" x="-32.910" y="146.630" z="-45.290" r="0.900" parent="240"/>
   <Point id="291" x="37.100" y="180.750" z="19.150" r="1.125" parent="290"/>
   <Point id="330" x="32.600" y="188.060" z="-4.920" r="1.125" parent="329"/>
   <Point id="408" x="-64.570" y="211.540" z="-9.300" r="0.900" parent="407"/>
   <Point id="22" x="-79.590" y="141.700" z="-13.360" r="0.900" parent="21"/>
   <Point id="59" x="-83.850" y="141.200" z="-18.740" r="0.900" parent="58"/>
   <Point id="112" x="-54.830" y="153.490" z="-25.380" r="0.900" parent="111"/>
   <Point id="136" x="-51.130" y="153.390" z="-22.660" r="0.900" parent="111"/>
   <Point id="163" x="-73.570" y="158.040" z="-27.230" r="0.900" parent="162"/>
   <Point id="198" x="-5.000" y="170.860" z="-44.320" r="1.125" parent="197"/>
   <Point id="242" x="-37.140" y="154.290" z="-45.400" r="0.900" parent="241"/>
   <Point id="292" x="38.520" y="192.290" z="22.420" r="1.125" parent="291"/>
   <Point id="331" x="32.600" y="190.530" z="-4.920" r="1.125" parent="330"/>
   <Point id="409" x="-65.100" y="218.750" z="-9.300" r="0.900" parent="408"/>
   <Point id="23" x="-85.830" y="151.330" z="-12.620" r="0.900" parent="22"/>
   <Point id="60" x="-85.980" y="145.050" z="-18.740" r="0.900" parent="59"/>
   <Point id="113" x="-59.590" y="162.950" z="-29.400" r="0.900" parent="112"/>
   <Point id="137" x="-54.040" y="165.780" z="-24.700" r="0.900" parent="136"/>
   <Point id="164" x="-80.720" y="166.380" z="-28.670" r="0.900" parent="163"/>
   <Point id="199" x="-3.410" y="179.200" z="-48.320" r="1.125" parent="198"/>
   <Point id="243" x="-42.170" y="163.080" z="-47.940" r="0.900" parent="242"/>
   <Point id="293" x="39.050" y="198.370" z="22.420" r="1.125" parent="292"/>
   <Point id="332" x="34.210" y="202.050" z="-4.290" r="0.900" parent="331"/>
   <Point id="368" x="24.330" y="206.070" z="-7.970" r="0.900" parent="331"/>
   <Point id="410" x="-67.710" y="231.670" z="-9.300" r="0.900" parent="409"/>
   <Point id="24" x="-91.130" y="161.720" z="-12.620" r="0.900" parent="23"/>
   <Point id="61" x="-87.570" y="148.880" z="-18.740" r="0.900" parent="60"/>
   <Point id="114" x="-63.640" y="171.810" z="-32.260" r="0.900" parent="113"/>
   <Point id="138" x="-56.850" y="174.510" z="-26.220" r="0.900" parent="137"/>
   <Point id="165" x="-87.750" y="172.930" z="-28.670" r="0.900" parent="164"/>
   <Point id="200" x="-3.150" y="185.500" z="-49.600" r="1.125" parent="199"/>
   <Point id="244" x="-48.090" y="169.560" z="-49.810" r="0.900" parent="243"/>
   <Point id="294" x="38.520" y="205.350" z="25.340" r="1.125" parent="293"/>
   <Point id="333" x="36.590" y="212.190" z="-7.170" r="0.900" parent="332"/>
   <Point id="369" x="21.340" y="209.880" z="-8.210" r="0.900" parent="368"/>
   <Point id="411" x="-70.360" y="240.680" z="-6.260" r="0.900" parent="410"/>
   <Point id="25" x="-96.560" y="169.510" z="-9.220" r="0.900" parent="24"/>
   <Point id="62" x="-88.900" y="151.140" z="-18.740" r="0.900" parent="61"/>
   <Point id="115" x="-67.340" y="179.020" z="-35.370" r="0.900" parent="114"/>
   <Point id="139" x="-58.440" y="181.270" z="-26.220" r="0.900" parent="138"/>
   <Point id="166" x="-94.630" y="181.270" z="-32.030" r="0.900" parent="165"/>
   <Point id="201" x="-3.000" y="193.230" z="-49.600" r="1.125" parent="200"/>
   <Point id="245" x="-54.180" y="176.770" z="-52.770" r="0.900" parent="244"/>
   <Point id="295" x="41.450" y="216.860" z="28.180" r="0.900" parent="294"/>
   <Point id="334" x="37.650" y="224.350" z="-7.170" r="0.900" parent="333"/>
   <Point id="370" x="16.040" y="219.110" z="-7.250" r="0.900" parent="369"/>
   <Point id="412" x="-76.160" y="257.300" z="-4.900" r="0.900" parent="411"/>
   <Point id="26" x="-101.330" y="179.200" z="-7.290" r="0.900" parent="25"/>
   <Point id="63" x="-91.280" y="155.870" z="-20.060" r="0.900" parent="62"/>
   <Point id="116" x="-72.110" y="185.330" z="-35.370" r="0.900" parent="115"/>
   <Point id="140" x="-59.770" y="190.060" z="-27.140" r="0.900" parent="139"/>
   <Point id="167" x="-98.340" y="186.900" z="-32.030" r="0.900" parent="166"/>
   <Point id="202" x="-3.000" y="200.890" z="-53.180" r="1.125" parent="201"/>
   <Point id="246" x="-59.740" y="184.650" z="-52.770" r="0.900" parent="245"/>
   <Point id="296" x="42.240" y="221.590" z="28.180" r="0.900" parent="295"/>
   <Point id="335" x="38.330" y="234.110" z="-7.170" r="0.900" parent="334"/>
   <Point id="371" x="13.660" y="224.290" z="-7.250" r="0.900" parent="370"/>
   <Point id="413" x="-80.660" y="266.530" z="-5.240" r="0.900" parent="412"/>
   <Point id="27" x="-106.360" y="189.110" z="-5.300" r="0.900" parent="26"/>
   <Point id="64" x="-93.660" y="160.150" z="-20.060" r="0.900" parent="63"/>
   <Point id="117" x="-76.500" y="193.060" z="-37.940" r="0.900" parent="116"/>
   <Point id="141" x="-62.520" y="200.110" z="-27.840" r="0.900" parent="140"/>
   <Point id="168" x="-101.970" y="193.310" z="-32.030" r="0.900" parent="167"/>
   <Point id="203" x="-3.530" y="207.650" z="-55.040" r="1.125" parent="202"/>
   <Point id="247" x="-64.630" y="192.260" z="-52.770" r="0.900" parent="246"/>
   <Point id="297" x="43.830" y="225.200" z="27.920" r="0.900" parent="296"/>
   <Point id="336" x="40.180" y="242.000" z="-7.170" r="0.900" parent="335"/>
   <Point id="372" x="11.540" y="230.830" z="-7.250" r="0.900" parent="371"/>
   <Point id="414" x="-88.340" y="278.060" z="-1.900" r="0.900" parent="413"/>
   <Point id="28" x="-110.970" y="196.160" z="-6.200" r="0.900" parent="27"/>
   <Point id="65" x="-96.310" y="165.410" z="-20.380" r="0.900" parent="64"/>
   <Point id="118" x="-81.000" y="202.970" z="-37.940" r="0.900" parent="117"/>
   <Point id="142" x="-66.490" y="210.920" z="-29.620" r="0.900" parent="141"/>
   <Point id="169" x="-106.470" y="198.260" z="-32.030" r="0.900" parent="168"/>
   <Point id="204" x="-2.870" y="215.230" z="-54.770" r="1.125" parent="203"/>
   <Point id="248" x="-71.520" y="201.270" z="-55.040" r="0.900" parent="247"/>
   <Point id="298" x="44.000" y="232.180" z="31.460" r="0.900" parent="297"/>
   <Point id="337" x="42.830" y="248.080" z="-7.220" r="0.900" parent="336"/>
   <Point id="373" x="8.360" y="240.710" z="-7.250" r="0.900" parent="372"/>
   <Point id="415" x="-93.110" y="287.980" z="-1.990" r="0.900" parent="414"/>
   <Point id="29" x="-116.790" y="204.290" z="-5.640" r="0.900" parent="28"/>
   <Point id="66" x="-98.430" y="173.520" z="-23.260" r="0.900" parent="65"/>
   <Point id="119" x="-84.180" y="210.400" z="-39.820" r="0.900" parent="118"/>
   <Point id="143" x="-70.310" y="219.560" z="-29.620" r="0.900" parent="142"/>
   <Point id="170" x="-111.770" y="202.540" z="-32.540" r="0.900" parent="169"/>
   <Point id="205" x="-1.810" y="223.120" z="-56.860" r="1.125" parent="204"/>
   <Point id="249" x="-76.550" y="208.930" z="-57.200" r="0.900" parent="248"/>
   <Point id="299" x="46.650" y="238.720" z="31.460" r="0.900" parent="298"/>
   <Point id="338" x="42.470" y="254.730" z="-7.220" r="0.900" parent="337"/>
   <Point id="374" x="5.450" y="247.020" z="-7.250" r="0.900" parent="373"/>
   <Point id="416" x="-99.880" y="297.660" z="-1.990" r="0.900" parent="415"/>
   <Point id="30" x="-122.620" y="210.380" z="-3.960" r="0.900" parent="29"/>
   <Point id="67" x="-103.730" y="183.430" z="-23.260" r="0.900" parent="66"/>
   <Point id="120" x="-90.090" y="221.660" z="-39.820" r="0.900" parent="119"/>
   <Point id="144" x="-74.540" y="228.800" z="-29.620" r="0.900" parent="143"/>
   <Point id="171" x="-118.920" y="207.050" z="-32.540" r="0.900" parent="170"/>
   <Point id="206" x="-1.280" y="232.130" z="-56.860" r="1.125" parent="205"/>
   <Point id="250" x="-82.230" y="217.990" z="-60.050" r="0.900" parent="249"/>
   <Point id="300" x="47.180" y="244.800" z="32.020" r="0.900" parent="299"/>
   <Point id="339" x="46.710" y="265.320" z="-7.220" r="0.900" parent="338"/>
   <Point id="375" x="2.800" y="257.830" z="-7.250" r="0.900" parent="374"/>
   <Point id="417" x="-102.270" y="304.190" z="1.290" r="0.900" parent="416"/>
   <Point id="31" x="-132.730" y="221.440" z="-4.790" r="0.900" parent="30"/>
   <Point id="68" x="-107.840" y="191.310" z="-23.260" r="0.900" parent="67"/>
   <Point id="121" x="-93.530" y="228.870" z="-42.880" r="0.900" parent="120"/>
   <Point id="145" x="-77.990" y="237.130" z="-27.290" r="0.900" parent="144"/>
   <Point id="172" x="-129.920" y="216.690" z="-32.540" r="0.900" parent="171"/>
   <Point id="207" x="-2.320" y="236.280" z="-58.450" r="1.125" parent="206"/>
   <Point id="251" x="-85.930" y="223.840" z="-60.050" r="0.900" parent="250"/>
   <Point id="301" x="47.400" y="253.160" z="36.310" r="0.900" parent="300"/>
   <Point id="340" x="48.560" y="269.150" z="-7.800" r="0.900" parent="339"/>
   <Point id="376" x="-0.180" y="267.460" z="-7.250" r="0.900" parent="375"/>
   <Point id="418" x="-108.360" y="309.830" z="1.290" r="0.900" parent="417"/>
   <Point id="32" x="-140.940" y="230.900" z="-4.790" r="0.900" parent="31"/>
   <Point id="69" x="-112.070" y="198.970" z="-23.260" r="0.900" parent="68"/>
   <Point id="122" x="-97.510" y="234.180" z="-42.880" r="0.900" parent="121"/>
   <Point id="146" x="-79.060" y="245.210" z="-27.290" r="0.900" parent="145"/>
   <Point id="173" x="-137.600" y="219.840" z="-30.510" r="0.900" parent="172"/>
   <Point id="208" x="-0.210" y="244.840" z="-58.450" r="0.900" parent="207"/>
   <Point id="223" x="-1.080" y="245.190" z="-63.630" r="0.900" parent="207"/>
   <Point id="252" x="-90.960" y="230.380" z="-62.530" r="0.900" parent="251"/>
   <Point id="302" x="47.400" y="259.020" z="35.740" r="0.900" parent="301"/>
   <Point id="341" x="50.980" y="273.230" z="-4.780" r="0.900" parent="340"/>
   <Point id="377" x="-3.090" y="276.470" z="-7.250" r="0.900" parent="376"/>
   <Point id="419" x="-112.370" y="312.950" z="6.130" r="0.900" parent="418"/>
   <Point id="33" x="-146.750" y="238.710" z="-4.040" r="0.900" parent="32"/>
   <Point id="70" x="-115.780" y="205.280" z="-24.320" r="0.900" parent="69"/>
   <Point id="123" x="-103.600" y="242.520" z="-42.470" r="0.900" parent="122"/>
   <Point id="147" x="-79.330" y="256.470" z="-27.700" r="0.900" parent="146"/>
   <Point id="174" x="-142.630" y="227.500" z="-31.930" r="0.900" parent="173"/>
   <Point id="209" x="3.240" y="254.300" z="-60.610" r="0.900" parent="208"/>
   <Point id="224" x="-0.810" y="250.140" z="-66.860" r="0.900" parent="223"/>
   <Point id="253" x="-92.920" y="232.650" z="-62.530" r="0.900" parent="252"/>
   <Point id="303" x="47.660" y="264.200" z="41.460" r="0.900" parent="302"/>
   <Point id="342" x="57.070" y="279.090" z="-4.150" r="0.900" parent="341"/>
   <Point id="354" x="54.110" y="282.690" z="-7.320" r="0.900" parent="341"/>
   <Point id="378" x="-3.530" y="288.090" z="-10.780" r="0.900" parent="377"/>
   <Point id="420" x="-112.110" y="318.140" z="5.210" r="0.900" parent="419"/>
   <Point id="34" x="-148.610" y="242.090" z="-2.870" r="0.900" parent="33"/>
   <Point id="71" x="-124.750" y="219.290" z="-26.690" r="0.900" parent="70"/>
   <Point id="124" x="-107.300" y="248.370" z="-44.580" r="0.900" parent="123"/>
   <Point id="148" x="-82.180" y="266.760" z="-24.890" r="0.900" parent="147"/>
   <Point id="175" x="-148.750" y="234.580" z="-31.930" r="0.900" parent="174"/>
   <Point id="210" x="7.110" y="262.960" z="-60.610" r="0.900" parent="209"/>
   <Point id="225" x="0.250" y="257.350" z="-69.420" r="0.900" parent="224"/>
   <Point id="254" x="-97.950" y="240.760" z="-64.660" r="0.900" parent="253"/>
   <Point id="260" x="-94.320" y="242.410" z="-59.440" r="0.900" parent="253"/>
   <Point id="304" x="51.240" y="271.430" z="41.460" r="0.900" parent="303"/>
   <Point id="343" x="60.250" y="281.560" z="-4.150" r="0.900" parent="342"/>
   <Point id="355" x="58.080" y="290.350" z="-7.320" r="0.900" parent="354"/>
   <Point id="379" x="-3.790" y="293.720" z="-8.700" r="0.900" parent="378"/>
   <Point id="35" x="-149.400" y="243.440" z="0.210" r="0.900" parent="34"/>
   <Point id="72" x="-131.370" y="231.230" z="-29.120" r="0.900" parent="71"/>
   <Point id="125" x="-111.700" y="255.160" z="-45.680" r="0.900" parent="124"/>
   <Point id="149" x="-84.560" y="276.670" z="-24.300" r="0.900" parent="148"/>
   <Point id="176" x="-153.790" y="243.370" z="-31.930" r="0.900" parent="175"/>
   <Point id="211" x="9.750" y="272.870" z="-60.610" r="0.900" parent="210"/>
   <Point id="226" x="1.380" y="268.810" z="-72.320" r="0.900" parent="225"/>
   <Point id="255" x="-100.330" y="246.170" z="-64.660" r="0.900" parent="254"/>
   <Point id="261" x="-97.760" y="253.220" z="-57.580" r="0.900" parent="260"/>
   <Point id="305" x="53.360" y="277.740" z="45.360" r="0.900" parent="304"/>
   <Point id="344" x="66.080" y="289.220" z="-1.260" r="0.900" parent="343"/>
   <Point id="356" x="59.670" y="297.330" z="-7.340" r="0.900" parent="355"/>
   <Point id="380" x="-2.470" y="296.650" z="-8.700" r="0.900" parent="379"/>
   <Point id="36" x="-152.850" y="251.780" z="0.210" r="0.900" parent="35"/>
   <Point id="48" x="-159.530" y="247.010" z="-1.580" r="0.900" parent="35"/>
   <Point id="73" x="-139.140" y="248.100" z="-29.120" r="0.900" parent="72"/>
   <Point id="126" x="-115.140" y="264.390" z="-48.340" r="0.900" parent="125"/>
   <Point id="150" x="-86.450" y="286.490" z="-22.570" r="0.900" parent="149"/>
   <Point id="177" x="-158.020" y="250.580" z="-33.050" r="0.900" parent="176"/>
   <Point id="212" x="14.570" y="282.760" z="-62.380" r="0.900" parent="211"/>
   <Point id="227" x="3.760" y="279.430" z="-76.860" r="0.900" parent="226"/>
   <Point id="256" x="-103.770" y="252.480" z="-66.940" r="0.900" parent="255"/>
   <Point id="262" x="-103.360" y="262.460" z="-55.120" r="0.900" parent="261"/>
   <Point id="306" x="55.480" y="283.820" z="45.360" r="0.900" parent="305"/>
   <Point id="345" x="71.500" y="293.710" z="-1.260" r="0.900" parent="344"/>
   <Point id="357" x="61.390" y="305.510" z="-7.950" r="0.900" parent="356"/>
   <Point id="381" x="-2.200" y="300.650" z="-8.700" r="0.900" parent="380"/>
   <Point id="37" x="-159.220" y="259.260" z="-0.010" r="0.900" parent="36"/>
   <Point id="49" x="-169.060" y="252.640" z="-1.580" r="0.900" parent="48"/>
   <Point id="74" x="-142.590" y="255.750" z="-31.250" r="0.900" parent="73"/>
   <Point id="127" x="-119.910" y="276.110" z="-48.340" r="0.900" parent="126"/>
   <Point id="151" x="-86.720" y="294.170" z="-22.570" r="0.900" parent="150"/>
   <Point id="178" x="-167.070" y="258.030" z="-37.270" r="0.900" parent="177"/>
   <Point id="213" x="16.950" y="288.620" z="-62.380" r="0.900" parent="212"/>
   <Point id="228" x="5.590" y="292.720" z="-78.920" r="0.900" parent="227"/>
   <Point id="257" x="-107.310" y="257.830" z="-67.070" r="0.900" parent="256"/>
   <Point id="263" x="-106.540" y="268.320" z="-55.120" r="0.900" parent="262"/>
   <Point id="307" x="57.720" y="289.460" z="44.800" r="0.900" parent="306"/>
   <Point id="346" x="80.230" y="302.940" z="-3.200" r="0.900" parent="345"/>
   <Point id="358" x="65.890" y="311.820" z="-7.950" r="0.900" parent="357"/>
   <Point id="382" x="-8.820" y="306.060" z="-9.920" r="0.900" parent="381"/>
   <Point id="38" x="-164.250" y="269.400" z="-0.010" r="0.900" parent="37"/>
   <Point id="50" x="-175.940" y="258.500" z="-1.580" r="0.900" parent="49"/>
   <Point id="75" x="-143.990" y="257.580" z="-29.850" r="0.900" parent="74"/>
   <Point id="128" x="-125.700" y="284.190" z="-50.400" r="0.900" parent="127"/>
   <Point id="152" x="-90.430" y="300.700" z="-22.570" r="0.900" parent="151"/>
   <Point id="179" x="-175.280" y="267.270" z="-37.270" r="0.900" parent="178"/>
   <Point id="214" x="19.860" y="300.330" z="-64.220" r="0.900" parent="213"/>
   <Point id="229" x="7.440" y="303.750" z="-84.850" r="0.900" parent="228"/>
   <Point id="258" x="-108.370" y="259.860" z="-68.410" r="0.900" parent="257"/>
   <Point id="264" x="-108.390" y="279.360" z="-55.120" r="0.900" parent="263"/>
   <Point id="308" x="59.570" y="295.540" z="49.650" r="0.900" parent="307"/>
   <Point id="347" x="85.000" y="310.600" z="-3.200" r="0.900" parent="346"/>
   <Point id="359" x="69.860" y="322.400" z="-9.270" r="0.900" parent="358"/>
   <Point id="383" x="-11.470" y="314.620" z="-13.590" r="0.900" parent="382"/>
   <Point id="39" x="-168.220" y="275.250" z="2.120" r="0.900" parent="38"/>
   <Point id="51" x="-181.240" y="259.150" z="-1.580" r="0.900" parent="50"/>
   <Point id="76" x="-144.250" y="265.690" z="-31.340" r="0.900" parent="75"/>
   <Point id="85" x="-146.980" y="266.610" z="-31.430" r="0.900" parent="75"/>
   <Point id="129" x="-129.140" y="295.000" z="-52.080" r="0.900" parent="128"/>
   <Point id="153" x="-95.630" y="310.490" z="-20.270" r="0.900" parent="152"/>
   <Point id="180" x="-181.630" y="272.680" z="-38.350" r="0.900" parent="179"/>
   <Point id="215" x="20.860" y="309.890" z="-64.220" r="0.900" parent="214"/>
   <Point id="230" x="8.990" y="315.510" z="-86.660" r="0.900" parent="229"/>
   <Point id="259" x="-110.480" y="263.240" z="-68.050" r="0.900" parent="258"/>
   <Point id="265" x="-109.060" y="289.760" z="-55.120" r="0.900" parent="264"/>
   <Point id="309" x="61.690" y="300.720" z="49.650" r="0.900" parent="308"/>
   <Point id="348" x="89.440" y="318.960" z="-2.730" r="0.900" parent="347"/>
   <Point id="360" x="76.090" y="335.720" z="-6.450" r="0.900" parent="359"/>
   <Point id="384" x="-13.850" y="319.580" z="-13.590" r="0.900" parent="383"/>
   <Point id="40" x="-172.770" y="281.930" z="2.120" r="0.900" parent="39"/>
   <Point id="52" x="-188.650" y="261.200" z="-1.580" r="0.900" parent="51"/>
   <Point id="77" x="-144.250" y="278.300" z="-36.120" r="0.900" parent="76"/>
   <Point id="86" x="-153.600" y="279.000" z="-31.430" r="0.900" parent="85"/>
   <Point id="130" x="-134.230" y="304.040" z="-49.830" r="0.900" parent="129"/>
   <Point id="154" x="-98.810" y="318.370" z="-20.270" r="0.900" parent="153"/>
   <Point id="181" x="-188.280" y="279.830" z="-38.350" r="0.900" parent="180"/>
   <Point id="216" x="22.980" y="318.900" z="-64.220" r="0.900" parent="215"/>
   <Point id="231" x="12.170" y="325.650" z="-86.660" r="0.900" parent="230"/>
   <Point id="266" x="-112.500" y="301.030" z="-55.730" r="0.900" parent="265"/>
   <Point id="310" x="63.810" y="305.230" z="50.460" r="0.900" parent="309"/>
   <Point id="349" x="94.470" y="326.390" z="-0.980" r="0.900" parent="348"/>
   <Point id="361" x="79.000" y="340.450" z="-6.450" r="0.900" parent="360"/>
   <Point id="385" x="-15.190" y="330.190" z="-12.200" r="0.900" parent="384"/>
   <Point id="41" x="-173.100" y="284.190" z="3.400" r="0.900" parent="40"/>
   <Point id="53" x="-192.890" y="263.230" z="-1.580" r="0.900" parent="52"/>
   <Point id="78" x="-143.140" y="283.810" z="-36.120" r="0.900" parent="77"/>
   <Point id="87" x="-159.490" y="287.110" z="-32.700" r="0.900" parent="86"/>
   <Point id="131" x="-140.590" y="309.220" z="-51.210" r="0.900" parent="130"/>
   <Point id="155" x="-100.930" y="323.100" z="-20.270" r="0.900" parent="154"/>
   <Point id="182" x="-197.550" y="287.040" z="-40.890" r="0.900" parent="181"/>
   <Point id="217" x="24.520" y="329.610" z="-63.040" r="0.900" parent="216"/>
   <Point id="232" x="14.780" y="334.610" z="-89.660" r="0.900" parent="231"/>
   <Point id="267" x="-114.520" y="310.710" z="-51.100" r="0.900" parent="266"/>
   <Point id="311" x="63.470" y="309.480" z="50.460" r="0.900" parent="310"/>
   <Point id="350" x="98.700" y="333.380" z="0.440" r="0.900" parent="349"/>
   <Point id="362" x="81.320" y="346.730" z="-6.450" r="0.900" parent="361"/>
   <Point id="386" x="-16.510" y="336.720" z="-12.200" r="0.900" parent="385"/>
   <Point id="42" x="-177.860" y="289.370" z="3.400" r="0.900" parent="41"/>
   <Point id="54" x="-197.650" y="265.260" z="-1.370" r="0.900" parent="53"/>
   <Point id="79" x="-143.140" y="290.560" z="-35.960" r="0.900" parent="78"/>
   <Point id="88" x="-164.260" y="295.220" z="-32.700" r="0.900" parent="87"/>
   <Point id="132" x="-145.620" y="313.050" z="-51.210" r="0.900" parent="131"/>
   <Point id="156" x="-105.040" y="327.730" z="-20.270" r="0.900" parent="155"/>
   <Point id="183" x="-202.580" y="290.650" z="-43.750" r="0.900" parent="182"/>
   <Point id="218" x="25.850" y="339.520" z="-64.880" r="0.900" parent="217"/>
   <Point id="233" x="16.110" y="340.470" z="-89.660" r="0.900" parent="232"/>
   <Point id="268" x="-114.780" y="317.470" z="-53.470" r="0.900" parent="267"/>
   <Point id="312" x="66.650" y="320.070" z="54.020" r="0.900" parent="311"/>
   <Point id="351" x="101.910" y="338.160" z="0.440" r="0.900" parent="350"/>
   <Point id="363" x="82.640" y="352.360" z="-7.090" r="0.900" parent="362"/>
   <Point id="387" x="-16.510" y="345.060" z="-12.200" r="0.900" parent="386"/>
   <Point id="43" x="-179.720" y="292.970" z="6.190" r="0.900" parent="42"/>
   <Point id="55" x="-202.160" y="267.960" z="1.180" r="0.900" parent="54"/>
   <Point id="80" x="-145.520" y="298.000" z="-38.660" r="0.900" parent="79"/>
   <Point id="89" x="-167.700" y="301.080" z="-32.090" r="0.900" parent="88"/>
   <Point id="133" x="-149.640" y="316.400" z="-45.430" r="0.900" parent="132"/>
   <Point id="157" x="-106.100" y="332.010" z="-16.440" r="0.900" parent="156"/>
   <Point id="184" x="-209.020" y="289.950" z="-44.750" r="0.900" parent="183"/>
   <Point id="219" x="27.590" y="348.860" z="-63.260" r="0.900" parent="218"/>
   <Point id="234" x="18.490" y="342.500" z="-89.660" r="0.900" parent="233"/>
   <Point id="269" x="-114.780" y="321.750" z="-52.830" r="0.900" parent="268"/>
   <Point id="313" x="67.970" y="325.700" z="54.020" r="0.900" parent="312"/>
   <Point id="352" x="105.090" y="341.080" z="1.770" r="0.900" parent="351"/>
   <Point id="364" x="87.140" y="361.150" z="-8.420" r="0.900" parent="363"/>
   <Point id="388" x="-18.780" y="351.280" z="-12.200" r="0.900" parent="387"/>
   <Point id="44" x="-181.040" y="296.800" z="7.580" r="0.900" parent="43"/>
   <Point id="56" x="-205.440" y="269.750" z="0.460" r="0.900" parent="55"/>
   <Point id="81" x="-148.050" y="310.160" z="-39.060" r="0.900" parent="80"/>
   <Point id="90" x="-170.580" y="307.110" z="-28.020" r="0.900" parent="89"/>
   <Point id="134" x="-152.020" y="316.400" z="-46.340" r="0.900" parent="133"/>
   <Point id="158" x="-109.540" y="338.090" z="-16.440" r="0.900" parent="157"/>
   <Point id="185" x="-214.050" y="296.260" z="-48.970" r="0.900" parent="184"/>
   <Point id="220" x="29.180" y="353.140" z="-63.260" r="0.900" parent="219"/>
   <Point id="235" x="19.810" y="347.230" z="-94.200" r="0.900" parent="234"/>
   <Point id="270" x="-114.340" y="328.130" z="-48.180" r="0.900" parent="269"/>
   <Point id="314" x="68.460" y="334.390" z="57.980" r="0.900" parent="313"/>
   <Point id="353" x="113.300" y="346.270" z="2.620" r="0.900" parent="352"/>
   <Point id="365" x="90.310" y="369.790" z="-8.980" r="0.900" parent="364"/>
   <Point id="389" x="-15.610" y="360.970" z="-11.820" r="0.900" parent="388"/>
   <Point id="45" x="-183.180" y="299.030" z="7.380" r="0.900" parent="44"/>
   <Point id="57" x="-206.500" y="270.430" z="-0.330" r="0.900" parent="56"/>
   <Point id="82" x="-147.250" y="317.600" z="-41.800" r="0.900" parent="81"/>
   <Point id="91" x="-171.640" y="309.810" z="-28.020" r="0.900" parent="90"/>
   <Point id="135" x="-154.400" y="313.930" z="-46.340" r="0.900" parent="134"/>
   <Point id="159" x="-109.540" y="338.990" z="-16.580" r="0.900" parent="158"/>
   <Point id="221" x="31.560" y="359.220" z="-60.630" r="0.900" parent="220"/>
   <Point id="271" x="-116.720" y="336.020" z="-43.500" r="0.900" parent="270"/>
   <Point id="315" x="68.730" y="339.790" z="57.980" r="0.900" parent="314"/>
   <Point id="366" x="91.640" y="373.390" z="-8.980" r="0.900" parent="365"/>
   <Point id="390" x="-14.810" y="364.120" z="-11.910" r="0.900" parent="389"/>
   <Point id="46" x="-185.040" y="304.430" z="7.900" r="0.900" parent="45"/>
   <Point id="83" x="-145.480" y="321.430" z="-41.110" r="0.900" parent="82"/>
   <Point id="92" x="-173.750" y="312.740" z="-28.020" r="0.900" parent="91"/>
   <Point id="222" x="34.980" y="363.730" z="-59.900" r="0.900" parent="221"/>
   <Point id="316" x="70.850" y="348.580" z="57.710" r="0.900" parent="315"/>
   <Point id="367" x="94.550" y="378.800" z="-10.820" r="0.900" parent="366"/>
   <Point id="391" x="-14.660" y="364.480" z="-11.800" r="0.900" parent="390"/>
   <Point id="47" x="-184.510" y="310.740" z="9.980" r="0.900" parent="46"/>
   <Point id="84" x="-140.970" y="322.330" z="-39.810" r="0.900" parent="83"/>
   <Point id="93" x="-174.280" y="313.190" z="-28.020" r="0.900" parent="92"/>
   <Point id="317" x="71.000" y="358.490" z="62.820" r="0.900" parent="316"/>
   <Point id="318" x="71.790" y="362.990" z="62.820" r="0.900" parent="317"/>
   <Point id="319" x="72.590" y="369.750" z="62.500" r="0.900" parent="318"/>
   <Point id="320" x="72.740" y="375.430" z="61.390" r="0.900" parent="319"/>
   <Point id="321" x="71.150" y="377.230" z="61.090" r="0.900" parent="320"/>
   <Point id="322" x="68.500" y="377.680" z="60.350" r="0.900" parent="321"/>
</CellMorphology>

