<CellMorphology id="B106885">
   <Point id="1" x="0.000" y="0.000" z="0.000" r="2.511" label="soma"/>
   <Point id="2" x="-7.580" y="11.480" z="7.830" r="2.505" label="soma" parent="1"/>
   <Point id="3" x="-10.120" y="14.140" z="6.750" r="1.430" parent="2"/>
   <Point id="321" x="-7.200" y="15.980" z="1.260" r="1.195" parent="2"/>
   <Point id="4" x="-11.640" y="18.320" z="6.050" r="1.310" parent="3"/>
   <Point id="322" x="-6.940" y="17.770" z="1.260" r="1.195" parent="321"/>
   <Point id="5" x="-12.650" y="20.820" z="6.980" r="1.310" parent="4"/>
   <Point id="323" x="-8.840" y="21.110" z="-5.730" r="0.715" parent="322"/>
   <Point id="438" x="-5.310" y="22.590" z="-3.200" r="1.075" parent="322"/>
   <Point id="6" x="-13.800" y="21.590" z="6.980" r="1.310" parent="5"/>
   <Point id="324" x="-10.930" y="22.560" z="-7.810" r="0.715" parent="323"/>
   <Point id="439" x="-5.180" y="24.730" z="-3.200" r="1.075" parent="438"/>
   <Point id="7" x="-16.590" y="24.570" z="8.330" r="0.955" parent="6"/>
   <Point id="135" x="-12.000" y="26.860" z="6.980" r="0.955" parent="6"/>
   <Point id="325" x="-16.890" y="24.950" z="-9.980" r="0.715" parent="324"/>
   <Point id="440" x="-5.310" y="29.150" z="-5.570" r="0.715" parent="439"/>
   <Point id="529" x="-2.000" y="28.510" z="-2.420" r="0.715" parent="439"/>
   <Point id="8" x="-20.520" y="28.150" z="10.110" r="0.955" parent="7"/>
   <Point id="136" x="-10.990" y="29.840" z="4.460" r="0.955" parent="135"/>
   <Point id="326" x="-22.220" y="27.100" z="-12.040" r="0.715" parent="325"/>
   <Point id="441" x="-5.810" y="33.430" z="-5.380" r="0.715" parent="440"/>
   <Point id="530" x="0.150" y="32.800" z="1.160" r="0.595" parent="529"/>
   <Point id="9" x="-25.340" y="33.640" z="12.790" r="0.955" parent="8"/>
   <Point id="137" x="-9.580" y="31.480" z="4.460" r="0.955" parent="136"/>
   <Point id="327" x="-29.020" y="29.760" z="-11.740" r="0.715" parent="326"/>
   <Point id="442" x="-7.330" y="38.560" z="-5.380" r="0.715" parent="441"/>
   <Point id="531" x="3.830" y="40.560" z="4.990" r="0.595" parent="530"/>
   <Point id="10" x="-31.920" y="41.590" z="11.560" r="0.835" parent="9"/>
   <Point id="138" x="-6.540" y="37.450" z="4.460" r="0.955" parent="137"/>
   <Point id="328" x="-32.830" y="33.810" z="-14.000" r="0.715" parent="327"/>
   <Point id="443" x="-8.320" y="41.600" z="-5.380" r="0.715" parent="442"/>
   <Point id="532" x="6.110" y="45.780" z="8.020" r="0.595" parent="531"/>
   <Point id="11" x="-35.850" y="48.150" z="9.500" r="0.835" parent="10"/>
   <Point id="139" x="-4.250" y="43.050" z="4.460" r="0.955" parent="138"/>
   <Point id="329" x="-37.470" y="37.430" z="-16.230" r="0.715" parent="328"/>
   <Point id="444" x="-8.820" y="45.530" z="-5.380" r="0.715" parent="443"/>
   <Point id="533" x="7.500" y="51.870" z="9.000" r="0.595" parent="532"/>
   <Point id="12" x="-40.170" y="55.430" z="7.060" r="0.835" parent="11"/>
   <Point id="140" x="-2.580" y="43.610" z="4.460" r="0.955" parent="139"/>
   <Point id="330" x="-40.510" y="40.530" z="-16.060" r="0.715" parent="329"/>
   <Point id="445" x="-8.700" y="49.230" z="-5.380" r="0.715" parent="444"/>
   <Point id="534" x="7.370" y="59.690" z="9.000" r="0.595" parent="533"/>
   <Point id="13" x="-43.840" y="62.710" z="7.060" r="0.835" parent="12"/>
   <Point id="141" x="-2.960" y="46.590" z="3.160" r="0.835" parent="140"/>
   <Point id="234" x="0.600" y="47.150" z="3.570" r="0.595" parent="140"/>
   <Point id="331" x="-44.320" y="46.620" z="-18.470" r="0.715" parent="330"/>
   <Point id="446" x="-8.200" y="52.790" z="-5.380" r="0.715" parent="445"/>
   <Point id="535" x="7.370" y="64.700" z="9.000" r="0.595" parent="534"/>
   <Point id="14" x="-48.170" y="72.420" z="7.060" r="0.835" parent="13"/>
   <Point id="142" x="-3.600" y="51.720" z="1.340" r="0.595" parent="141"/>
   <Point id="235" x="3.890" y="50.490" z="1.140" r="0.595" parent="234"/>
   <Point id="332" x="-47.150" y="53.170" z="-18.940" r="0.715" parent="331"/>
   <Point id="447" x="-7.810" y="55.300" z="-5.380" r="0.715" parent="446"/>
   <Point id="536" x="7.170" y="69.500" z="12.070" r="0.595" parent="535"/>
   <Point id="15" x="-52.640" y="82.260" z="5.170" r="0.835" parent="14"/>
   <Point id="143" x="-3.600" y="55.660" z="1.340" r="0.595" parent="142"/>
   <Point id="236" x="7.440" y="54.310" z="1.140" r="0.595" parent="235"/>
   <Point id="333" x="-49.050" y="60.570" z="-21.270" r="0.715" parent="332"/>
   <Point id="448" x="-6.930" y="58.760" z="-6.640" r="0.595" parent="447"/>
   <Point id="537" x="7.800" y="78.330" z="12.070" r="0.595" parent="536"/>
   <Point id="16" x="-56.590" y="95.640" z="6.570" r="0.835" parent="15"/>
   <Point id="144" x="-4.460" y="58.750" z="1.070" r="0.595" parent="143"/>
   <Point id="237" x="10.720" y="56.720" z="0.200" r="0.595" parent="236"/>
   <Point id="334" x="-51.390" y="65.500" z="-25.180" r="0.595" parent="333"/>
   <Point id="449" x="-4.750" y="63.590" z="-6.640" r="0.595" parent="448"/>
   <Point id="538" x="7.700" y="86.800" z="14.170" r="0.595" parent="537"/>
   <Point id="17" x="-57.030" y="99.610" z="7.780" r="0.835" parent="16"/>
   <Point id="145" x="-4.720" y="61.380" z="2.420" r="0.595" parent="144"/>
   <Point id="238" x="14.880" y="61.150" z="0.200" r="0.715" parent="237"/>
   <Point id="335" x="-51.770" y="70.280" z="-25.180" r="0.595" parent="334"/>
   <Point id="450" x="-3.600" y="68.000" z="-6.640" r="0.595" parent="449"/>
   <Point id="539" x="7.190" y="93.360" z="14.170" r="0.595" parent="538"/>
   <Point id="18" x="-57.410" y="100.570" z="9.460" r="0.835" parent="17"/>
   <Point id="146" x="-6.240" y="65.200" z="2.420" r="0.595" parent="145"/>
   <Point id="239" x="13.740" y="60.670" z="1.020" r="0.715" parent="238"/>
   <Point id="336" x="-53.810" y="78.560" z="-27.330" r="0.595" parent="335"/>
   <Point id="451" x="-3.730" y="72.290" z="-6.640" r="0.595" parent="450"/>
   <Point id="540" x="6.720" y="103.350" z="18.160" r="0.595" parent="539"/>
   <Point id="19" x="-60.330" y="107.130" z="10.580" r="0.595" parent="18"/>
   <Point id="89" x="-57.160" y="104.740" z="10.850" r="0.715" parent="18"/>
   <Point id="147" x="-7.500" y="68.670" z="2.420" r="0.595" parent="146"/>
   <Point id="240" x="18.310" y="66.160" z="-1.700" r="0.715" parent="239"/>
   <Point id="337" x="-54.190" y="83.690" z="-27.330" r="0.595" parent="336"/>
   <Point id="452" x="-2.430" y="75.350" z="-6.640" r="0.595" parent="451"/>
   <Point id="541" x="5.050" y="111.440" z="19.770" r="0.595" parent="540"/>
   <Point id="20" x="-62.990" y="111.930" z="10.580" r="0.595" parent="19"/>
   <Point id="90" x="-57.030" y="111.660" z="10.850" r="0.715" parent="89"/>
   <Point id="148" x="-8.390" y="73.440" z="3.550" r="0.595" parent="147"/>
   <Point id="241" x="22.360" y="67.650" z="-1.700" r="0.835" parent="240"/>
   <Point id="338" x="-54.050" y="90.890" z="-30.480" r="0.595" parent="337"/>
   <Point id="453" x="-1.930" y="80.240" z="-6.640" r="0.595" parent="452"/>
   <Point id="542" x="3.780" y="118.840" z="21.130" r="0.595" parent="541"/>
   <Point id="21" x="-64.260" y="114.790" z="10.580" r="0.595" parent="20"/>
   <Point id="91" x="-57.230" y="120.120" z="10.850" r="0.715" parent="90"/>
   <Point id="149" x="-8.890" y="77.980" z="3.550" r="0.595" parent="148"/>
   <Point id="242" x="22.990" y="68.720" z="-4.580" r="0.835" parent="241"/>
   <Point id="339" x="-55.060" y="94.950" z="-29.850" r="0.595" parent="338"/>
   <Point id="454" x="-0.790" y="84.420" z="-6.640" r="0.595" parent="453"/>
   <Point id="543" x="2.810" y="130.980" z="24.540" r="0.475" parent="542"/>
   <Point id="22" x="-64.390" y="117.540" z="10.580" r="0.595" parent="21"/>
   <Point id="92" x="-57.100" y="125.490" z="9.650" r="0.595" parent="91"/>
   <Point id="150" x="-9.860" y="82.190" z="5.260" r="0.595" parent="149"/>
   <Point id="243" x="24.010" y="73.250" z="-5.100" r="0.595" parent="242"/>
   <Point id="287" x="26.200" y="71.550" z="-3.050" r="0.595" parent="242"/>
   <Point id="340" x="-55.860" y="98.070" z="-30.420" r="0.595" parent="339"/>
   <Point id="455" x="0.870" y="91.810" z="-6.640" r="0.595" parent="454"/>
   <Point id="544" x="2.820" y="142.230" z="25.820" r="0.475" parent="543"/>
   <Point id="23" x="-65.030" y="120.660" z="10.580" r="0.595" parent="22"/>
   <Point id="93" x="-57.360" y="131.740" z="9.650" r="0.595" parent="92"/>
   <Point id="151" x="-11.010" y="89.940" z="5.260" r="0.595" parent="150"/>
   <Point id="244" x="25.150" y="76.830" z="-8.700" r="0.595" parent="243"/>
   <Point id="288" x="30.630" y="78.950" z="-3.050" r="0.595" parent="287"/>
   <Point id="341" x="-57.390" y="100.940" z="-33.600" r="0.595" parent="340"/>
   <Point id="456" x="1.380" y="96.460" z="-6.640" r="0.595" parent="455"/>
   <Point id="545" x="3.330" y="149.010" z="25.820" r="0.475" parent="544"/>
   <Point id="24" x="-65.410" y="124.720" z="10.580" r="0.595" parent="23"/>
   <Point id="94" x="-57.230" y="137.700" z="9.650" r="0.595" parent="93"/>
   <Point id="152" x="-12.880" y="98.160" z="5.260" r="0.595" parent="151"/>
   <Point id="245" x="26.800" y="82.060" z="-8.700" r="0.595" parent="244"/>
   <Point id="289" x="32.650" y="83.590" z="-3.050" r="0.595" parent="288"/>
   <Point id="342" x="-59.030" y="104.750" z="-33.490" r="0.595" parent="341"/>
   <Point id="396" x="-55.980" y="105.820" z="-37.100" r="0.595" parent="341"/>
   <Point id="457" x="2.060" y="101.780" z="-6.640" r="0.595" parent="456"/>
   <Point id="546" x="3.840" y="158.320" z="29.770" r="0.475" parent="545"/>
   <Point id="25" x="-66.300" y="128.770" z="10.580" r="0.595" parent="24"/>
   <Point id="95" x="-56.030" y="145.960" z="9.650" r="0.595" parent="94"/>
   <Point id="153" x="-12.750" y="105.560" z="5.260" r="0.595" parent="152"/>
   <Point id="246" x="28.200" y="84.930" z="-8.700" r="0.595" parent="245"/>
   <Point id="290" x="34.430" y="88.950" z="-3.050" r="0.595" parent="289"/>
   <Point id="343" x="-62.780" y="112.610" z="-33.490" r="0.595" parent="342"/>
   <Point id="397" x="-55.470" y="112.270" z="-41.440" r="0.595" parent="396"/>
   <Point id="458" x="2.190" y="105.720" z="-6.640" r="0.595" parent="457"/>
   <Point id="547" x="3.570" y="168.430" z="29.770" r="0.475" parent="546"/>
   <Point id="26" x="-66.070" y="133.890" z="10.580" r="0.595" parent="25"/>
   <Point id="96" x="-56.160" y="151.570" z="9.650" r="0.595" parent="95"/>
   <Point id="154" x="-13.540" y="113.250" z="5.260" r="0.595" parent="153"/>
   <Point id="247" x="30.610" y="86.120" z="-8.700" r="0.595" parent="246"/>
   <Point id="291" x="36.960" y="93.110" z="-1.460" r="0.595" parent="290"/>
   <Point id="344" x="-65.060" y="118.930" z="-35.720" r="0.595" parent="343"/>
   <Point id="398" x="-53.020" y="115.080" z="-43.340" r="0.595" parent="397"/>
   <Point id="459" x="5.400" y="118.380" z="-7.660" r="0.595" parent="458"/>
   <Point id="548" x="4.130" y="176.640" z="31.040" r="0.475" parent="547"/>
   <Point id="27" x="-66.200" y="140.810" z="10.580" r="0.595" parent="26"/>
   <Point id="97" x="-55.410" y="158.690" z="11.810" r="0.595" parent="96"/>
   <Point id="155" x="-14.300" y="117.180" z="4.340" r="0.595" parent="154"/>
   <Point id="248" x="34.250" y="88.280" z="-10.540" r="0.595" parent="247"/>
   <Point id="292" x="38.990" y="98.830" z="-1.460" r="0.595" parent="291"/>
   <Point id="345" x="-67.080" y="125.610" z="-35.720" r="0.595" parent="344"/>
   <Point id="399" x="-53.270" y="119.010" z="-45.120" r="0.595" parent="398"/>
   <Point id="460" x="6.950" y="125.690" z="-7.660" r="0.595" parent="459"/>
   <Point id="549" x="5.150" y="182.970" z="31.560" r="0.475" parent="548"/>
   <Point id="28" x="-65.550" y="146.840" z="11.110" r="0.595" parent="27"/>
   <Point id="98" x="-55.800" y="163.460" z="11.810" r="0.595" parent="97"/>
   <Point id="156" x="-14.300" y="125.800" z="4.340" r="0.475" parent="155"/>
   <Point id="249" x="36.280" y="91.500" z="-10.540" r="0.595" parent="248"/>
   <Point id="293" x="41.310" y="106.570" z="-2.770" r="0.595" parent="292"/>
   <Point id="346" x="-67.840" y="133.010" z="-36.840" r="0.595" parent="345"/>
   <Point id="400" x="-52.510" y="123.190" z="-47.420" r="0.595" parent="399"/>
   <Point id="461" x="8.210" y="133.560" z="-7.660" r="0.595" parent="460"/>
   <Point id="550" x="7.000" y="189.100" z="30.660" r="0.475" parent="549"/>
   <Point id="29" x="-66.560" y="153.520" z="11.110" r="0.595" parent="28"/>
   <Point id="99" x="-55.900" y="171.050" z="12.640" r="0.595" parent="98"/>
   <Point id="157" x="-15.320" y="134.510" z="4.300" r="0.475" parent="156"/>
   <Point id="250" x="38.050" y="95.440" z="-10.540" r="0.595" parent="249"/>
   <Point id="294" x="43.460" y="113.250" z="-2.770" r="0.595" parent="293"/>
   <Point id="347" x="-70.640" y="138.780" z="-39.070" r="0.595" parent="346"/>
   <Point id="401" x="-52.380" y="127.270" z="-48.460" r="0.595" parent="400"/>
   <Point id="462" x="8.600" y="139.620" z="-9.300" r="0.595" parent="461"/>
   <Point id="551" x="7.630" y="194.700" z="30.660" r="0.475" parent="550"/>
   <Point id="572" x="10.200" y="195.450" z="27.850" r="0.475" parent="550"/>
   <Point id="30" x="-67.160" y="159.880" z="11.110" r="0.595" parent="29"/>
   <Point id="100" x="-55.780" y="177.370" z="12.640" r="0.595" parent="99"/>
   <Point id="158" x="-16.190" y="141.690" z="4.300" r="0.475" parent="157"/>
   <Point id="251" x="40.890" y="101.620" z="-9.220" r="0.595" parent="250"/>
   <Point id="295" x="46.290" y="121.920" z="1.200" r="0.595" parent="294"/>
   <Point id="348" x="-72.600" y="143.070" z="-39.070" r="0.595" parent="347"/>
   <Point id="402" x="-52.380" y="127.210" z="-50.490" r="0.715" parent="401"/>
   <Point id="463" x="10.380" y="146.180" z="-9.300" r="0.595" parent="462"/>
   <Point id="552" x="8.640" y="202.640" z="30.660" r="0.475" parent="551"/>
   <Point id="573" x="12.480" y="203.210" z="27.850" r="0.475" parent="572"/>
   <Point id="31" x="-68.300" y="166.080" z="11.580" r="0.595" parent="30"/>
   <Point id="101" x="-56.280" y="185.170" z="12.640" r="0.595" parent="100"/>
   <Point id="159" x="-16.820" y="148.610" z="4.300" r="0.475" parent="158"/>
   <Point id="252" x="42.660" y="108.300" z="-12.260" r="0.595" parent="251"/>
   <Point id="296" x="47.430" y="126.810" z="1.200" r="0.595" parent="295"/>
   <Point id="349" x="-74.170" y="145.640" z="-40.940" r="0.595" parent="348"/>
   <Point id="403" x="-52.120" y="130.790" z="-52.380" r="0.715" parent="402"/>
   <Point id="464" x="11.690" y="150.750" z="-9.300" r="0.595" parent="463"/>
   <Point id="553" x="8.640" y="209.210" z="30.660" r="0.475" parent="552"/>
   <Point id="574" x="16.380" y="210.610" z="27.850" r="0.475" parent="573"/>
   <Point id="32" x="-70.230" y="178.240" z="11.580" r="0.595" parent="31"/>
   <Point id="102" x="-56.790" y="191.730" z="12.640" r="0.595" parent="101"/>
   <Point id="160" x="-18.680" y="158.040" z="3.330" r="0.475" parent="159"/>
   <Point id="253" x="46.630" y="116.330" z="-12.260" r="0.595" parent="252"/>
   <Point id="297" x="49.200" y="134.330" z="1.130" r="0.595" parent="296"/>
   <Point id="350" x="-74.930" y="149.340" z="-43.180" r="0.595" parent="349"/>
   <Point id="404" x="-51.610" y="135.330" z="-54.260" r="0.715" parent="403"/>
   <Point id="465" x="11.820" y="153.250" z="-10.990" r="0.595" parent="464"/>
   <Point id="554" x="9.000" y="218.400" z="30.660" r="0.475" parent="553"/>
   <Point id="575" x="18.530" y="218.120" z="27.850" r="0.475" parent="574"/>
   <Point id="33" x="-73.170" y="190.090" z="12.670" r="0.595" parent="32"/>
   <Point id="103" x="-56.400" y="198.890" z="12.640" r="0.595" parent="102"/>
   <Point id="161" x="-20.350" y="167.910" z="3.330" r="0.475" parent="160"/>
   <Point id="254" x="47.900" y="124.440" z="-15.340" r="0.595" parent="253"/>
   <Point id="298" x="50.850" y="147.810" z="1.130" r="0.595" parent="297"/>
   <Point id="351" x="-76.580" y="152.440" z="-45.720" r="0.595" parent="350"/>
   <Point id="405" x="-51.360" y="138.550" z="-54.260" r="0.715" parent="404"/>
   <Point id="466" x="11.950" y="160.410" z="-10.990" r="0.475" parent="465"/>
   <Point id="501" x="16.340" y="159.890" z="-10.820" r="0.475" parent="465"/>
   <Point id="555" x="9.390" y="227.580" z="30.660" r="0.475" parent="554"/>
   <Point id="576" x="21.800" y="226.840" z="27.850" r="0.475" parent="575"/>
   <Point id="34" x="-75.360" y="200.970" z="12.670" r="0.595" parent="33"/>
   <Point id="104" x="-56.270" y="205.690" z="12.640" r="0.595" parent="103"/>
   <Point id="162" x="-21.010" y="174.970" z="1.660" r="0.475" parent="161"/>
   <Point id="255" x="50.050" y="131.450" z="-15.340" r="0.595" parent="254"/>
   <Point id="299" x="52.730" y="156.640" z="1.130" r="0.595" parent="298"/>
   <Point id="352" x="-78.100" y="156.870" z="-45.720" r="0.595" parent="351"/>
   <Point id="406" x="-49.090" y="143.900" z="-57.800" r="0.595" parent="405"/>
   <Point id="467" x="13.170" y="167.090" z="-10.990" r="0.475" parent="466"/>
   <Point id="502" x="19.130" y="166.330" z="-10.820" r="0.475" parent="501"/>
   <Point id="556" x="10.570" y="237.990" z="30.660" r="0.475" parent="555"/>
   <Point id="577" x="24.330" y="232.690" z="27.850" r="0.475" parent="576"/>
   <Point id="35" x="-77.480" y="210.140" z="12.670" r="0.595" parent="34"/>
   <Point id="105" x="-56.810" y="214.200" z="12.640" r="0.595" parent="104"/>
   <Point id="163" x="-21.390" y="182.960" z="1.660" r="0.475" parent="162"/>
   <Point id="256" x="51.070" y="136.220" z="-17.430" r="0.595" parent="255"/>
   <Point id="300" x="55.260" y="168.330" z="1.130" r="0.595" parent="299"/>
   <Point id="353" x="-78.730" y="159.010" z="-46.150" r="0.595" parent="352"/>
   <Point id="407" x="-47.700" y="147.840" z="-59.620" r="0.595" parent="406"/>
   <Point id="468" x="13.420" y="172.820" z="-11.470" r="0.475" parent="467"/>
   <Point id="503" x="23.790" y="173.010" z="-12.430" r="0.475" parent="502"/>
   <Point id="557" x="10.620" y="249.230" z="27.100" r="0.475" parent="556"/>
   <Point id="578" x="27.850" y="242.550" z="27.850" r="0.475" parent="577"/>
   <Point id="36" x="-79.770" y="217.420" z="13.650" r="0.595" parent="35"/>
   <Point id="106" x="-56.810" y="219.090" z="12.640" r="0.595" parent="105"/>
   <Point id="164" x="-21.760" y="185.640" z="2.980" r="0.475" parent="163"/>
   <Point id="257" x="53.200" y="139.790" z="-17.430" r="0.595" parent="256"/>
   <Point id="301" x="58.670" y="177.280" z="0.010" r="0.595" parent="300"/>
   <Point id="354" x="-81.140" y="164.140" z="-48.380" r="0.595" parent="353"/>
   <Point id="408" x="-46.110" y="151.990" z="-60.810" r="0.595" parent="407"/>
   <Point id="469" x="14.260" y="182.400" z="-11.470" r="0.475" parent="468"/>
   <Point id="504" x="26.330" y="178.260" z="-15.060" r="0.475" parent="503"/>
   <Point id="558" x="12.020" y="260.070" z="27.100" r="0.475" parent="557"/>
   <Point id="579" x="31.380" y="253.510" z="27.410" r="0.475" parent="578"/>
   <Point id="37" x="-82.640" y="225.710" z="13.870" r="0.595" parent="36"/>
   <Point id="107" x="-57.280" y="223.430" z="13.180" r="0.595" parent="106"/>
   <Point id="165" x="-22.770" y="190.890" z="2.980" r="0.475" parent="164"/>
   <Point id="211" x="-21.520" y="191.100" z="1.040" r="0.475" parent="164"/>
   <Point id="258" x="55.230" y="144.090" z="-17.430" r="0.595" parent="257"/>
   <Point id="302" x="61.840" y="186.940" z="0.010" r="0.595" parent="301"/>
   <Point id="355" x="-83.640" y="166.760" z="-48.660" r="0.595" parent="354"/>
   <Point id="409" x="-45.090" y="157.240" z="-63.110" r="0.595" parent="408"/>
   <Point id="470" x="14.370" y="186.710" z="-14.540" r="0.475" parent="469"/>
   <Point id="505" x="27.950" y="184.180" z="-14.690" r="0.475" parent="504"/>
   <Point id="559" x="12.730" y="272.180" z="27.100" r="0.475" parent="558"/>
   <Point id="580" x="36.190" y="264.310" z="27.410" r="0.475" parent="579"/>
   <Point id="38" x="-85.180" y="232.980" z="13.870" r="0.595" parent="37"/>
   <Point id="108" x="-56.520" y="231.420" z="13.180" r="0.595" parent="107"/>
   <Point id="166" x="-23.910" y="199.480" z="2.980" r="0.475" parent="165"/>
   <Point id="212" x="-21.520" y="198.370" z="1.040" r="0.475" parent="211"/>
   <Point id="259" x="57.510" y="148.140" z="-17.430" r="0.595" parent="258"/>
   <Point id="303" x="64.110" y="190.630" z="-2.180" r="0.595" parent="302"/>
   <Point id="356" x="-86.680" y="170.220" z="-48.660" r="0.595" parent="355"/>
   <Point id="410" x="-45.660" y="161.990" z="-63.110" r="0.595" parent="409"/>
   <Point id="471" x="13.990" y="193.390" z="-14.540" r="0.475" parent="470"/>
   <Point id="506" x="30.990" y="188.710" z="-18.340" r="0.475" parent="505"/>
   <Point id="560" x="12.440" y="281.560" z="27.100" r="0.475" parent="559"/>
   <Point id="581" x="40.360" y="275.550" z="27.410" r="0.475" parent="580"/>
   <Point id="39" x="-87.210" y="235.820" z="14.500" r="0.595" parent="38"/>
   <Point id="109" x="-56.500" y="235.990" z="11.010" r="0.595" parent="108"/>
   <Point id="167" x="-25.550" y="207.170" z="4.420" r="0.475" parent="166"/>
   <Point id="213" x="-21.380" y="209.030" z="-5.060" r="0.475" parent="212"/>
   <Point id="260" x="60.540" y="156.240" z="-17.430" r="0.595" parent="259"/>
   <Point id="304" x="67.020" y="199.460" z="-2.180" r="0.595" parent="303"/>
   <Point id="357" x="-90.620" y="175.940" z="-52.040" r="0.595" parent="356"/>
   <Point id="411" x="-45.030" y="165.440" z="-66.410" r="0.595" parent="410"/>
   <Point id="472" x="13.140" y="200.370" z="-16.640" r="0.475" parent="471"/>
   <Point id="507" x="34.450" y="189.330" z="-21.540" r="0.475" parent="506"/>
   <Point id="561" x="12.880" y="291.630" z="27.100" r="0.475" parent="560"/>
   <Point id="582" x="41.690" y="282.290" z="25.410" r="0.595" parent="581"/>
   <Point id="40" x="-88.100" y="240.470" z="14.500" r="0.595" parent="39"/>
   <Point id="110" x="-55.230" y="242.900" z="15.920" r="0.595" parent="109"/>
   <Point id="168" x="-26.190" y="212.300" z="3.110" r="0.475" parent="167"/>
   <Point id="214" x="-19.850" y="219.150" z="-5.060" r="0.475" parent="213"/>
   <Point id="261" x="61.560" y="158.390" z="-19.770" r="0.595" parent="260"/>
   <Point id="305" x="69.180" y="206.690" z="-2.180" r="0.595" parent="304"/>
   <Point id="358" x="-94.510" y="178.800" z="-52.040" r="0.595" parent="357"/>
   <Point id="412" x="-44.470" y="166.960" z="-68.880" r="0.595" parent="411"/>
   <Point id="473" x="12.630" y="208.960" z="-16.640" r="0.475" parent="472"/>
   <Point id="508" x="36.990" y="191.720" z="-21.540" r="0.475" parent="507"/>
   <Point id="562" x="12.900" y="302.830" z="27.780" r="0.475" parent="561"/>
   <Point id="583" x="42.830" y="288.740" z="25.410" r="0.595" parent="582"/>
   <Point id="41" x="-89.750" y="243.220" z="14.500" r="0.595" parent="40"/>
   <Point id="111" x="-53.400" y="246.390" z="15.340" r="0.595" parent="110"/>
   <Point id="169" x="-27.620" y="220.330" z="3.110" r="0.475" parent="168"/>
   <Point id="215" x="-19.010" y="228.080" z="-5.060" r="0.475" parent="214"/>
   <Point id="262" x="62.640" y="164.620" z="-19.770" r="0.595" parent="261"/>
   <Point id="306" x="70.960" y="215.160" z="-0.300" r="0.595" parent="305"/>
   <Point id="359" x="-96.540" y="183.450" z="-53.960" r="0.595" parent="358"/>
   <Point id="413" x="-44.850" y="170.300" z="-68.880" r="0.595" parent="412"/>
   <Point id="474" x="8.820" y="217.130" z="-19.880" r="0.475" parent="473"/>
   <Point id="509" x="39.140" y="197.320" z="-21.540" r="0.475" parent="508"/>
   <Point id="563" x="12.970" y="312.360" z="27.780" r="0.475" parent="562"/>
   <Point id="584" x="46.250" y="293.580" z="25.700" r="0.595" parent="583"/>
   <Point id="42" x="-92.140" y="245.310" z="15.340" r="0.595" parent="41"/>
   <Point id="67" x="-89.750" y="246.910" z="14.410" r="0.475" parent="41"/>
   <Point id="112" x="-53.650" y="255.100" z="17.920" r="0.595" parent="111"/>
   <Point id="170" x="-28.890" y="228.680" z="3.110" r="0.475" parent="169"/>
   <Point id="216" x="-18.760" y="234.880" z="-5.060" r="0.475" parent="215"/>
   <Point id="263" x="63.400" y="170.820" z="-19.770" r="0.595" parent="262"/>
   <Point id="307" x="73.810" y="225.950" z="-0.300" r="0.595" parent="306"/>
   <Point id="360" x="-99.960" y="191.680" z="-56.780" r="0.475" parent="359"/>
   <Point id="414" x="-44.980" y="173.760" z="-72.340" r="0.595" parent="413"/>
   <Point id="475" x="6.030" y="224.760" z="-23.260" r="0.475" parent="474"/>
   <Point id="510" x="40.540" y="201.740" z="-19.380" r="0.475" parent="509"/>
   <Point id="564" x="12.840" y="320.440" z="27.780" r="0.475" parent="563"/>
   <Point id="585" x="50.310" y="300.980" z="25.940" r="0.595" parent="584"/>
   <Point id="43" x="-95.430" y="250.320" z="15.340" r="0.595" parent="42"/>
   <Point id="68" x="-90.890" y="255.030" z="14.410" r="0.475" parent="67"/>
   <Point id="113" x="-54.720" y="263.720" z="18.950" r="0.595" parent="112"/>
   <Point id="171" x="-29.460" y="230.640" z="3.460" r="0.475" parent="170"/>
   <Point id="217" x="-17.130" y="243.400" z="-5.060" r="0.475" parent="216"/>
   <Point id="264" x="65.450" y="177.260" z="-22.100" r="0.595" parent="263"/>
   <Point id="308" x="77.630" y="240.250" z="-0.300" r="0.595" parent="307"/>
   <Point id="361" x="-101.620" y="193.160" z="-56.780" r="0.475" parent="360"/>
   <Point id="415" x="-45.610" y="179.730" z="-74.860" r="0.595" parent="414"/>
   <Point id="476" x="2.600" y="235.790" z="-26.590" r="0.475" parent="475"/>
   <Point id="511" x="42.780" y="207.100" z="-21.140" r="0.475" parent="510"/>
   <Point id="565" x="10.430" y="326.410" z="27.780" r="0.475" parent="564"/>
   <Point id="586" x="57.270" y="307.930" z="21.860" r="0.595" parent="585"/>
   <Point id="44" x="-97.970" y="254.490" z="13.960" r="0.475" parent="43"/>
   <Point id="69" x="-90.910" y="261.520" z="10.980" r="0.475" parent="68"/>
   <Point id="114" x="-55.480" y="267.780" z="18.170" r="0.595" parent="113"/>
   <Point id="172" x="-30.220" y="232.910" z="1.430" r="0.475" parent="171"/>
   <Point id="218" x="-16.370" y="249.250" z="-5.060" r="0.475" parent="217"/>
   <Point id="265" x="67.740" y="185.610" z="-22.100" r="0.595" parent="264"/>
   <Point id="309" x="81.430" y="254.890" z="-0.760" r="0.595" parent="308"/>
   <Point id="362" x="-102.770" y="197.700" z="-58.680" r="0.475" parent="361"/>
   <Point id="416" x="-46.080" y="186.650" z="-74.860" r="0.595" parent="415"/>
   <Point id="477" x="-0.170" y="244.640" z="-27.320" r="0.475" parent="476"/>
   <Point id="512" x="44.810" y="214.260" z="-21.140" r="0.475" parent="511"/>
   <Point id="566" x="7.890" y="333.210" z="27.780" r="0.475" parent="565"/>
   <Point id="587" x="60.060" y="316.160" z="21.860" r="0.595" parent="586"/>
   <Point id="45" x="-102.620" y="260.440" z="13.960" r="0.475" parent="44"/>
   <Point id="70" x="-91.800" y="267.730" z="10.980" r="0.475" parent="69"/>
   <Point id="115" x="-56.440" y="275.090" z="19.590" r="0.595" parent="114"/>
   <Point id="173" x="-30.350" y="234.100" z="1.430" r="0.475" parent="172"/>
   <Point id="219" x="-14.850" y="256.250" z="-7.610" r="0.475" parent="218"/>
   <Point id="266" x="70.610" y="191.940" z="-22.100" r="0.595" parent="265"/>
   <Point id="310" x="85.740" y="262.730" z="-0.760" r="0.595" parent="309"/>
   <Point id="363" x="-105.300" y="201.160" z="-58.680" r="0.475" parent="362"/>
   <Point id="417" x="-46.590" y="192.620" z="-77.560" r="0.595" parent="416"/>
   <Point id="478" x="-1.560" y="251.440" z="-28.610" r="0.475" parent="477"/>
   <Point id="513" x="47.110" y="221.250" z="-24.070" r="0.475" parent="512"/>
   <Point id="567" x="8.010" y="337.630" z="27.780" r="0.475" parent="566"/>
   <Point id="588" x="64.410" y="323.850" z="21.860" r="0.595" parent="587"/>
   <Point id="46" x="-105.790" y="264.860" z="13.960" r="0.475" parent="45"/>
   <Point id="71" x="-93.050" y="275.520" z="8.450" r="0.475" parent="70"/>
   <Point id="116" x="-57.590" y="283.200" z="19.590" r="0.595" parent="115"/>
   <Point id="174" x="-32.630" y="237.080" z="1.750" r="0.475" parent="173"/>
   <Point id="193" x="-31.190" y="239.700" z="1.280" r="0.475" parent="173"/>
   <Point id="220" x="-13.590" y="262.450" z="-8.760" r="0.475" parent="219"/>
   <Point id="267" x="72.640" y="197.780" z="-22.100" r="0.595" parent="266"/>
   <Point id="311" x="87.130" y="268.810" z="-0.760" r="0.595" parent="310"/>
   <Point id="364" x="-108.400" y="204.790" z="-62.340" r="0.475" parent="363"/>
   <Point id="418" x="-47.030" y="197.190" z="-79.400" r="0.595" parent="417"/>
   <Point id="479" x="-4.240" y="261.550" z="-32.180" r="0.475" parent="478"/>
   <Point id="514" x="48.880" y="224.830" z="-26.470" r="0.475" parent="513"/>
   <Point id="568" x="6.500" y="343.100" z="29.560" r="0.475" parent="567"/>
   <Point id="589" x="65.930" y="329.570" z="22.940" r="0.595" parent="588"/>
   <Point id="47" x="-111.560" y="270.130" z="13.960" r="0.475" parent="46"/>
   <Point id="72" x="-94.320" y="283.030" z="8.450" r="0.475" parent="71"/>
   <Point id="117" x="-60.620" y="295.860" z="19.590" r="0.595" parent="116"/>
   <Point id="175" x="-34.920" y="241.620" z="1.750" r="0.475" parent="174"/>
   <Point id="194" x="-32.590" y="246.500" z="1.280" r="0.475" parent="193"/>
   <Point id="221" x="-12.940" y="272.430" z="-8.760" r="0.475" parent="220"/>
   <Point id="268" x="75.540" y="204.460" z="-22.100" r="0.595" parent="267"/>
   <Point id="312" x="91.790" y="278.360" z="-0.760" r="0.595" parent="311"/>
   <Point id="365" x="-110.810" y="210.400" z="-62.340" r="0.475" parent="364"/>
   <Point id="419" x="-48.170" y="204.100" z="-81.100" r="0.595" parent="418"/>
   <Point id="480" x="-6.210" y="269.050" z="-32.180" r="0.475" parent="479"/>
   <Point id="515" x="53.210" y="232.450" z="-26.470" r="0.475" parent="514"/>
   <Point id="569" x="4.600" y="350.260" z="29.560" r="0.475" parent="568"/>
   <Point id="590" x="68.690" y="335.340" z="23.500" r="0.595" parent="589"/>
   <Point id="48" x="-115.370" y="276.090" z="13.960" r="0.475" parent="47"/>
   <Point id="73" x="-94.820" y="291.990" z="8.450" r="0.475" parent="72"/>
   <Point id="118" x="-61.970" y="307.030" z="19.590" r="0.595" parent="117"/>
   <Point id="176" x="-37.510" y="246.030" z="1.750" r="0.475" parent="175"/>
   <Point id="195" x="-34.350" y="253.330" z="-0.140" r="0.475" parent="194"/>
   <Point id="222" x="-13.540" y="280.090" z="-8.760" r="0.475" parent="221"/>
   <Point id="269" x="77.570" y="209.940" z="-24.240" r="0.475" parent="268"/>
   <Point id="313" x="94.180" y="287.240" z="-1.260" r="0.595" parent="312"/>
   <Point id="366" x="-113.850" y="214.340" z="-62.340" r="0.475" parent="365"/>
   <Point id="420" x="-49.570" y="209.140" z="-83.770" r="0.595" parent="419"/>
   <Point id="481" x="-8.360" y="273.700" z="-34.740" r="0.475" parent="480"/>
   <Point id="516" x="56.000" y="236.500" z="-25.260" r="0.475" parent="515"/>
   <Point id="570" x="4.060" y="352.600" z="28.280" r="0.475" parent="569"/>
   <Point id="591" x="70.340" y="341.070" z="23.500" r="0.595" parent="590"/>
   <Point id="49" x="-119.010" y="280.090" z="13.960" r="0.475" parent="48"/>
   <Point id="74" x="-95.450" y="299.740" z="8.450" r="0.475" parent="73"/>
   <Point id="119" x="-63.370" y="315.960" z="19.590" r="0.595" parent="118"/>
   <Point id="177" x="-40.050" y="250.920" z="1.750" r="0.475" parent="176"/>
   <Point id="196" x="-36.130" y="262.280" z="-0.140" r="0.475" parent="195"/>
   <Point id="223" x="-13.410" y="287.960" z="-12.020" r="0.475" parent="222"/>
   <Point id="270" x="82.320" y="218.760" z="-24.240" r="0.475" parent="269"/>
   <Point id="314" x="95.450" y="292.850" z="-1.260" r="0.595" parent="313"/>
   <Point id="367" x="-119.990" y="221.530" z="-62.340" r="0.475" parent="366"/>
   <Point id="421" x="-50.210" y="216.420" z="-85.750" r="0.595" parent="420"/>
   <Point id="482" x="-13.200" y="281.170" z="-38.460" r="0.475" parent="481"/>
   <Point id="517" x="60.840" y="243.690" z="-30.950" r="0.475" parent="516"/>
   <Point id="571" x="3.560" y="356.890" z="28.280" r="0.475" parent="570"/>
   <Point id="50" x="-123.320" y="285.100" z="13.960" r="0.475" parent="49"/>
   <Point id="75" x="-96.910" y="306.210" z="5.540" r="0.475" parent="74"/>
   <Point id="120" x="-64.770" y="321.690" z="20.340" r="0.595" parent="119"/>
   <Point id="178" x="-43.220" y="256.780" z="1.090" r="0.475" parent="177"/>
   <Point id="197" x="-36.740" y="268.890" z="1.850" r="0.475" parent="196"/>
   <Point id="224" x="-12.870" y="298.870" z="-12.020" r="0.475" parent="223"/>
   <Point id="271" x="83.970" y="226.160" z="-24.240" r="0.475" parent="270"/>
   <Point id="315" x="97.650" y="297.270" z="-1.260" r="0.595" parent="314"/>
   <Point id="368" x="-123.030" y="227.020" z="-62.340" r="0.475" parent="367"/>
   <Point id="422" x="-51.190" y="224.050" z="-85.750" r="0.475" parent="421"/>
   <Point id="483" x="-15.480" y="286.060" z="-39.150" r="0.475" parent="482"/>
   <Point id="518" x="62.620" y="251.560" z="-33.610" r="0.475" parent="517"/>
   <Point id="51" x="-126.490" y="289.160" z="13.960" r="0.475" parent="50"/>
   <Point id="76" x="-98.810" y="312.890" z="5.540" r="0.475" parent="75"/>
   <Point id="121" x="-64.780" y="331.870" z="24.140" r="0.595" parent="120"/>
   <Point id="179" x="-45.120" y="262.620" z="1.090" r="0.475" parent="178"/>
   <Point id="198" x="-36.480" y="280.230" z="2.670" r="0.475" parent="197"/>
   <Point id="225" x="-11.250" y="309.550" z="-12.730" r="0.475" parent="224"/>
   <Point id="272" x="85.170" y="233.530" z="-24.240" r="0.475" parent="271"/>
   <Point id="316" x="97.780" y="301.920" z="-3.770" r="0.595" parent="315"/>
   <Point id="369" x="-127.090" y="232.500" z="-64.260" r="0.475" parent="368"/>
   <Point id="423" x="-52.710" y="229.180" z="-87.420" r="0.475" parent="422"/>
   <Point id="484" x="-18.290" y="291.260" z="-40.720" r="0.595" parent="483"/>
   <Point id="519" x="64.530" y="260.680" z="-33.610" r="0.475" parent="518"/>
   <Point id="52" x="-133.810" y="297.350" z="13.960" r="0.475" parent="51"/>
   <Point id="77" x="-101.580" y="323.020" z="6.860" r="0.475" parent="76"/>
   <Point id="122" x="-66.170" y="339.960" z="21.700" r="0.715" parent="121"/>
   <Point id="180" x="-46.620" y="269.060" z="1.090" r="0.475" parent="179"/>
   <Point id="199" x="-36.000" y="288.090" z="4.300" r="0.475" parent="198"/>
   <Point id="226" x="-9.530" y="315.380" z="-12.730" r="0.475" parent="225"/>
   <Point id="273" x="87.320" y="241.280" z="-24.240" r="0.475" parent="272"/>
   <Point id="317" x="99.850" y="308.260" z="-3.770" r="0.595" parent="316"/>
   <Point id="370" x="-128.740" y="237.150" z="-64.260" r="0.475" parent="369"/>
   <Point id="424" x="-54.100" y="233.030" z="-89.540" r="0.475" parent="423"/>
   <Point id="485" x="-20.210" y="294.790" z="-41.230" r="0.595" parent="484"/>
   <Point id="520" x="66.050" y="266.290" z="-30.300" r="0.475" parent="519"/>
   <Point id="53" x="-137.740" y="301.050" z="15.840" r="0.475" parent="52"/>
   <Point id="78" x="-102.850" y="327.820" z="6.860" r="0.475" parent="77"/>
   <Point id="123" x="-65.790" y="344.620" z="21.700" r="0.595" parent="122"/>
   <Point id="181" x="-47.890" y="274.660" z="1.090" r="0.475" parent="180"/>
   <Point id="200" x="-36.120" y="297.270" z="4.300" r="0.475" parent="199"/>
   <Point id="227" x="-9.650" y="320.390" z="-12.730" r="0.475" parent="226"/>
   <Point id="274" x="88.690" y="248.250" z="-24.240" r="0.475" parent="273"/>
   <Point id="318" x="101.320" y="311.480" z="-3.770" r="0.595" parent="317"/>
   <Point id="371" x="-130.860" y="242.380" z="-64.260" r="0.475" parent="370"/>
   <Point id="425" x="-55.620" y="238.160" z="-92.190" r="0.475" parent="424"/>
   <Point id="486" x="-22.360" y="298.490" z="-43.600" r="0.595" parent="485"/>
   <Point id="521" x="67.930" y="273.610" z="-31.760" r="0.475" parent="520"/>
   <Point id="54" x="-142.800" y="304.420" z="15.340" r="0.475" parent="53"/>
   <Point id="79" x="-105.900" y="333.300" z="6.860" r="0.475" parent="78"/>
   <Point id="124" x="-64.180" y="348.190" z="19.940" r="0.595" parent="123"/>
   <Point id="182" x="-50.490" y="284.400" z="1.090" r="0.475" parent="181"/>
   <Point id="201" x="-36.100" y="306.760" z="4.300" r="0.475" parent="200"/>
   <Point id="228" x="-9.700" y="324.830" z="-12.730" r="0.475" parent="227"/>
   <Point id="275" x="89.330" y="253.860" z="-24.240" r="0.475" parent="274"/>
   <Point id="319" x="103.330" y="315.710" z="-3.770" r="0.595" parent="318"/>
   <Point id="372" x="-133.010" y="247.390" z="-64.260" r="0.475" parent="371"/>
   <Point id="426" x="-57.010" y="242.690" z="-95.310" r="0.475" parent="425"/>
   <Point id="487" x="-23.250" y="300.880" z="-46.300" r="0.595" parent="486"/>
   <Point id="522" x="73.100" y="283.310" z="-36.530" r="0.475" parent="521"/>
   <Point id="55" x="-146.990" y="306.450" z="15.340" r="0.475" parent="54"/>
   <Point id="80" x="-109.080" y="338.250" z="6.860" r="0.475" parent="79"/>
   <Point id="125" x="-63.170" y="350.220" z="19.940" r="0.595" parent="124"/>
   <Point id="183" x="-54.430" y="293.960" z="1.090" r="0.475" parent="182"/>
   <Point id="202" x="-35.720" y="311.350" z="2.490" r="0.475" parent="201"/>
   <Point id="229" x="-8.560" y="331.150" z="-12.730" r="0.475" parent="228"/>
   <Point id="276" x="92.290" y="261.130" z="-24.240" r="0.475" parent="275"/>
   <Point id="320" x="105.230" y="324.060" z="-3.770" r="0.595" parent="319"/>
   <Point id="373" x="-137.800" y="255.760" z="-64.260" r="0.475" parent="372"/>
   <Point id="427" x="-60.650" y="248.700" z="-98.490" r="0.475" parent="426"/>
   <Point id="488" x="-26.350" y="305.110" z="-48.290" r="0.595" parent="487"/>
   <Point id="497" x="-22.370" y="303.250" z="-47.490" r="0.360" parent="487"/>
   <Point id="523" x="76.340" y="292.160" z="-36.530" r="0.475" parent="522"/>
   <Point id="56" x="-151.170" y="309.190" z="11.770" r="0.475" parent="55"/>
   <Point id="81" x="-112.630" y="343.620" z="6.860" r="0.475" parent="80"/>
   <Point id="126" x="-62.400" y="352.130" z="19.940" r="0.595" parent="125"/>
   <Point id="184" x="-57.490" y="303.360" z="1.090" r="0.475" parent="183"/>
   <Point id="203" x="-37.240" y="318.150" z="1.390" r="0.475" parent="202"/>
   <Point id="230" x="-6.800" y="338.170" z="-17.140" r="0.475" parent="229"/>
   <Point id="277" x="93.680" y="266.380" z="-24.240" r="0.475" parent="276"/>
   <Point id="374" x="-140.330" y="262.210" z="-64.820" r="0.475" parent="373"/>
   <Point id="428" x="-63.700" y="255.620" z="-101.980" r="0.475" parent="427"/>
   <Point id="489" x="-28.120" y="307.260" z="-50.270" r="0.475" parent="488"/>
   <Point id="498" x="-20.850" y="306.120" z="-47.710" r="0.360" parent="497"/>
   <Point id="524" x="77.230" y="296.100" z="-36.640" r="0.475" parent="523"/>
   <Point id="57" x="-154.040" y="313.010" z="8.620" r="0.475" parent="56"/>
   <Point id="82" x="-115.880" y="346.150" z="4.650" r="0.475" parent="81"/>
   <Point id="127" x="-62.660" y="353.560" z="19.940" r="0.595" parent="126"/>
   <Point id="185" x="-59.790" y="312.840" z="1.090" r="0.475" parent="184"/>
   <Point id="204" x="-39.460" y="326.720" z="1.390" r="0.475" parent="203"/>
   <Point id="231" x="-5.710" y="342.350" z="-13.490" r="0.475" parent="230"/>
   <Point id="278" x="95.350" y="273.570" z="-24.240" r="0.475" parent="277"/>
   <Point id="375" x="-143.980" y="272.350" z="-66.640" r="0.475" parent="374"/>
   <Point id="429" x="-68.650" y="263.960" z="-100.070" r="0.475" parent="428"/>
   <Point id="490" x="-28.880" y="308.090" z="-50.270" r="0.475" parent="489"/>
   <Point id="499" x="-18.620" y="308.880" z="-50.460" r="0.360" parent="498"/>
   <Point id="525" x="81.360" y="300.070" z="-36.580" r="0.475" parent="524"/>
   <Point id="58" x="-156.200" y="318.740" z="8.620" r="0.475" parent="57"/>
   <Point id="83" x="-118.550" y="349.370" z="6.430" r="0.475" parent="82"/>
   <Point id="128" x="-60.760" y="354.400" z="17.620" r="0.475" parent="127"/>
   <Point id="186" x="-63.070" y="323.230" z="1.090" r="0.475" parent="185"/>
   <Point id="205" x="-41.740" y="331.250" z="1.390" r="0.475" parent="204"/>
   <Point id="232" x="-3.980" y="345.430" z="-14.690" r="0.475" parent="231"/>
   <Point id="279" x="96.230" y="280.850" z="-24.240" r="0.475" parent="278"/>
   <Point id="376" x="-148.490" y="280.440" z="-66.640" r="0.475" parent="375"/>
   <Point id="430" x="-70.300" y="265.510" z="-100.070" r="0.475" parent="429"/>
   <Point id="491" x="-31.800" y="311.070" z="-46.590" r="0.475" parent="490"/>
   <Point id="494" x="-27.010" y="310.810" z="-47.100" r="0.475" parent="490"/>
   <Point id="500" x="-16.460" y="310.550" z="-50.460" r="0.360" parent="499"/>
   <Point id="526" x="83.710" y="303.830" z="-40.580" r="0.595" parent="525"/>
   <Point id="59" x="-159.040" y="329.970" z="6.570" r="0.475" parent="58"/>
   <Point id="84" x="-119.560" y="351.640" z="4.970" r="0.475" parent="83"/>
   <Point id="129" x="-57.860" y="355.850" z="15.580" r="0.475" parent="128"/>
   <Point id="187" x="-67.230" y="331.800" z="1.090" r="0.475" parent="186"/>
   <Point id="206" x="-45.000" y="336.940" z="-0.280" r="0.475" parent="205"/>
   <Point id="233" x="-1.950" y="348.540" z="-14.690" r="0.475" parent="232"/>
   <Point id="280" x="99.780" y="292.030" z="-24.240" r="0.475" parent="279"/>
   <Point id="377" x="-153.230" y="289.390" z="-64.500" r="0.475" parent="376"/>
   <Point id="431" x="-73.350" y="271.260" z="-100.070" r="0.475" parent="430"/>
   <Point id="492" x="-37.360" y="315.940" z="-50.500" r="0.475" parent="491"/>
   <Point id="495" x="-25.990" y="313.910" z="-47.500" r="0.475" parent="494"/>
   <Point id="527" x="84.340" y="308.240" z="-40.580" r="0.595" parent="526"/>
   <Point id="60" x="-161.660" y="338.900" z="6.570" r="0.475" parent="59"/>
   <Point id="85" x="-121.340" y="354.260" z="6.060" r="0.475" parent="84"/>
   <Point id="130" x="-56.840" y="359.300" z="15.580" r="0.475" parent="129"/>
   <Point id="188" x="-70.530" y="338.010" z="-0.180" r="0.475" parent="187"/>
   <Point id="207" x="-47.410" y="341.710" z="-0.280" r="0.475" parent="206"/>
   <Point id="281" x="101.090" y="297.980" z="-24.240" r="0.475" parent="280"/>
   <Point id="378" x="-159.520" y="296.330" z="-64.500" r="0.475" parent="377"/>
   <Point id="432" x="-74.110" y="276.750" z="-101.620" r="0.475" parent="431"/>
   <Point id="493" x="-40.150" y="319.160" z="-50.500" r="0.475" parent="492"/>
   <Point id="496" x="-25.870" y="317.730" z="-47.500" r="0.475" parent="495"/>
   <Point id="528" x="84.090" y="311.350" z="-40.580" r="0.595" parent="527"/>
   <Point id="61" x="-163.310" y="344.990" z="6.570" r="0.475" parent="60"/>
   <Point id="86" x="-128.360" y="357.030" z="6.060" r="0.595" parent="85"/>
   <Point id="131" x="-55.700" y="360.500" z="20.980" r="0.475" parent="130"/>
   <Point id="189" x="-75.200" y="343.860" z="-0.180" r="0.475" parent="188"/>
   <Point id="208" x="-50.550" y="345.430" z="4.500" r="0.475" parent="207"/>
   <Point id="282" x="102.610" y="303.230" z="-26.950" r="0.475" parent="281"/>
   <Point id="379" x="-162.430" y="300.870" z="-64.500" r="0.475" parent="378"/>
   <Point id="433" x="-75.370" y="282.220" z="-103.110" r="0.475" parent="432"/>
   <Point id="62" x="-166.320" y="351.280" z="5.790" r="0.475" parent="61"/>
   <Point id="87" x="-131.910" y="360.960" z="9.180" r="0.595" parent="86"/>
   <Point id="132" x="-54.690" y="362.530" z="16.900" r="0.475" parent="131"/>
   <Point id="190" x="-79.130" y="349.820" z="1.380" r="0.475" parent="189"/>
   <Point id="209" x="-52.700" y="351.040" z="4.500" r="0.475" parent="208"/>
   <Point id="283" x="105.610" y="312.160" z="-25.180" r="0.475" parent="282"/>
   <Point id="380" x="-165.420" y="310.710" z="-62.350" r="0.475" parent="379"/>
   <Point id="434" x="-76.510" y="285.920" z="-106.140" r="0.475" parent="433"/>
   <Point id="63" x="-168.350" y="357.010" z="5.790" r="0.475" parent="62"/>
   <Point id="88" x="-136.860" y="362.870" z="9.180" r="0.595" parent="87"/>
   <Point id="133" x="-53.610" y="363.010" z="19.420" r="0.595" parent="132"/>
   <Point id="191" x="-81.890" y="351.360" z="1.500" r="0.475" parent="190"/>
   <Point id="210" x="-53.280" y="354.870" z="7.020" r="0.475" parent="209"/>
   <Point id="284" x="108.020" y="318.960" z="-27.500" r="0.475" parent="283"/>
   <Point id="381" x="-169.230" y="316.020" z="-62.350" r="0.475" parent="380"/>
   <Point id="435" x="-75.490" y="292.370" z="-106.140" r="0.595" parent="434"/>
   <Point id="64" x="-171.120" y="362.530" z="4.420" r="0.475" parent="63"/>
   <Point id="134" x="-51.970" y="363.370" z="22.180" r="0.595" parent="133"/>
   <Point id="192" x="-87.470" y="350.770" z="-2.290" r="0.475" parent="191"/>
   <Point id="285" x="110.310" y="321.520" z="-28.600" r="0.475" parent="284"/>
   <Point id="382" x="-171.770" y="320.910" z="-62.350" r="0.475" parent="381"/>
   <Point id="436" x="-75.610" y="300.250" z="-106.140" r="0.595" parent="435"/>
   <Point id="65" x="-172.640" y="366.340" z="4.420" r="0.475" parent="64"/>
   <Point id="286" x="111.190" y="322.370" z="-28.600" r="0.595" parent="285"/>
   <Point id="383" x="-177.740" y="327.610" z="-62.350" r="0.475" parent="382"/>
   <Point id="437" x="-75.580" y="305.820" z="-104.800" r="0.595" parent="436"/>
   <Point id="66" x="-173.740" y="367.310" z="4.420" r="0.595" parent="65"/>
   <Point id="384" x="-179.890" y="330.950" z="-62.350" r="0.475" parent="383"/>
   <Point id="385" x="-181.300" y="332.160" z="-60.030" r="0.595" parent="384"/>
   <Point id="386" x="-186.120" y="332.160" z="-60.030" r="0.595" parent="385"/>
   <Point id="387" x="-190.300" y="332.760" z="-60.380" r="0.595" parent="386"/>
   <Point id="388" x="-192.590" y="332.970" z="-60.380" r="0.595" parent="387"/>
   <Point id="389" x="-195.500" y="335.000" z="-59.230" r="0.595" parent="388"/>
   <Point id="390" x="-198.170" y="339.530" z="-59.230" r="0.595" parent="389"/>
   <Point id="391" x="-199.940" y="342.630" z="-58.660" r="0.595" parent="390"/>
   <Point id="392" x="-202.950" y="343.090" z="-58.660" r="0.595" parent="391"/>
   <Point id="393" x="-207.770" y="344.050" z="-61.310" r="0.595" parent="392"/>
   <Point id="394" x="-212.210" y="346.190" z="-61.310" r="0.595" parent="393"/>
   <Point id="395" x="-217.380" y="351.580" z="-61.310" r="0.595" parent="394"/>
</CellMorphology>

