<CellMorphology id="g0692P1">
   <Point id="1" x="-2.551" y="15.410" z="7.059" label="soma" r="1.575"/>
   <Point id="2" x="1.086" y="19.050" z="10.700" r="1.575" label="soma" parent="1"/>
   <Point id="1910" x="-2.550" y="18.220" z="10.930" r="1.575" label="soma" parent="1"/>
   <Point id="3" x="4.230" y="-6.970" z="-4.400" r="0.580" parent="2"/>
   <Point id="47" x="-1.030" y="8.090" z="10.260" r="0.910" parent="2"/>
   <Point id="84" x="2.610" y="6.350" z="4.200" r="1.080" parent="2"/>
   <Point id="255" x="-6.880" y="4.770" z="-5.270" r="1.080" parent="2"/>
   <Point id="394" x="-7.890" y="8.020" z="3.400" r="1.160" parent="2"/>
   <Point id="510" x="0.774" y="13.560" z="7.616" r="1.575" parent="2"/>
   <Point id="781" x="-5.730" y="0.520" z="0.470" r="0.830" parent="2"/>
   <Point id="1911" x="-3.210" y="21.700" z="10.930" r="1.245" label="soma" parent="1910"/>
   <Point id="4" x="6.550" y="-9.120" z="-4.400" r="0.580" parent="3"/>
   <Point id="48" x="-0.360" y="4.950" z="16.530" r="0.910" parent="47"/>
   <Point id="85" x="4.760" y="5.360" z="4.200" r="1.080" parent="84"/>
   <Point id="256" x="-10.530" y="3.110" z="-12.200" r="1.080" parent="255"/>
   <Point id="395" x="-9.720" y="8.350" z="3.400" r="1.160" parent="394"/>
   <Point id="511" x="-6.310" y="5.270" z="4.530" r="0.830" parent="510"/>
   <Point id="638" x="2.470" y="8.340" z="-3.930" r="1.080" parent="510"/>
   <Point id="782" x="-6.060" y="-0.970" z="0.470" r="0.830" parent="781"/>
   <Point id="1912" x="-4.040" y="26.820" z="13.930" r="1.080" label="soma" parent="1911"/>
   <Point id="5" x="10.860" y="-12.600" z="-6.660" r="0.415" parent="4"/>
   <Point id="49" x="-0.530" y="2.300" z="23.460" r="0.745" parent="48"/>
   <Point id="86" x="9.240" y="2.540" z="6.930" r="0.745" parent="85"/>
   <Point id="257" x="-14.680" y="4.600" z="-22.660" r="0.745" parent="256"/>
   <Point id="346" x="-14.010" y="-1.560" z="-17.730" r="0.500" parent="256"/>
   <Point id="396" x="-12.700" y="8.510" z="3.670" r="0.830" parent="395"/>
   <Point id="512" x="-10.620" y="1.640" z="11.260" r="0.830" parent="511"/>
   <Point id="639" x="4.950" y="8.510" z="-8.060" r="0.745" parent="638"/>
   <Point id="783" x="-9.210" y="-6.590" z="1.330" r="0.665" parent="782"/>
   <Point id="1913" x="-4.040" y="39.730" z="17.400" r="1.080" label="soma" parent="1912"/>
   <Point id="6" x="14.840" y="-14.250" z="-6.660" r="0.415" parent="5"/>
   <Point id="50" x="-3.680" y="0.320" z="31.790" r="0.745" parent="49"/>
   <Point id="87" x="13.550" y="0.560" z="8.930" r="0.745" parent="86"/>
   <Point id="258" x="-18.660" y="8.080" z="-26.260" r="0.500" parent="257"/>
   <Point id="322" x="-17.710" y="1.520" z="-23.190" r="0.500" parent="257"/>
   <Point id="347" x="-15.500" y="-6.860" z="-21.390" r="0.500" parent="346"/>
   <Point id="397" x="-22.330" y="10.330" z="4.470" r="0.830" parent="396"/>
   <Point id="513" x="-14.110" y="-3.660" z="14.400" r="0.500" parent="512"/>
   <Point id="640" x="7.440" y="9.000" z="-12.860" r="0.745" parent="639"/>
   <Point id="784" x="-10.540" y="-9.730" z="1.330" r="0.500" parent="783"/>
   <Point id="1914" x="-7.690" y="48.820" z="21.660" r="0.910" parent="1913"/>
   <Point id="2139" x="3.740" y="39.760" z="24.730" r="0.500" parent="1913"/>
   <Point id="7" x="24.130" y="-16.730" z="-8.330" r="0.415" parent="6"/>
   <Point id="51" x="-4.510" y="-1.340" z="42.260" r="0.745" parent="50"/>
   <Point id="88" x="16.870" y="-1.260" z="9.260" r="0.745" parent="87"/>
   <Point id="259" x="-21.480" y="12.050" z="-29.930" r="0.500" parent="258"/>
   <Point id="323" x="-21.190" y="-1.620" z="-26.730" r="0.500" parent="322"/>
   <Point id="348" x="-17.160" y="-11.160" z="-23.530" r="0.500" parent="347"/>
   <Point id="398" x="-31.950" y="11.320" z="4.200" r="0.830" parent="397"/>
   <Point id="514" x="-18.090" y="-5.970" z="16.330" r="0.500" parent="513"/>
   <Point id="641" x="10.260" y="6.360" z="-22.530" r="0.745" parent="640"/>
   <Point id="692" x="12.120" y="8.400" z="-16.330" r="0.415" parent="640"/>
   <Point id="785" x="-16.350" y="-14.200" z="2.670" r="0.500" parent="784"/>
   <Point id="1915" x="-8.030" y="52.960" z="24.460" r="0.745" parent="1914"/>
   <Point id="2140" x="9.550" y="40.910" z="27.060" r="0.500" parent="2139"/>
   <Point id="8" x="30.600" y="-18.390" z="-8.600" r="0.415" parent="7"/>
   <Point id="52" x="-5.170" y="-3.160" z="51.390" r="0.745" parent="51"/>
   <Point id="89" x="25.160" y="-1.760" z="9.800" r="0.580" parent="88"/>
   <Point id="260" x="-22.140" y="15.850" z="-32.260" r="0.500" parent="259"/>
   <Point id="301" x="-22.020" y="8.230" z="-46.650" r="0.500" parent="259"/>
   <Point id="324" x="-20.860" y="-5.420" z="-33.520" r="0.500" parent="323"/>
   <Point id="349" x="-19.650" y="-16.450" z="-23.460" r="0.500" parent="348"/>
   <Point id="399" x="-36.420" y="7.850" z="7.060" r="0.830" parent="398"/>
   <Point id="485" x="-34.510" y="12.650" z="4.270" r="0.415" parent="398"/>
   <Point id="515" x="-19.080" y="-6.640" z="18.530" r="0.500" parent="514"/>
   <Point id="642" x="12.750" y="4.370" z="-23.790" r="0.500" parent="641"/>
   <Point id="693" x="22.410" y="11.220" z="-26.060" r="0.415" parent="692"/>
   <Point id="712" x="17.650" y="0.990" z="-18.200" r="0.415" parent="692"/>
   <Point id="786" x="-18.170" y="-17.840" z="3.200" r="0.500" parent="785"/>
   <Point id="1916" x="-12.010" y="65.700" z="24.530" r="0.745" parent="1915"/>
   <Point id="2141" x="12.540" y="48.690" z="27.790" r="0.500" parent="2140"/>
   <Point id="2162" x="17.790" y="33.560" z="31.460" r="0.500" parent="2140"/>
   <Point id="9" x="34.920" y="-20.870" z="-10.460" r="0.415" parent="8"/>
   <Point id="53" x="-2.850" y="-3.650" z="60.780" r="0.745" parent="52"/>
   <Point id="90" x="31.470" y="5.520" z="8.660" r="0.415" parent="89"/>
   <Point id="115" x="29.560" y="-2.430" z="9.800" r="0.415" parent="89"/>
   <Point id="261" x="-26.460" y="21.140" z="-37.790" r="0.500" parent="260"/>
   <Point id="302" x="-24.840" y="6.580" z="-52.650" r="0.500" parent="301"/>
   <Point id="325" x="-23.180" y="-12.700" z="-43.190" r="0.500" parent="324"/>
   <Point id="350" x="-21.800" y="-20.750" z="-24.790" r="0.500" parent="349"/>
   <Point id="400" x="-42.890" y="7.850" z="5.730" r="0.830" parent="399"/>
   <Point id="486" x="-39.150" y="17.280" z="0.930" r="0.415" parent="485"/>
   <Point id="516" x="-19.250" y="-13.420" z="21.930" r="0.500" parent="515"/>
   <Point id="551" x="-22.940" y="-7.460" z="22.590" r="0.500" parent="515"/>
   <Point id="643" x="11.590" y="2.720" z="-35.260" r="0.500" parent="642"/>
   <Point id="694" x="28.210" y="16.010" z="-31.930" r="0.415" parent="693"/>
   <Point id="713" x="21.470" y="-0.990" z="-22.590" r="0.415" parent="712"/>
   <Point id="750" x="25.380" y="0.140" z="-26.390" r="0.415" parent="712"/>
   <Point id="787" x="-23.310" y="-24.620" z="2.200" r="0.500" parent="786"/>
   <Point id="1917" x="-13.660" y="73.140" z="22.730" r="0.745" parent="1916"/>
   <Point id="2085" x="-21.340" y="66.790" z="25.260" r="0.500" parent="1916"/>
   <Point id="2142" x="15.690" y="52.990" z="27.790" r="0.500" parent="2141"/>
   <Point id="2163" x="22.360" y="26.180" z="38.120" r="0.500" parent="2162"/>
   <Point id="10" x="38.730" y="-22.030" z="-10.260" r="0.415" parent="9"/>
   <Point id="54" x="-2.850" y="-4.640" z="68.450" r="0.745" parent="53"/>
   <Point id="91" x="34.790" y="8.330" z="6.730" r="0.415" parent="90"/>
   <Point id="116" x="35.700" y="-7.390" z="9.000" r="0.415" parent="115"/>
   <Point id="262" x="-28.950" y="23.130" z="-43.790" r="0.500" parent="261"/>
   <Point id="303" x="-26.500" y="3.270" z="-58.050" r="0.500" parent="302"/>
   <Point id="326" x="-25.170" y="-18.330" z="-44.660" r="0.500" parent="325"/>
   <Point id="351" x="-23.790" y="-22.570" z="-28.330" r="0.500" parent="350"/>
   <Point id="401" x="-49.200" y="7.350" z="4.530" r="0.665" parent="400"/>
   <Point id="487" x="-43.630" y="23.570" z="1.200" r="0.415" parent="486"/>
   <Point id="517" x="-18.590" y="-22.020" z="21.130" r="0.500" parent="516"/>
   <Point id="552" x="-29.070" y="-11.600" z="29.860" r="0.500" parent="551"/>
   <Point id="569" x="-26.590" y="-9.110" z="20.460" r="0.500" parent="551"/>
   <Point id="644" x="10.100" y="0.570" z="-37.790" r="0.500" parent="643"/>
   <Point id="695" x="35.680" y="19.160" z="-41.460" r="0.415" parent="694"/>
   <Point id="714" x="23.630" y="-3.970" z="-23.190" r="0.415" parent="713"/>
   <Point id="751" x="29.030" y="-0.520" z="-29.190" r="0.415" parent="750"/>
   <Point id="788" x="-28.790" y="-24.620" z="2.270" r="0.500" parent="787"/>
   <Point id="832" x="-23.650" y="-28.600" z="-0.930" r="0.415" parent="787"/>
   <Point id="1918" x="-17.310" y="79.090" z="21.260" r="0.745" parent="1917"/>
   <Point id="2086" x="-24.330" y="66.130" z="26.060" r="0.500" parent="2085"/>
   <Point id="2143" x="18.010" y="58.450" z="27.460" r="0.500" parent="2142"/>
   <Point id="2164" x="31.820" y="27.500" z="44.120" r="0.500" parent="2163"/>
   <Point id="11" x="41.550" y="-20.870" z="-12.660" r="0.415" parent="10"/>
   <Point id="55" x="-7.990" y="-5.800" z="71.050" r="0.580" parent="54"/>
   <Point id="59" x="0.300" y="-11.100" z="70.180" r="0.580" parent="54"/>
   <Point id="92" x="36.610" y="10.810" z="5.000" r="0.415" parent="91"/>
   <Point id="117" x="35.740" y="-7.670" z="9.000" r="0.415" parent="116"/>
   <Point id="263" x="-34.250" y="25.770" z="-37.520" r="0.500" parent="262"/>
   <Point id="278" x="-30.080" y="29.090" z="-51.120" r="0.500" parent="262"/>
   <Point id="304" x="-27.660" y="2.110" z="-65.980" r="0.500" parent="303"/>
   <Point id="327" x="-26.830" y="-23.290" z="-50.320" r="0.500" parent="326"/>
   <Point id="352" x="-27.610" y="-29.520" z="-21.060" r="0.500" parent="351"/>
   <Point id="402" x="-55.830" y="6.360" z="7.060" r="0.665" parent="401"/>
   <Point id="488" x="-45.290" y="27.870" z="-0.870" r="0.415" parent="487"/>
   <Point id="518" x="-16.760" y="-24.830" z="20.460" r="0.500" parent="517"/>
   <Point id="553" x="-33.720" y="-11.600" z="31.590" r="0.500" parent="552"/>
   <Point id="570" x="-32.230" y="-11.760" z="19.330" r="0.500" parent="569"/>
   <Point id="605" x="-37.570" y="-16.570" z="17.860" r="0.500" parent="569"/>
   <Point id="645" x="9.930" y="-1.580" z="-39.790" r="0.500" parent="644"/>
   <Point id="696" x="44.630" y="21.640" z="-48.250" r="0.415" parent="695"/>
   <Point id="715" x="28.270" y="-4.140" z="-23.790" r="0.415" parent="714"/>
   <Point id="752" x="33.670" y="1.960" z="-29.190" r="0.415" parent="751"/>
   <Point id="780" x="29.480" y="1.390" z="-25.530" r="0.415" parent="751"/>
   <Point id="789" x="-30.450" y="-24.780" z="4.730" r="0.500" parent="788"/>
   <Point id="833" x="-25.480" y="-30.920" z="-2.200" r="0.415" parent="832"/>
   <Point id="1919" x="-19.140" y="89.680" z="21.990" r="0.745" parent="1918"/>
   <Point id="2087" x="-26.490" y="66.620" z="25.390" r="0.500" parent="2086"/>
   <Point id="2144" x="21.490" y="60.270" z="27.530" r="0.500" parent="2143"/>
   <Point id="2165" x="40.110" y="29.820" z="57.390" r="0.500" parent="2164"/>
   <Point id="12" x="46.030" y="-20.540" z="-13.330" r="0.415" parent="11"/>
   <Point id="56" x="-11.640" y="-6.460" z="73.650" r="0.580" parent="55"/>
   <Point id="60" x="2.460" y="-16.880" z="69.980" r="0.580" parent="59"/>
   <Point id="81" x="5.480" y="-10.440" z="73.380" r="0.580" parent="59"/>
   <Point id="93" x="39.760" y="12.140" z="2.470" r="0.415" parent="92"/>
   <Point id="118" x="42.330" y="-9.540" z="11.400" r="0.415" parent="117"/>
   <Point id="224" x="41.540" y="-11.150" z="-2.200" r="0.415" parent="117"/>
   <Point id="264" x="-37.570" y="30.410" z="-40.720" r="0.500" parent="263"/>
   <Point id="279" x="-34.390" y="31.080" z="-57.190" r="0.500" parent="278"/>
   <Point id="305" x="-28.490" y="-5.830" z="-68.120" r="0.500" parent="304"/>
   <Point id="328" x="-27.990" y="-31.390" z="-59.320" r="0.500" parent="327"/>
   <Point id="353" x="-29.930" y="-34.810" z="-23.990" r="0.500" parent="352"/>
   <Point id="403" x="-60.970" y="6.030" z="3.330" r="0.665" parent="402"/>
   <Point id="489" x="-52.750" y="34.650" z="-1.530" r="0.415" parent="488"/>
   <Point id="519" x="-15.270" y="-29.300" z="18.200" r="0.500" parent="518"/>
   <Point id="554" x="-37.040" y="-13.250" z="34.120" r="0.500" parent="553"/>
   <Point id="571" x="-37.700" y="-13.420" z="19.400" r="0.500" parent="570"/>
   <Point id="606" x="-42.380" y="-19.380" z="17.860" r="0.500" parent="605"/>
   <Point id="646" x="8.770" y="-2.410" z="-41.920" r="0.500" parent="645"/>
   <Point id="697" x="51.930" y="25.280" z="-55.790" r="0.415" parent="696"/>
   <Point id="716" x="35.730" y="-1.490" z="-21.060" r="0.415" parent="715"/>
   <Point id="753" x="37.820" y="2.120" z="-29.190" r="0.415" parent="752"/>
   <Point id="790" x="-34.920" y="-25.120" z="3.600" r="0.415" parent="789"/>
   <Point id="818" x="-34.670" y="-28.740" z="12.330" r="0.415" parent="789"/>
   <Point id="834" x="-27.300" y="-34.560" z="-6.400" r="0.415" parent="833"/>
   <Point id="1920" x="-21.770" y="106.300" z="26.260" r="0.665" parent="1919"/>
   <Point id="2070" x="-23.340" y="92.760" z="19.460" r="0.500" parent="1919"/>
   <Point id="2088" x="-28.970" y="65.630" z="26.390" r="0.500" parent="2087"/>
   <Point id="2145" x="23.650" y="62.580" z="27.460" r="0.500" parent="2144"/>
   <Point id="2166" x="51.720" y="31.640" z="68.780" r="0.500" parent="2165"/>
   <Point id="13" x="53.160" y="-19.880" z="-16.200" r="0.415" parent="12"/>
   <Point id="57" x="-16.950" y="-6.460" z="77.710" r="0.580" parent="56"/>
   <Point id="61" x="1.960" y="-21.680" z="70.920" r="0.580" parent="60"/>
   <Point id="82" x="8.630" y="-11.930" z="74.910" r="0.580" parent="81"/>
   <Point id="94" x="42.750" y="17.270" z="-1.600" r="0.415" parent="93"/>
   <Point id="119" x="45.480" y="-11.190" z="13.930" r="0.415" parent="118"/>
   <Point id="225" x="44.360" y="-12.140" z="-6.600" r="0.415" parent="224"/>
   <Point id="265" x="-41.050" y="35.860" z="-41.920" r="0.500" parent="264"/>
   <Point id="280" x="-40.860" y="32.560" z="-66.380" r="0.500" parent="279"/>
   <Point id="306" x="-24.840" y="-14.100" z="-75.850" r="0.500" parent="305"/>
   <Point id="329" x="-30.310" y="-35.530" z="-59.790" r="0.500" parent="328"/>
   <Point id="354" x="-33.350" y="-43.200" z="-26.460" r="0.500" parent="353"/>
   <Point id="404" x="-63.790" y="1.900" z="4.000" r="0.500" parent="403"/>
   <Point id="438" x="-63.080" y="8.480" z="0.330" r="0.415" parent="403"/>
   <Point id="490" x="-54.410" y="38.620" z="3.000" r="0.415" parent="489"/>
   <Point id="520" x="-13.610" y="-31.280" z="18.060" r="0.500" parent="519"/>
   <Point id="555" x="-41.180" y="-12.590" z="39.190" r="0.500" parent="554"/>
   <Point id="572" x="-45.830" y="-13.580" z="19.400" r="0.500" parent="571"/>
   <Point id="607" x="-45.370" y="-22.690" z="17.930" r="0.500" parent="606"/>
   <Point id="647" x="10.430" y="-5.550" z="-46.320" r="0.500" parent="646"/>
   <Point id="666" x="6.150" y="-2.520" z="-41.390" r="0.415" parent="646"/>
   <Point id="698" x="57.900" y="24.610" z="-62.050" r="0.415" parent="697"/>
   <Point id="717" x="41.540" y="-3.970" z="-16.800" r="0.415" parent="716"/>
   <Point id="754" x="44.290" y="4.940" z="-26.260" r="0.415" parent="753"/>
   <Point id="791" x="-38.570" y="-25.610" z="3.600" r="0.415" parent="790"/>
   <Point id="819" x="-38.320" y="-32.540" z="18.530" r="0.415" parent="818"/>
   <Point id="835" x="-27.300" y="-37.370" z="-9.660" r="0.415" parent="834"/>
   <Point id="1921" x="-20.450" y="111.600" z="24.990" r="0.665" parent="1920"/>
   <Point id="2071" x="-26.490" y="95.900" z="15.000" r="0.500" parent="2070"/>
   <Point id="2089" x="-33.450" y="64.800" z="26.990" r="0.500" parent="2088"/>
   <Point id="2146" x="27.460" y="66.880" z="27.190" r="0.500" parent="2145"/>
   <Point id="2167" x="59.520" y="28.990" z="78.850" r="0.500" parent="2166"/>
   <Point id="2169" x="59.520" y="34.290" z="74.850" r="0.500" parent="2166"/>
   <Point id="14" x="58.300" y="-20.210" z="-17.730" r="0.415" parent="13"/>
   <Point id="58" x="-23.090" y="-7.790" z="80.250" r="0.580" parent="57"/>
   <Point id="62" x="1.960" y="-24.160" z="70.920" r="0.580" parent="61"/>
   <Point id="83" x="12.780" y="-12.420" z="77.910" r="0.580" parent="82"/>
   <Point id="95" x="44.740" y="21.400" z="-5.670" r="0.415" parent="94"/>
   <Point id="120" x="51.290" y="-13.180" z="15.060" r="0.415" parent="119"/>
   <Point id="210" x="51.850" y="-21.490" z="24.590" r="0.415" parent="119"/>
   <Point id="226" x="50.670" y="-9.490" z="-21.190" r="0.415" parent="225"/>
   <Point id="244" x="54.150" y="-13.980" z="-4.070" r="0.330" parent="225"/>
   <Point id="266" x="-44.870" y="36.860" z="-40.320" r="0.500" parent="265"/>
   <Point id="281" x="-46.170" y="33.060" z="-72.320" r="0.500" parent="280"/>
   <Point id="307" x="-22.850" y="-19.060" z="-79.250" r="0.500" parent="306"/>
   <Point id="330" x="-33.300" y="-39.990" z="-66.320" r="0.500" parent="329"/>
   <Point id="355" x="-38.330" y="-46.340" z="-26.460" r="0.500" parent="354"/>
   <Point id="405" x="-67.280" y="-0.090" z="4.000" r="0.500" parent="404"/>
   <Point id="439" x="-67.890" y="13.940" z="-1.470" r="0.415" parent="438"/>
   <Point id="462" x="-68.710" y="8.440" z="-5.870" r="0.415" parent="438"/>
   <Point id="491" x="-57.400" y="42.760" z="3.000" r="0.415" parent="490"/>
   <Point id="521" x="-13.110" y="-35.750" z="15.000" r="0.500" parent="520"/>
   <Point id="556" x="-45.990" y="-14.240" z="41.460" r="0.500" parent="555"/>
   <Point id="573" x="-54.950" y="-14.240" z="22.530" r="0.500" parent="572"/>
   <Point id="608" x="-51.670" y="-28.150" z="24.260" r="0.500" parent="607"/>
   <Point id="648" x="12.090" y="-8.860" z="-53.990" r="0.415" parent="647"/>
   <Point id="667" x="4.320" y="-3.520" z="-41.790" r="0.415" parent="666"/>
   <Point id="699" x="62.380" y="21.310" z="-68.850" r="0.415" parent="698"/>
   <Point id="718" x="44.860" y="-6.120" z="-12.330" r="0.415" parent="717"/>
   <Point id="755" x="54.400" y="6.760" z="-24.060" r="0.415" parent="754"/>
   <Point id="792" x="-43.050" y="-26.270" z="3.600" r="0.415" parent="791"/>
   <Point id="820" x="-41.800" y="-33.040" z="25.460" r="0.415" parent="819"/>
   <Point id="836" x="-28.130" y="-40.840" z="-18.660" r="0.415" parent="835"/>
   <Point id="853" x="-32.860" y="-41.340" z="-15.930" r="0.415" parent="835"/>
   <Point id="1922" x="-19.290" y="118.300" z="23.130" r="0.665" parent="1921"/>
   <Point id="2072" x="-29.140" y="99.210" z="8.130" r="0.500" parent="2071"/>
   <Point id="2090" x="-38.430" y="65.630" z="26.390" r="0.500" parent="2089"/>
   <Point id="2147" x="34.100" y="68.700" z="24.790" r="0.500" parent="2146"/>
   <Point id="2168" x="61.340" y="31.640" z="88.110" r="0.500" parent="2167"/>
   <Point id="2170" x="69.140" y="33.960" z="80.050" r="0.500" parent="2169"/>
   <Point id="15" x="61.460" y="-19.710" z="-18.200" r="0.415" parent="14"/>
   <Point id="63" x="4.940" y="-30.120" z="70.250" r="0.580" parent="62"/>
   <Point id="96" x="51.210" y="25.870" z="-9.400" r="0.415" parent="95"/>
   <Point id="121" x="54.770" y="-15.490" z="17.330" r="0.415" parent="120"/>
   <Point id="211" x="53.670" y="-24.300" z="30.860" r="0.415" parent="210"/>
   <Point id="227" x="53.320" y="-4.530" z="-27.130" r="0.415" parent="226"/>
   <Point id="245" x="61.450" y="-14.800" z="-2.870" r="0.330" parent="244"/>
   <Point id="267" x="-50.670" y="43.640" z="-44.790" r="0.500" parent="266"/>
   <Point id="282" x="-47.330" y="35.380" z="-82.310" r="0.500" parent="281"/>
   <Point id="308" x="-22.190" y="-28.820" z="-79.980" r="0.500" parent="307"/>
   <Point id="331" x="-37.610" y="-46.940" z="-72.650" r="0.500" parent="330"/>
   <Point id="356" x="-43.470" y="-49.650" z="-20.660" r="0.500" parent="355"/>
   <Point id="374" x="-38.590" y="-52.390" z="-26.190" r="0.500" parent="355"/>
   <Point id="406" x="-68.770" y="-5.880" z="1.870" r="0.500" parent="405"/>
   <Point id="440" x="-70.040" y="20.220" z="-5.130" r="0.415" parent="439"/>
   <Point id="463" x="-75.180" y="10.760" z="-12.600" r="0.415" parent="462"/>
   <Point id="492" x="-61.880" y="49.370" z="11.460" r="0.415" parent="491"/>
   <Point id="522" x="-11.790" y="-39.060" z="14.130" r="0.500" parent="521"/>
   <Point id="557" x="-50.640" y="-16.720" z="44.990" r="0.500" parent="556"/>
   <Point id="574" x="-57.610" y="-13.080" z="22.260" r="0.500" parent="573"/>
   <Point id="609" x="-54.990" y="-32.120" z="31.130" r="0.500" parent="608"/>
   <Point id="649" x="15.070" y="-10.520" z="-59.390" r="0.415" parent="648"/>
   <Point id="668" x="3.160" y="-7.820" z="-46.260" r="0.415" parent="667"/>
   <Point id="700" x="64.870" y="21.140" z="-77.110" r="0.415" parent="699"/>
   <Point id="719" x="45.850" y="-9.590" z="-11.330" r="0.415" parent="718"/>
   <Point id="756" x="61.370" y="7.090" z="-23.930" r="0.415" parent="755"/>
   <Point id="793" x="-49.190" y="-25.450" z="4.470" r="0.415" parent="792"/>
   <Point id="821" x="-44.450" y="-36.020" z="27.590" r="0.415" parent="820"/>
   <Point id="837" x="-26.310" y="-44.810" z="-24.060" r="0.415" parent="836"/>
   <Point id="854" x="-35.180" y="-43.650" z="-31.260" r="0.415" parent="853"/>
   <Point id="1923" x="-21.440" y="126.200" z="23.730" r="0.665" parent="1922"/>
   <Point id="2073" x="-30.800" y="100.000" z="1.200" r="0.500" parent="2072"/>
   <Point id="2091" x="-43.240" y="61.820" z="25.990" r="0.500" parent="2090"/>
   <Point id="2148" x="37.750" y="76.480" z="23.060" r="0.500" parent="2147"/>
   <Point id="2171" x="77.100" y="32.630" z="78.510" r="0.500" parent="2170"/>
   <Point id="16" x="65.600" y="-19.880" z="-18.400" r="0.415" parent="15"/>
   <Point id="64" x="5.770" y="-34.420" z="72.180" r="0.580" parent="63"/>
   <Point id="97" x="53.030" y="28.180" z="-14.400" r="0.415" parent="96"/>
   <Point id="122" x="59.580" y="-16.320" z="17.330" r="0.415" parent="121"/>
   <Point id="212" x="56.990" y="-25.620" z="38.720" r="0.415" parent="211"/>
   <Point id="228" x="54.980" y="-4.530" z="-32.730" r="0.415" parent="227"/>
   <Point id="246" x="66.430" y="-11.490" z="1.070" r="0.330" parent="245"/>
   <Point id="268" x="-57.480" y="51.910" z="-47.320" r="0.500" parent="267"/>
   <Point id="283" x="-50.980" y="37.360" z="-90.980" r="0.500" parent="282"/>
   <Point id="309" x="-22.190" y="-41.890" z="-80.710" r="0.500" parent="308"/>
   <Point id="332" x="-42.420" y="-49.090" z="-76.310" r="0.500" parent="331"/>
   <Point id="357" x="-48.120" y="-52.130" z="-20.660" r="0.500" parent="356"/>
   <Point id="375" x="-42.730" y="-61.650" z="-28.460" r="0.500" parent="374"/>
   <Point id="407" x="-73.250" y="-8.860" z="1.330" r="0.500" parent="406"/>
   <Point id="441" x="-73.030" y="22.870" z="-4.470" r="0.415" parent="440"/>
   <Point id="464" x="-80.490" y="7.620" z="-16.330" r="0.415" parent="463"/>
   <Point id="493" x="-68.180" y="54.170" z="14.260" r="0.415" parent="492"/>
   <Point id="523" x="-11.120" y="-45.670" z="14.660" r="0.500" parent="522"/>
   <Point id="558" x="-53.460" y="-18.210" z="50.120" r="0.500" parent="557"/>
   <Point id="575" x="-60.920" y="-14.240" z="22.460" r="0.500" parent="574"/>
   <Point id="610" x="-65.110" y="-37.080" z="35.660" r="0.500" parent="609"/>
   <Point id="650" x="18.230" y="-15.640" z="-67.180" r="0.415" parent="649"/>
   <Point id="669" x="-1.820" y="-13.770" z="-50.050" r="0.415" parent="668"/>
   <Point id="701" x="72.670" y="20.310" z="-87.310" r="0.415" parent="700"/>
   <Point id="720" x="48.010" y="-12.740" z="-10.130" r="0.415" parent="719"/>
   <Point id="757" x="66.680" y="10.390" z="-22.930" r="0.415" parent="756"/>
   <Point id="794" x="-54.000" y="-25.940" z="3.130" r="0.415" parent="793"/>
   <Point id="822" x="-45.780" y="-38.830" z="36.860" r="0.415" parent="821"/>
   <Point id="838" x="-24.810" y="-53.250" z="-29.590" r="0.415" parent="837"/>
   <Point id="855" x="-36.840" y="-47.950" z="-41.120" r="0.415" parent="854"/>
   <Point id="1924" x="-20.780" y="132.000" z="25.590" r="0.665" parent="1923"/>
   <Point id="2074" x="-33.790" y="98.380" z="-7.130" r="0.500" parent="2073"/>
   <Point id="2092" x="-48.220" y="59.010" z="24.660" r="0.500" parent="2091"/>
   <Point id="2149" x="40.400" y="78.300" z="22.860" r="0.500" parent="2148"/>
   <Point id="2172" x="86.890" y="33.460" z="73.980" r="0.500" parent="2171"/>
   <Point id="17" x="69.750" y="-20.700" z="-20.330" r="0.415" parent="16"/>
   <Point id="65" x="3.280" y="-40.040" z="73.310" r="0.580" parent="64"/>
   <Point id="98" x="57.840" y="30.000" z="-17.860" r="0.415" parent="97"/>
   <Point id="123" x="59.910" y="-17.310" z="19.660" r="0.415" parent="122"/>
   <Point id="213" x="59.310" y="-32.410" z="46.190" r="0.415" parent="212"/>
   <Point id="229" x="63.270" y="-0.890" z="-36.660" r="0.415" parent="228"/>
   <Point id="237" x="53.650" y="-8.850" z="-48.050" r="0.330" parent="228"/>
   <Point id="247" x="72.560" y="-4.220" z="2.870" r="0.330" parent="246"/>
   <Point id="269" x="-61.620" y="57.860" z="-54.590" r="0.500" parent="268"/>
   <Point id="284" x="-60.600" y="43.150" z="-107.000" r="0.500" parent="283"/>
   <Point id="310" x="-21.190" y="-50.160" z="-85.050" r="0.500" parent="309"/>
   <Point id="333" x="-42.920" y="-53.720" z="-81.850" r="0.500" parent="332"/>
   <Point id="358" x="-51.600" y="-59.570" z="-20.660" r="0.500" parent="357"/>
   <Point id="376" x="-46.050" y="-64.960" z="-29.990" r="0.500" parent="375"/>
   <Point id="408" x="-76.900" y="-12.330" z="0.600" r="0.500" parent="407"/>
   <Point id="442" x="-74.690" y="26.840" z="-4.600" r="0.415" parent="441"/>
   <Point id="465" x="-82.810" y="5.630" z="-16.330" r="0.415" parent="464"/>
   <Point id="494" x="-71.000" y="57.970" z="14.000" r="0.415" parent="493"/>
   <Point id="524" x="-9.790" y="-51.300" z="14.200" r="0.500" parent="523"/>
   <Point id="559" x="-55.950" y="-20.200" z="53.450" r="0.500" parent="558"/>
   <Point id="576" x="-66.890" y="-12.750" z="20.660" r="0.500" parent="575"/>
   <Point id="611" x="-69.420" y="-42.210" z="45.260" r="0.500" parent="610"/>
   <Point id="651" x="22.040" y="-19.120" z="-76.850" r="0.415" parent="650"/>
   <Point id="670" x="-4.140" y="-18.730" z="-54.320" r="0.415" parent="669"/>
   <Point id="702" x="81.620" y="17.500" z="-94.580" r="0.415" parent="701"/>
   <Point id="721" x="49.170" y="-16.210" z="-10.000" r="0.415" parent="720"/>
   <Point id="758" x="74.480" y="9.240" z="-19.530" r="0.415" parent="757"/>
   <Point id="795" x="-57.980" y="-23.630" z="1.130" r="0.415" parent="794"/>
   <Point id="823" x="-46.940" y="-44.950" z="45.590" r="0.415" parent="822"/>
   <Point id="839" x="-25.310" y="-69.460" z="-37.460" r="0.415" parent="838"/>
   <Point id="856" x="-36.010" y="-55.070" z="-51.050" r="0.415" parent="855"/>
   <Point id="1925" x="-22.770" y="141.400" z="25.590" r="0.665" parent="1924"/>
   <Point id="2075" x="-35.610" y="97.550" z="-14.660" r="0.500" parent="2074"/>
   <Point id="2093" x="-59.000" y="53.880" z="22.330" r="0.500" parent="2092"/>
   <Point id="2112" x="-53.920" y="52.790" z="21.130" r="0.500" parent="2092"/>
   <Point id="2150" x="42.730" y="83.090" z="22.860" r="0.500" parent="2149"/>
   <Point id="2173" x="92.200" y="31.140" z="73.780" r="0.500" parent="2172"/>
   <Point id="18" x="73.400" y="-20.040" z="-20.330" r="0.415" parent="17"/>
   <Point id="66" x="1.960" y="-42.360" z="73.310" r="0.580" parent="65"/>
   <Point id="99" x="58.510" y="33.480" z="-19.660" r="0.415" parent="98"/>
   <Point id="124" x="64.390" y="-16.980" z="19.660" r="0.415" parent="123"/>
   <Point id="158" x="63.400" y="-21.750" z="16.730" r="0.415" parent="123"/>
   <Point id="214" x="62.960" y="-36.870" z="49.790" r="0.415" parent="213"/>
   <Point id="230" x="68.410" y="2.910" z="-41.790" r="0.415" parent="229"/>
   <Point id="238" x="56.140" y="-11.490" z="-58.520" r="0.330" parent="237"/>
   <Point id="248" x="75.880" y="0.250" z="0.670" r="0.330" parent="247"/>
   <Point id="270" x="-66.930" y="61.770" z="-56.650" r="0.500" parent="269"/>
   <Point id="285" x="-66.240" y="49.100" z="-114.900" r="0.500" parent="284"/>
   <Point id="311" x="-17.870" y="-60.090" z="-95.110" r="0.500" parent="310"/>
   <Point id="334" x="-41.920" y="-58.530" z="-93.310" r="0.500" parent="333"/>
   <Point id="359" x="-58.570" y="-63.540" z="-20.260" r="0.500" parent="358"/>
   <Point id="377" x="-48.700" y="-74.390" z="-31.660" r="0.500" parent="376"/>
   <Point id="409" x="-79.060" y="-16.130" z="4.130" r="0.500" parent="408"/>
   <Point id="443" x="-78.170" y="31.140" z="-5.200" r="0.415" parent="442"/>
   <Point id="466" x="-87.860" y="1.100" z="-19.860" r="0.415" parent="465"/>
   <Point id="495" x="-75.810" y="67.240" z="9.600" r="0.415" parent="494"/>
   <Point id="525" x="-8.990" y="-54.570" z="13.730" r="0.500" parent="524"/>
   <Point id="560" x="-57.110" y="-18.210" z="58.390" r="0.500" parent="559"/>
   <Point id="577" x="-73.030" y="-13.580" z="20.260" r="0.500" parent="576"/>
   <Point id="612" x="-73.570" y="-49.490" z="50.120" r="0.500" parent="611"/>
   <Point id="652" x="28.680" y="-21.430" z="-84.250" r="0.415" parent="651"/>
   <Point id="671" x="-7.120" y="-20.060" z="-54.320" r="0.415" parent="670"/>
   <Point id="703" x="89.090" y="16.510" z="-102.500" r="0.415" parent="702"/>
   <Point id="722" x="50.330" y="-21.830" z="-12.260" r="0.415" parent="721"/>
   <Point id="759" x="81.770" y="11.720" z="-19.460" r="0.415" parent="758"/>
   <Point id="796" x="-61.960" y="-22.140" z="2.400" r="0.415" parent="795"/>
   <Point id="824" x="-49.930" y="-53.220" z="53.250" r="0.415" parent="823"/>
   <Point id="840" x="-26.470" y="-72.270" z="-37.660" r="0.415" parent="839"/>
   <Point id="857" x="-34.350" y="-62.010" z="-59.520" r="0.415" parent="856"/>
   <Point id="1926" x="-21.110" y="146.100" z="25.590" r="0.665" parent="1925"/>
   <Point id="2076" x="-38.930" y="98.550" z="-22.930" r="0.500" parent="2075"/>
   <Point id="2094" x="-61.490" y="52.230" z="22.330" r="0.500" parent="2093"/>
   <Point id="2113" x="-57.570" y="51.470" z="21.130" r="0.500" parent="2112"/>
   <Point id="2151" x="43.220" y="88.390" z="24.990" r="0.500" parent="2150"/>
   <Point id="2174" x="101.200" y="34.290" z="74.510" r="0.500" parent="2173"/>
   <Point id="19" x="76.880" y="-20.370" z="-20.330" r="0.415" parent="18"/>
   <Point id="67" x="0.460" y="-46.990" z="75.310" r="0.580" parent="66"/>
   <Point id="100" x="65.140" y="36.290" z="-21.590" r="0.415" parent="99"/>
   <Point id="125" x="69.040" y="-14.340" z="25.460" r="0.415" parent="124"/>
   <Point id="159" x="70.700" y="-23.900" z="13.930" r="0.415" parent="158"/>
   <Point id="215" x="60.640" y="-41.340" z="54.650" r="0.415" parent="214"/>
   <Point id="231" x="75.710" y="5.890" z="-48.790" r="0.415" parent="230"/>
   <Point id="239" x="60.290" y="-13.480" z="-61.120" r="0.330" parent="238"/>
   <Point id="249" x="81.520" y="4.050" z="-0.270" r="0.330" parent="248"/>
   <Point id="271" x="-71.910" y="64.420" z="-61.520" r="0.500" parent="270"/>
   <Point id="286" x="-74.540" y="52.080" z="-124.700" r="0.500" parent="285"/>
   <Point id="312" x="-16.210" y="-70.670" z="-95.510" r="0.500" parent="311"/>
   <Point id="335" x="-39.100" y="-62.000" z="-106.000" r="0.500" parent="334"/>
   <Point id="360" x="-64.370" y="-66.850" z="-20.530" r="0.500" parent="359"/>
   <Point id="378" x="-50.690" y="-78.520" z="-35.060" r="0.500" parent="377"/>
   <Point id="410" x="-83.530" y="-21.100" z="8.330" r="0.500" parent="409"/>
   <Point id="444" x="-80.000" y="33.790" z="-5.470" r="0.415" parent="443"/>
   <Point id="467" x="-91.510" y="-3.530" z="-22.860" r="0.415" parent="466"/>
   <Point id="496" x="-80.130" y="73.610" z="7.200" r="0.415" parent="495"/>
   <Point id="526" x="-9.990" y="-57.550" z="13.730" r="0.500" parent="525"/>
   <Point id="561" x="-60.260" y="-18.210" z="61.720" r="0.500" parent="560"/>
   <Point id="578" x="-80.660" y="-12.750" z="18.130" r="0.500" parent="577"/>
   <Point id="613" x="-77.550" y="-53.460" z="51.190" r="0.500" parent="612"/>
   <Point id="653" x="30.670" y="-21.430" z="-92.380" r="0.415" parent="652"/>
   <Point id="672" x="-10.470" y="-24.170" z="-60.580" r="0.415" parent="671"/>
   <Point id="704" x="95.720" y="16.340" z="-110.000" r="0.415" parent="703"/>
   <Point id="723" x="56.140" y="-28.620" z="-13.600" r="0.415" parent="722"/>
   <Point id="760" x="88.240" y="12.210" z="-15.930" r="0.415" parent="759"/>
   <Point id="797" x="-66.110" y="-20.650" z="-3.330" r="0.415" parent="796"/>
   <Point id="825" x="-48.930" y="-60.170" z="54.320" r="0.415" parent="824"/>
   <Point id="841" x="-25.310" y="-80.380" z="-38.390" r="0.415" parent="840"/>
   <Point id="858" x="-30.040" y="-75.250" z="-61.720" r="0.415" parent="857"/>
   <Point id="1927" x="-20.720" y="152.500" z="27.990" r="0.665" parent="1926"/>
   <Point id="2077" x="-44.070" y="99.540" z="-29.930" r="0.500" parent="2076"/>
   <Point id="2095" x="-68.950" y="50.250" z="20.790" r="0.500" parent="2094"/>
   <Point id="2114" x="-60.220" y="47.990" z="20.930" r="0.500" parent="2113"/>
   <Point id="2152" x="50.020" y="91.690" z="24.460" r="0.500" parent="2151"/>
   <Point id="2175" x="111.600" y="34.950" z="78.580" r="0.500" parent="2174"/>
   <Point id="20" x="80.560" y="-18.040" z="-20.330" r="0.415" parent="19"/>
   <Point id="68" x="-2.350" y="-49.800" z="74.850" r="0.580" parent="67"/>
   <Point id="101" x="71.440" y="39.600" z="-23.730" r="0.415" parent="100"/>
   <Point id="126" x="74.010" y="-13.670" z="27.660" r="0.415" parent="125"/>
   <Point id="160" x="74.350" y="-23.570" z="7.600" r="0.415" parent="159"/>
   <Point id="189" x="75.820" y="-27.340" z="15.000" r="0.415" parent="159"/>
   <Point id="216" x="59.980" y="-46.300" z="57.720" r="0.415" parent="215"/>
   <Point id="232" x="80.030" y="7.870" z="-57.320" r="0.415" parent="231"/>
   <Point id="240" x="63.940" y="-18.110" z="-67.780" r="0.330" parent="239"/>
   <Point id="250" x="92.470" y="10.170" z="-2.600" r="0.330" parent="249"/>
   <Point id="272" x="-80.030" y="70.210" z="-61.580" r="0.500" parent="271"/>
   <Point id="287" x="-82.170" y="51.420" z="-134.900" r="0.500" parent="286"/>
   <Point id="313" x="-19.200" y="-82.420" z="-86.840" r="0.500" parent="312"/>
   <Point id="336" x="-39.440" y="-75.890" z="-120.800" r="0.500" parent="335"/>
   <Point id="361" x="-69.020" y="-72.470" z="-20.860" r="0.500" parent="360"/>
   <Point id="379" x="-54.340" y="-80.670" z="-39.520" r="0.500" parent="378"/>
   <Point id="411" x="-86.350" y="-22.580" z="11.400" r="0.500" parent="410"/>
   <Point id="445" x="-82.480" y="35.940" z="-5.600" r="0.415" parent="444"/>
   <Point id="468" x="-93.340" y="-9.650" z="-24.260" r="0.415" parent="467"/>
   <Point id="497" x="-83.280" y="80.060" z="6.400" r="0.415" parent="496"/>
   <Point id="527" x="-8.820" y="-60.690" z="13.800" r="0.500" parent="526"/>
   <Point id="562" x="-62.250" y="-18.870" z="61.650" r="0.500" parent="561"/>
   <Point id="579" x="-84.480" y="-12.260" z="15.930" r="0.500" parent="578"/>
   <Point id="614" x="-80.700" y="-58.920" z="52.920" r="0.500" parent="613"/>
   <Point id="654" x="35.810" y="-25.240" z="-105.200" r="0.415" parent="653"/>
   <Point id="673" x="-13.620" y="-30.950" z="-66.320" r="0.415" parent="672"/>
   <Point id="705" x="98.270" y="16.330" z="-118.300" r="0.415" parent="704"/>
   <Point id="724" x="61.940" y="-36.890" z="-15.400" r="0.415" parent="723"/>
   <Point id="761" x="93.550" y="16.020" z="-14.600" r="0.415" parent="760"/>
   <Point id="798" x="-69.760" y="-19.160" z="-6.270" r="0.415" parent="797"/>
   <Point id="826" x="-48.430" y="-67.940" z="62.450" r="0.415" parent="825"/>
   <Point id="842" x="-23.980" y="-83.850" z="-40.320" r="0.415" parent="841"/>
   <Point id="859" x="-32.700" y="-85.170" z="-69.580" r="0.415" parent="858"/>
   <Point id="1928" x="-19.230" y="157.900" z="26.790" r="0.665" parent="1927"/>
   <Point id="2078" x="-48.220" y="99.700" z="-37.320" r="0.500" parent="2077"/>
   <Point id="2096" x="-73.760" y="50.250" z="20.790" r="0.500" parent="2095"/>
   <Point id="2115" x="-65.200" y="46.500" z="15.660" r="0.500" parent="2114"/>
   <Point id="2153" x="56.490" y="93.180" z="24.190" r="0.500" parent="2152"/>
   <Point id="2176" x="123.200" y="36.270" z="81.180" r="0.500" parent="2175"/>
   <Point id="21" x="84.210" y="-15.230" z="-20.330" r="0.415" parent="20"/>
   <Point id="69" x="-6.170" y="-52.780" z="75.510" r="0.580" parent="68"/>
   <Point id="102" x="76.260" y="42.410" z="-23.860" r="0.415" parent="101"/>
   <Point id="127" x="77.830" y="-11.190" z="30.860" r="0.415" parent="126"/>
   <Point id="161" x="78.830" y="-23.740" z="3.270" r="0.415" parent="160"/>
   <Point id="190" x="79.800" y="-28.330" z="16.930" r="0.415" parent="189"/>
   <Point id="217" x="58.820" y="-51.590" z="60.450" r="0.415" parent="216"/>
   <Point id="233" x="83.840" y="11.350" z="-65.920" r="0.415" parent="232"/>
   <Point id="241" x="65.600" y="-24.400" z="-76.580" r="0.330" parent="240"/>
   <Point id="251" x="96.280" y="15.300" z="5.400" r="0.330" parent="250"/>
   <Point id="273" x="-84.850" y="77.650" z="-61.580" r="0.500" parent="272"/>
   <Point id="288" x="-83.990" y="55.220" z="-145.800" r="0.500" parent="287"/>
   <Point id="314" x="-20.860" y="-90.690" z="-82.450" r="0.500" parent="313"/>
   <Point id="337" x="-35.460" y="-86.320" z="-131.500" r="0.500" parent="336"/>
   <Point id="362" x="-73.830" y="-79.420" z="-20.130" r="0.500" parent="361"/>
   <Point id="380" x="-56.830" y="-82.490" z="-45.060" r="0.500" parent="379"/>
   <Point id="412" x="-88.640" y="-20.580" z="32.860" r="0.500" parent="411"/>
   <Point id="446" x="-84.140" y="39.580" z="-10.200" r="0.415" parent="445"/>
   <Point id="469" x="-98.480" y="-15.440" z="-27.930" r="0.415" parent="468"/>
   <Point id="498" x="-84.440" y="85.190" z="11.800" r="0.415" parent="497"/>
   <Point id="528" x="-8.000" y="-65.820" z="12.130" r="0.500" parent="527"/>
   <Point id="563" x="-64.240" y="-17.380" z="61.720" r="0.500" parent="562"/>
   <Point id="580" x="-90.450" y="-12.590" z="13.930" r="0.500" parent="579"/>
   <Point id="615" x="-82.520" y="-67.190" z="53.920" r="0.500" parent="614"/>
   <Point id="655" x="44.770" y="-27.550" z="-114.600" r="0.415" parent="654"/>
   <Point id="674" x="-21.420" y="-35.910" z="-73.580" r="0.415" parent="673"/>
   <Point id="706" x="105.600" y="13.020" z="-128.900" r="0.415" parent="705"/>
   <Point id="725" x="63.770" y="-39.370" z="-15.930" r="0.415" parent="724"/>
   <Point id="762" x="101.200" y="17.840" z="-16.660" r="0.415" parent="761"/>
   <Point id="799" x="-76.230" y="-17.180" z="-6.270" r="0.415" parent="798"/>
   <Point id="827" x="-50.590" y="-75.550" z="68.780" r="0.415" parent="826"/>
   <Point id="843" x="-24.450" y="-92.530" z="-44.260" r="0.415" parent="842"/>
   <Point id="860" x="-37.170" y="-97.250" z="-78.780" r="0.415" parent="859"/>
   <Point id="1929" x="-21.050" y="169.500" z="31.930" r="0.665" parent="1928"/>
   <Point id="2079" x="-52.530" y="100.400" z="-44.920" r="0.500" parent="2078"/>
   <Point id="2097" x="-79.240" y="46.610" z="19.130" r="0.500" parent="2096"/>
   <Point id="2116" x="-73.330" y="46.670" z="13.800" r="0.500" parent="2115"/>
   <Point id="2154" x="63.130" y="92.020" z="18.460" r="0.500" parent="2153"/>
   <Point id="2177" x="130.000" y="34.290" z="81.450" r="0.500" parent="2176"/>
   <Point id="22" x="87.200" y="-14.240" z="-20.330" r="0.415" parent="21"/>
   <Point id="70" x="-6.830" y="-58.400" z="75.310" r="0.580" parent="69"/>
   <Point id="103" x="85.880" y="47.530" z="-27.460" r="0.415" parent="102"/>
   <Point id="128" x="80.150" y="-10.860" z="31.190" r="0.415" parent="127"/>
   <Point id="162" x="85.630" y="-22.250" z="-1.600" r="0.415" parent="161"/>
   <Point id="191" x="85.770" y="-35.940" z="17.800" r="0.415" parent="190"/>
   <Point id="218" x="57.820" y="-58.210" z="63.980" r="0.415" parent="217"/>
   <Point id="234" x="93.130" y="11.500" z="-75.710" r="0.415" parent="233"/>
   <Point id="242" x="63.110" y="-31.180" z="-84.780" r="0.330" parent="241"/>
   <Point id="252" x="98.940" y="19.930" z="21.330" r="0.330" parent="251"/>
   <Point id="274" x="-87.830" y="83.940" z="-61.580" r="0.500" parent="273"/>
   <Point id="289" x="-82.170" y="55.220" z="-159.700" r="0.500" parent="288"/>
   <Point id="315" x="-24.840" y="-100.100" z="-79.910" r="0.500" parent="314"/>
   <Point id="338" x="-33.800" y="-92.930" z="-137.900" r="0.500" parent="337"/>
   <Point id="363" x="-84.440" y="-87.360" z="-21.460" r="0.500" parent="362"/>
   <Point id="381" x="-56.500" y="-90.430" z="-56.650" r="0.500" parent="380"/>
   <Point id="413" x="-92.620" y="-21.410" z="40.920" r="0.500" parent="412"/>
   <Point id="447" x="-90.610" y="42.390" z="-19.130" r="0.415" parent="446"/>
   <Point id="470" x="-103.600" y="-21.890" z="-33.720" r="0.415" parent="469"/>
   <Point id="499" x="-88.260" y="89.660" z="14.200" r="0.415" parent="498"/>
   <Point id="529" x="-6.500" y="-71.440" z="8.800" r="0.500" parent="528"/>
   <Point id="564" x="-67.560" y="-17.880" z="64.320" r="0.500" parent="563"/>
   <Point id="581" x="-97.080" y="-10.600" z="13.800" r="0.500" parent="580"/>
   <Point id="616" x="-82.950" y="-72.520" z="53.850" r="0.500" parent="615"/>
   <Point id="656" x="55.710" y="-33.510" z="-123.700" r="0.415" parent="655"/>
   <Point id="675" x="-24.900" y="-37.400" z="-78.510" r="0.415" parent="674"/>
   <Point id="707" x="112.000" y="14.840" z="-139.200" r="0.415" parent="706"/>
   <Point id="726" x="66.920" y="-40.530" z="-15.930" r="0.415" parent="725"/>
   <Point id="763" x="105.700" y="18.530" z="-15.860" r="0.415" parent="762"/>
   <Point id="800" x="-80.040" y="-16.180" z="-9.660" r="0.415" parent="799"/>
   <Point id="828" x="-54.900" y="-82.500" z="73.850" r="0.415" parent="827"/>
   <Point id="844" x="-25.940" y="-99.810" z="-50.320" r="0.415" parent="843"/>
   <Point id="861" x="-40.040" y="-107.800" z="-89.180" r="0.415" parent="860"/>
   <Point id="1930" x="-20.220" y="187.000" z="30.390" r="0.665" parent="1929"/>
   <Point id="2080" x="-55.520" y="102.300" z="-61.780" r="0.500" parent="2079"/>
   <Point id="2098" x="-84.710" y="41.980" z="16.730" r="0.500" parent="2097"/>
   <Point id="2117" x="-77.640" y="44.350" z="13.400" r="0.500" parent="2116"/>
   <Point id="2155" x="69.930" y="91.690" z="14.930" r="0.500" parent="2154"/>
   <Point id="2178" x="147.900" y="31.480" z="82.050" r="0.500" parent="2177"/>
   <Point id="23" x="90.510" y="-15.390" z="-20.330" r="0.415" parent="22"/>
   <Point id="71" x="-11.310" y="-61.210" z="75.450" r="0.580" parent="70"/>
   <Point id="104" x="90.690" y="51.840" z="-30.130" r="0.415" parent="103"/>
   <Point id="129" x="82.140" y="-9.700" z="31.590" r="0.415" parent="128"/>
   <Point id="163" x="94.760" y="-22.250" z="-6.730" r="0.415" parent="162"/>
   <Point id="192" x="90.090" y="-38.590" z="18.130" r="0.415" parent="191"/>
   <Point id="219" x="57.320" y="-63.500" z="69.250" r="0.415" parent="218"/>
   <Point id="235" x="107.200" y="7.860" z="-94.240" r="0.330" parent="234"/>
   <Point id="243" x="65.760" y="-33.990" z="-85.910" r="0.330" parent="242"/>
   <Point id="253" x="98.940" y="22.080" z="29.190" r="0.330" parent="252"/>
   <Point id="275" x="-92.970" y="95.850" z="-61.580" r="0.500" parent="274"/>
   <Point id="290" x="-80.180" y="56.050" z="-169.500" r="0.500" parent="289"/>
   <Point id="316" x="-29.980" y="-104.900" z="-79.050" r="0.500" parent="315"/>
   <Point id="339" x="-36.450" y="-104.000" z="-146.600" r="0.500" parent="338"/>
   <Point id="364" x="-94.890" y="-92.490" z="-25.790" r="0.500" parent="363"/>
   <Point id="382" x="-58.820" y="-97.880" z="-58.850" r="0.500" parent="381"/>
   <Point id="414" x="-94.280" y="-22.900" z="48.450" r="0.500" parent="413"/>
   <Point id="448" x="-96.920" y="49.170" z="-21.190" r="0.415" parent="447"/>
   <Point id="471" x="-110.300" y="-26.850" z="-39.720" r="0.415" parent="470"/>
   <Point id="500" x="-89.920" y="96.440" z="15.060" r="0.415" parent="499"/>
   <Point id="530" x="-4.510" y="-74.750" z="8.060" r="0.500" parent="529"/>
   <Point id="565" x="-73.860" y="-17.720" z="67.120" r="0.500" parent="564"/>
   <Point id="582" x="-97.910" y="-9.110" z="13.800" r="0.500" parent="581"/>
   <Point id="617" x="-81.960" y="-75.330" z="53.850" r="0.500" parent="616"/>
   <Point id="657" x="60.360" y="-39.130" z="-130.800" r="0.415" parent="656"/>
   <Point id="676" x="-37.010" y="-38.390" z="-95.180" r="0.415" parent="675"/>
   <Point id="708" x="116.700" y="16.990" z="-150.700" r="0.415" parent="707"/>
   <Point id="727" x="70.900" y="-44.160" z="-15.730" r="0.415" parent="726"/>
   <Point id="764" x="108.600" y="20.680" z="-16.000" r="0.415" parent="763"/>
   <Point id="801" x="-87.010" y="-14.360" z="-14.600" r="0.415" parent="800"/>
   <Point id="829" x="-59.730" y="-89.740" z="79.050" r="0.415" parent="828"/>
   <Point id="845" x="-31.250" y="-115.500" z="-54.650" r="0.415" parent="844"/>
   <Point id="862" x="-43.190" y="-116.300" z="-96.840" r="0.415" parent="861"/>
   <Point id="1931" x="-21.390" y="198.900" z="33.130" r="0.665" parent="1930"/>
   <Point id="2081" x="-58.670" y="105.500" z="-72.850" r="0.500" parent="2080"/>
   <Point id="2099" x="-87.200" y="36.190" z="14.330" r="0.500" parent="2098"/>
   <Point id="2118" x="-86.930" y="42.530" z="10.800" r="0.500" parent="2117"/>
   <Point id="2156" x="76.400" y="94.840" z="9.530" r="0.500" parent="2155"/>
   <Point id="2179" x="149.200" y="28.670" z="86.640" r="0.500" parent="2178"/>
   <Point id="24" x="94.830" y="-18.540" z="-22.260" r="0.415" parent="23"/>
   <Point id="72" x="-14.960" y="-64.690" z="74.850" r="0.580" parent="71"/>
   <Point id="105" x="96.330" y="55.470" z="-34.590" r="0.415" parent="104"/>
   <Point id="130" x="86.450" y="-9.700" z="32.530" r="0.415" parent="129"/>
   <Point id="164" x="98.740" y="-20.920" z="-12.660" r="0.415" parent="163"/>
   <Point id="193" x="93.410" y="-43.380" z="19.660" r="0.415" parent="192"/>
   <Point id="220" x="57.320" y="-69.290" z="76.580" r="0.415" parent="219"/>
   <Point id="236" x="114.400" y="7.200" z="-102.400" r="0.330" parent="235"/>
   <Point id="254" x="101.100" y="24.560" z="36.790" r="0.330" parent="253"/>
   <Point id="276" x="-94.470" y="105.400" z="-61.580" r="0.500" parent="275"/>
   <Point id="291" x="-84.990" y="57.380" z="-182.300" r="0.500" parent="290"/>
   <Point id="317" x="-33.630" y="-110.400" z="-85.050" r="0.500" parent="316"/>
   <Point id="340" x="-42.920" y="-113.000" z="-163.000" r="0.500" parent="339"/>
   <Point id="365" x="-104.700" y="-96.950" z="-29.590" r="0.500" parent="364"/>
   <Point id="383" x="-59.980" y="-108.500" z="-60.920" r="0.500" parent="382"/>
   <Point id="415" x="-98.930" y="-23.730" z="52.450" r="0.500" parent="414"/>
   <Point id="449" x="-100.400" y="49.170" z="-24.590" r="0.415" parent="448"/>
   <Point id="472" x="-111.600" y="-31.150" z="-44.720" r="0.415" parent="471"/>
   <Point id="501" x="-89.750" y="101.600" z="17.200" r="0.415" parent="500"/>
   <Point id="531" x="-5.180" y="-78.560" z="7.060" r="0.500" parent="530"/>
   <Point id="566" x="-77.510" y="-17.220" z="69.650" r="0.500" parent="565"/>
   <Point id="583" x="-101.100" y="-7.300" z="13.930" r="0.500" parent="582"/>
   <Point id="618" x="-81.790" y="-80.790" z="49.990" r="0.500" parent="617"/>
   <Point id="658" x="65.830" y="-42.110" z="-132.400" r="0.415" parent="657"/>
   <Point id="677" x="-40.500" y="-40.870" z="-105.500" r="0.415" parent="676"/>
   <Point id="709" x="109.700" y="24.110" z="-164.500" r="0.415" parent="708"/>
   <Point id="728" x="76.870" y="-48.460" z="-16.600" r="0.415" parent="727"/>
   <Point id="765" x="111.600" y="18.690" z="-16.000" r="0.415" parent="764"/>
   <Point id="802" x="-91.650" y="-13.210" z="-16.930" r="0.415" parent="801"/>
   <Point id="830" x="-60.890" y="-98.670" z="81.310" r="0.415" parent="829"/>
   <Point id="846" x="-38.220" y="-126.900" z="-56.790" r="0.415" parent="845"/>
   <Point id="863" x="-45.020" y="-124.000" z="-106.400" r="0.415" parent="862"/>
   <Point id="1932" x="-21.390" y="201.800" z="33.130" r="0.665" parent="1931"/>
   <Point id="2082" x="-61.160" y="106.700" z="-87.980" r="0.500" parent="2081"/>
   <Point id="2100" x="-93.830" y="33.040" z="13.660" r="0.500" parent="2099"/>
   <Point id="2119" x="-91.580" y="38.230" z="7.660" r="0.500" parent="2118"/>
   <Point id="2157" x="82.490" y="98.400" z="-0.800" r="0.500" parent="2156"/>
   <Point id="25" x="99.140" y="-19.530" z="-22.260" r="0.415" parent="24"/>
   <Point id="73" x="-18.240" y="-66.010" z="76.110" r="0.580" parent="72"/>
   <Point id="106" x="106.600" y="58.940" z="-37.320" r="0.415" parent="105"/>
   <Point id="131" x="89.270" y="-8.710" z="33.460" r="0.415" parent="130"/>
   <Point id="165" x="101.700" y="-21.920" z="-14.600" r="0.415" parent="164"/>
   <Point id="194" x="99.380" y="-46.860" z="22.060" r="0.415" parent="193"/>
   <Point id="221" x="57.880" y="-73.560" z="82.510" r="0.415" parent="220"/>
   <Point id="277" x="-93.300" y="113.200" z="-59.650" r="0.500" parent="276"/>
   <Point id="292" x="-88.470" y="61.010" z="-186.400" r="0.500" parent="291"/>
   <Point id="318" x="-26.260" y="-116.200" z="-89.240" r="0.500" parent="317"/>
   <Point id="341" x="-47.470" y="-115.500" z="-178.300" r="0.500" parent="340"/>
   <Point id="366" x="-112.800" y="-98.440" z="-31.730" r="0.500" parent="365"/>
   <Point id="384" x="-62.840" y="-117.900" z="-57.790" r="0.500" parent="383"/>
   <Point id="416" x="-104.900" y="-25.210" z="56.650" r="0.500" parent="415"/>
   <Point id="450" x="-107.900" y="51.480" z="-31.730" r="0.415" parent="449"/>
   <Point id="473" x="-116.400" y="-33.470" z="-48.320" r="0.415" parent="472"/>
   <Point id="502" x="-91.740" y="110.200" z="18.860" r="0.415" parent="501"/>
   <Point id="532" x="-2.850" y="-84.350" z="4.200" r="0.500" parent="531"/>
   <Point id="567" x="-84.150" y="-18.540" z="72.650" r="0.500" parent="566"/>
   <Point id="584" x="-102.100" y="-6.300" z="14.000" r="0.500" parent="583"/>
   <Point id="619" x="-82.950" y="-86.090" z="46.590" r="0.500" parent="618"/>
   <Point id="659" x="74.130" y="-47.400" z="-134.300" r="0.415" parent="658"/>
   <Point id="678" x="-44.480" y="-45.340" z="-115.200" r="0.415" parent="677"/>
   <Point id="710" x="112.000" y="26.420" z="-174.800" r="0.415" parent="709"/>
   <Point id="729" x="85.600" y="-52.330" z="-17.930" r="0.415" parent="728"/>
   <Point id="766" x="114.100" y="16.870" z="-17.460" r="0.415" parent="765"/>
   <Point id="803" x="-95.800" y="-10.920" z="-19.400" r="0.415" parent="802"/>
   <Point id="831" x="-61.550" y="-112.900" z="85.780" r="0.415" parent="830"/>
   <Point id="847" x="-46.850" y="-143.200" z="-59.320" r="0.415" parent="846"/>
   <Point id="864" x="-44.190" y="-134.200" z="-109.400" r="0.415" parent="863"/>
   <Point id="1933" x="-21.220" y="213.400" z="32.860" r="0.665" parent="1932"/>
   <Point id="2083" x="-64.640" y="108.000" z="-98.780" r="0.500" parent="2082"/>
   <Point id="2101" x="-96.820" y="30.400" z="11.860" r="0.500" parent="2100"/>
   <Point id="2120" x="-96.720" y="37.080" z="2.730" r="0.500" parent="2119"/>
   <Point id="2158" x="92.600" y="101.700" z="-7.130" r="0.500" parent="2157"/>
   <Point id="26" x="101.000" y="-23.660" z="-22.260" r="0.415" parent="25"/>
   <Point id="74" x="-19.900" y="-72.130" z="77.980" r="0.580" parent="73"/>
   <Point id="107" x="114.200" y="59.930" z="-37.390" r="0.415" parent="106"/>
   <Point id="132" x="92.760" y="-6.560" z="38.920" r="0.415" parent="131"/>
   <Point id="166" x="108.400" y="-23.410" z="-18.530" r="0.415" parent="165"/>
   <Point id="195" x="106.000" y="-50.830" z="23.790" r="0.415" parent="194"/>
   <Point id="222" x="54.390" y="-75.880" z="84.710" r="0.415" parent="221"/>
   <Point id="293" x="-93.610" y="63.500" z="-183.700" r="0.500" parent="292"/>
   <Point id="319" x="-21.280" y="-115.700" z="-89.110" r="0.500" parent="318"/>
   <Point id="342" x="-53.110" y="-122.600" z="-186.400" r="0.500" parent="341"/>
   <Point id="367" x="-119.900" y="-100.900" z="-34.260" r="0.500" parent="366"/>
   <Point id="385" x="-66.650" y="-125.000" z="-61.720" r="0.500" parent="384"/>
   <Point id="417" x="-108.100" y="-22.400" z="57.390" r="0.500" parent="416"/>
   <Point id="451" x="-114.000" y="52.480" z="-37.060" r="0.415" parent="450"/>
   <Point id="474" x="-127.800" y="-40.420" z="-52.850" r="0.415" parent="473"/>
   <Point id="503" x="-89.750" y="113.000" z="18.860" r="0.415" parent="502"/>
   <Point id="533" x="-0.360" y="-93.940" z="1.670" r="0.500" parent="532"/>
   <Point id="568" x="-85.640" y="-20.530" z="78.710" r="0.500" parent="567"/>
   <Point id="585" x="-105.800" y="-4.210" z="13.930" r="0.500" parent="584"/>
   <Point id="620" x="-84.440" y="-90.880" z="44.320" r="0.500" parent="619"/>
   <Point id="660" x="76.450" y="-49.720" z="-140.900" r="0.415" parent="659"/>
   <Point id="679" x="-51.770" y="-48.150" z="-115.100" r="0.415" parent="678"/>
   <Point id="711" x="107.700" y="25.430" z="-186.100" r="0.415" parent="710"/>
   <Point id="730" x="91.570" y="-54.150" z="-19.860" r="0.415" parent="729"/>
   <Point id="767" x="119.300" y="18.360" z="-17.460" r="0.415" parent="766"/>
   <Point id="804" x="-104.600" y="-11.740" z="-17.730" r="0.415" parent="803"/>
   <Point id="848" x="-50.070" y="-150.700" z="-64.580" r="0.415" parent="847"/>
   <Point id="865" x="-44.190" y="-144.000" z="-118.400" r="0.415" parent="864"/>
   <Point id="1934" x="-19.400" y="217.300" z="32.260" r="0.665" parent="1933"/>
   <Point id="2084" x="-70.940" y="107.000" z="-117.600" r="0.500" parent="2083"/>
   <Point id="2102" x="-102.500" y="26.820" z="11.400" r="0.500" parent="2101"/>
   <Point id="2121" x="-105.200" y="35.260" z="0.670" r="0.500" parent="2120"/>
   <Point id="2159" x="97.080" y="101.200" z="-14.530" r="0.500" parent="2158"/>
   <Point id="27" x="105.800" y="-26.640" z="-25.330" r="0.415" parent="26"/>
   <Point id="75" x="-23.050" y="-75.440" z="78.980" r="0.580" parent="74"/>
   <Point id="108" x="121.500" y="63.080" z="-39.660" r="0.415" parent="107"/>
   <Point id="133" x="96.740" y="-6.890" z="41.660" r="0.415" parent="132"/>
   <Point id="167" x="112.800" y="-24.230" z="-18.600" r="0.415" parent="166"/>
   <Point id="196" x="112.700" y="-51.490" z="25.460" r="0.415" parent="195"/>
   <Point id="223" x="52.570" y="-77.700" z="85.580" r="0.415" parent="222"/>
   <Point id="294" x="-99.580" y="66.640" z="-190.600" r="0.500" parent="293"/>
   <Point id="320" x="-14.310" y="-119.800" z="-89.040" r="0.500" parent="319"/>
   <Point id="343" x="-55.100" y="-129.400" z="-195.600" r="0.500" parent="342"/>
   <Point id="368" x="-124.800" y="-101.400" z="-35.390" r="0.500" parent="367"/>
   <Point id="386" x="-71.470" y="-132.100" z="-63.120" r="0.500" parent="385"/>
   <Point id="418" x="-110.700" y="-19.590" z="57.390" r="0.415" parent="417"/>
   <Point id="452" x="-118.000" y="54.790" z="-41.790" r="0.415" parent="451"/>
   <Point id="475" x="-132.500" y="-44.550" z="-61.180" r="0.415" parent="474"/>
   <Point id="504" x="-89.920" y="117.300" z="20.730" r="0.415" parent="503"/>
   <Point id="534" x="2.450" y="-99.560" z="0.130" r="0.500" parent="533"/>
   <Point id="586" x="-111.600" y="-3.720" z="11.130" r="0.500" parent="585"/>
   <Point id="621" x="-83.120" y="-96.840" z="44.120" r="0.500" parent="620"/>
   <Point id="661" x="75.980" y="-52.480" z="-154.200" r="0.415" parent="660"/>
   <Point id="680" x="-59.740" y="-51.790" z="-119.900" r="0.415" parent="679"/>
   <Point id="731" x="95.060" y="-53.990" z="-19.460" r="0.415" parent="730"/>
   <Point id="768" x="127.100" y="18.030" z="-17.330" r="0.415" parent="767"/>
   <Point id="805" x="-112.700" y="-9.260" z="-18.130" r="0.415" parent="804"/>
   <Point id="849" x="-51.900" y="-153.500" z="-70.050" r="0.415" parent="848"/>
   <Point id="1935" x="-20.390" y="223.500" z="33.590" r="0.665" parent="1934"/>
   <Point id="2103" x="-110.200" y="22.680" z="10.860" r="0.500" parent="2102"/>
   <Point id="2122" x="-112.800" y="31.780" z="-0.600" r="0.500" parent="2121"/>
   <Point id="2160" x="103.900" y="101.200" z="-21.130" r="0.500" parent="2159"/>
   <Point id="28" x="114.600" y="-31.600" z="-28.730" r="0.415" parent="27"/>
   <Point id="76" x="-24.710" y="-78.590" z="77.710" r="0.580" parent="75"/>
   <Point id="109" x="126.200" y="62.740" z="-39.660" r="0.415" parent="108"/>
   <Point id="134" x="101.000" y="-3.910" z="42.860" r="0.415" parent="133"/>
   <Point id="153" x="100.200" y="-8.190" z="47.050" r="0.415" parent="133"/>
   <Point id="168" x="113.200" y="-24.560" z="-18.600" r="0.415" parent="167"/>
   <Point id="197" x="114.800" y="-53.970" z="28.060" r="0.415" parent="196"/>
   <Point id="295" x="-108.500" y="68.290" z="-197.400" r="0.500" parent="294"/>
   <Point id="321" x="-14.640" y="-127.200" z="-89.040" r="0.500" parent="320"/>
   <Point id="344" x="-51.780" y="-137.200" z="-194.100" r="0.500" parent="343"/>
   <Point id="369" x="-131.400" y="-102.600" z="-40.320" r="0.500" parent="368"/>
   <Point id="387" x="-72.960" y="-140.100" z="-63.780" r="0.500" parent="386"/>
   <Point id="419" x="-114.200" y="-16.120" z="57.390" r="0.415" parent="418"/>
   <Point id="453" x="-122.000" y="52.310" z="-47.320" r="0.415" parent="452"/>
   <Point id="476" x="-145.800" y="-52.490" z="-72.250" r="0.415" parent="475"/>
   <Point id="505" x="-93.570" y="122.600" z="25.190" r="0.415" parent="504"/>
   <Point id="535" x="5.270" y="-104.000" z="-2.330" r="0.500" parent="534"/>
   <Point id="587" x="-114.200" y="-1.900" z="11.130" r="0.500" parent="586"/>
   <Point id="622" x="-82.290" y="-101.600" z="44.260" r="0.500" parent="621"/>
   <Point id="662" x="75.480" y="-55.620" z="-166.800" r="0.415" parent="661"/>
   <Point id="681" x="-69.030" y="-55.760" z="-119.900" r="0.415" parent="680"/>
   <Point id="732" x="96.220" y="-56.630" z="-24.060" r="0.415" parent="731"/>
   <Point id="769" x="132.500" y="16.870" z="-17.000" r="0.415" parent="768"/>
   <Point id="806" x="-123.200" y="-3.970" z="-22.330" r="0.415" parent="805"/>
   <Point id="850" x="-47.920" y="-152.000" z="-72.580" r="0.415" parent="849"/>
   <Point id="1936" x="-20.230" y="231.700" z="36.190" r="0.665" parent="1935"/>
   <Point id="2104" x="-116.000" y="20.870" z="7.330" r="0.500" parent="2103"/>
   <Point id="2123" x="-117.600" y="26.490" z="-0.600" r="0.500" parent="2122"/>
   <Point id="2161" x="105.700" y="101.900" z="-26.990" r="0.500" parent="2160"/>
   <Point id="29" x="118.700" y="-34.250" z="-30.130" r="0.415" parent="28"/>
   <Point id="77" x="-28.520" y="-80.410" z="78.650" r="0.580" parent="76"/>
   <Point id="110" x="133.600" y="66.550" z="-42.060" r="0.415" parent="109"/>
   <Point id="135" x="106.000" y="-1.930" z="43.660" r="0.415" parent="134"/>
   <Point id="154" x="99.570" y="-10.340" z="56.190" r="0.415" parent="153"/>
   <Point id="169" x="120.300" y="-23.900" z="-18.200" r="0.415" parent="168"/>
   <Point id="181" x="127.600" y="-25.060" z="-37.120" r="0.330" parent="168"/>
   <Point id="198" x="121.400" y="-57.440" z="30.590" r="0.415" parent="197"/>
   <Point id="296" x="-112.200" y="69.450" z="-201.100" r="0.500" parent="295"/>
   <Point id="345" x="-50.620" y="-145.100" z="-194.400" r="0.500" parent="344"/>
   <Point id="370" x="-136.300" y="-107.300" z="-46.060" r="0.500" parent="369"/>
   <Point id="388" x="-75.110" y="-149.000" z="-71.380" r="0.500" parent="387"/>
   <Point id="420" x="-117.700" y="-15.950" z="58.320" r="0.415" parent="419"/>
   <Point id="454" x="-125.600" y="52.810" z="-53.320" r="0.415" parent="453"/>
   <Point id="477" x="-151.300" y="-60.410" z="-75.510" r="0.415" parent="476"/>
   <Point id="506" x="-99.090" y="129.600" z="25.860" r="0.415" parent="505"/>
   <Point id="536" x="4.940" y="-106.700" z="-2.000" r="0.500" parent="535"/>
   <Point id="588" x="-119.000" y="-1.900" z="11.860" r="0.500" parent="587"/>
   <Point id="623" x="-83.780" y="-107.600" z="45.720" r="0.500" parent="622"/>
   <Point id="663" x="77.640" y="-67.860" z="-179.100" r="0.415" parent="662"/>
   <Point id="682" x="-76.490" y="-59.900" z="-122.500" r="0.415" parent="681"/>
   <Point id="733" x="99.210" y="-58.620" z="-27.790" r="0.415" parent="732"/>
   <Point id="770" x="139.800" y="12.080" z="-15.660" r="0.415" parent="769"/>
   <Point id="807" x="-133.400" y="3.970" z="-22.860" r="0.415" parent="806"/>
   <Point id="851" x="-40.280" y="-155.500" z="-80.580" r="0.415" parent="850"/>
   <Point id="1937" x="-21.550" y="245.400" z="38.720" r="0.665" parent="1936"/>
   <Point id="2105" x="-118.000" y="18.220" z="2.870" r="0.500" parent="2104"/>
   <Point id="2124" x="-123.300" y="23.680" z="-2.730" r="0.500" parent="2123"/>
   <Point id="30" x="126.800" y="-36.900" z="-35.660" r="0.415" parent="29"/>
   <Point id="78" x="-27.860" y="-84.370" z="78.050" r="0.580" parent="77"/>
   <Point id="111" x="140.400" y="67.870" z="-45.590" r="0.415" parent="110"/>
   <Point id="136" x="108.300" y="-2.100" z="47.050" r="0.415" parent="135"/>
   <Point id="155" x="100.400" y="-9.680" z="71.720" r="0.415" parent="154"/>
   <Point id="170" x="130.800" y="-21.750" z="-18.930" r="0.415" parent="169"/>
   <Point id="182" x="136.100" y="-26.710" z="-39.520" r="0.330" parent="181"/>
   <Point id="199" x="123.400" y="-59.920" z="31.660" r="0.415" parent="198"/>
   <Point id="297" x="-116.200" y="70.360" z="-202.200" r="0.500" parent="296"/>
   <Point id="371" x="-143.600" y="-115.500" z="-51.450" r="0.500" parent="370"/>
   <Point id="389" x="-79.100" y="-157.600" z="-78.380" r="0.500" parent="388"/>
   <Point id="421" x="-122.800" y="-13.970" z="55.650" r="0.415" parent="420"/>
   <Point id="455" x="-128.800" y="54.630" z="-61.850" r="0.415" parent="454"/>
   <Point id="478" x="-156.300" y="-66.200" z="-81.780" r="0.415" parent="477"/>
   <Point id="507" x="-99.590" y="132.600" z="25.860" r="0.415" parent="506"/>
   <Point id="537" x="5.440" y="-108.500" z="-2.000" r="0.500" parent="536"/>
   <Point id="589" x="-122.000" y="1.080" z="12.530" r="0.500" parent="588"/>
   <Point id="624" x="-86.930" y="-110.400" z="46.060" r="0.500" parent="623"/>
   <Point id="664" x="78.300" y="-80.930" z="-178.900" r="0.415" parent="663"/>
   <Point id="683" x="-82.630" y="-64.030" z="-122.500" r="0.415" parent="682"/>
   <Point id="734" x="106.700" y="-66.230" z="-31.930" r="0.415" parent="733"/>
   <Point id="771" x="151.100" y="0.500" z="-14.400" r="0.415" parent="770"/>
   <Point id="808" x="-142.200" y="5.620" z="-20.460" r="0.415" parent="807"/>
   <Point id="852" x="-35.140" y="-158.900" z="-83.050" r="0.415" parent="851"/>
   <Point id="1938" x="-22.380" y="256.800" z="37.990" r="0.665" parent="1937"/>
   <Point id="2106" x="-122.600" y="18.720" z="1.870" r="0.500" parent="2105"/>
   <Point id="2125" x="-129.100" y="21.360" z="-3.470" r="0.500" parent="2124"/>
   <Point id="31" x="133.600" y="-40.040" z="-38.860" r="0.415" parent="30"/>
   <Point id="79" x="-31.010" y="-89.670" z="79.310" r="0.580" parent="78"/>
   <Point id="112" x="145.400" y="71.350" z="-49.450" r="0.415" parent="111"/>
   <Point id="137" x="115.200" y="-0.540" z="50.520" r="0.415" parent="136"/>
   <Point id="156" x="105.000" y="-8.850" z="79.450" r="0.415" parent="155"/>
   <Point id="171" x="141.400" y="-13.480" z="-17.930" r="0.415" parent="170"/>
   <Point id="183" x="142.600" y="-25.550" z="-42.790" r="0.330" parent="182"/>
   <Point id="200" x="123.400" y="-65.220" z="34.590" r="0.415" parent="199"/>
   <Point id="298" x="-122.700" y="84.420" z="-212.200" r="0.500" parent="297"/>
   <Point id="372" x="-144.600" y="-128.800" z="-57.120" r="0.500" parent="371"/>
   <Point id="390" x="-82.580" y="-167.500" z="-86.380" r="0.500" parent="389"/>
   <Point id="422" x="-129.400" y="-15.290" z="57.190" r="0.415" parent="421"/>
   <Point id="456" x="-131.400" y="54.790" z="-68.920" r="0.415" parent="455"/>
   <Point id="479" x="-159.800" y="-67.190" z="-92.240" r="0.415" parent="478"/>
   <Point id="508" x="-99.920" y="136.200" z="23.530" r="0.415" parent="507"/>
   <Point id="538" x="8.630" y="-118.400" z="-3.330" r="0.500" parent="537"/>
   <Point id="590" x="-127.200" y="3.390" z="16.860" r="0.500" parent="589"/>
   <Point id="625" x="-91.580" y="-111.600" z="42.990" r="0.500" parent="624"/>
   <Point id="665" x="80.960" y="-88.700" z="-178.900" r="0.415" parent="664"/>
   <Point id="684" x="-90.920" y="-62.540" z="-127.000" r="0.415" parent="683"/>
   <Point id="735" x="112.500" y="-73.010" z="-33.720" r="0.415" parent="734"/>
   <Point id="772" x="157.700" y="-6.120" z="-10.600" r="0.415" parent="771"/>
   <Point id="809" x="-153.400" y="9.590" z="-15.530" r="0.415" parent="808"/>
   <Point id="1939" x="-23.120" y="267.400" z="42.920" r="0.665" parent="1938"/>
   <Point id="2107" x="-126.400" y="18.720" z="-3.330" r="0.500" parent="2106"/>
   <Point id="2126" x="-134.000" y="21.360" z="-4.070" r="0.500" parent="2125"/>
   <Point id="32" x="137.300" y="-42.520" z="-40.720" r="0.415" parent="31"/>
   <Point id="80" x="-32.170" y="-91.650" z="81.710" r="0.580" parent="79"/>
   <Point id="113" x="157.800" y="71.680" z="-56.390" r="0.415" parent="112"/>
   <Point id="138" x="121.700" y="-0.210" z="51.590" r="0.415" parent="137"/>
   <Point id="157" x="105.500" y="-7.360" z="84.180" r="0.415" parent="156"/>
   <Point id="172" x="147.700" y="-7.200" z="-14.060" r="0.415" parent="171"/>
   <Point id="184" x="145.200" y="-21.920" z="-47.790" r="0.330" parent="183"/>
   <Point id="201" x="126.400" y="-68.690" z="38.460" r="0.415" parent="200"/>
   <Point id="299" x="-117.900" y="84.910" z="-222.600" r="0.500" parent="298"/>
   <Point id="373" x="-142.700" y="-140.200" z="-58.650" r="0.500" parent="372"/>
   <Point id="391" x="-82.020" y="-172.400" z="-94.440" r="0.500" parent="390"/>
   <Point id="423" x="-136.600" y="-18.760" z="57.990" r="0.415" parent="422"/>
   <Point id="457" x="-131.600" y="58.270" z="-75.650" r="0.415" parent="456"/>
   <Point id="480" x="-164.700" y="-64.540" z="-95.240" r="0.415" parent="479"/>
   <Point id="509" x="-101.600" y="142.600" z="22.860" r="0.415" parent="508"/>
   <Point id="539" x="10.790" y="-124.300" z="-4.070" r="0.500" parent="538"/>
   <Point id="591" x="-132.800" y="7.860" z="18.730" r="0.500" parent="590"/>
   <Point id="626" x="-98.380" y="-112.400" z="42.990" r="0.500" parent="625"/>
   <Point id="685" x="-108.100" y="-65.280" z="-133.000" r="0.415" parent="684"/>
   <Point id="736" x="118.500" y="-78.800" z="-36.990" r="0.415" parent="735"/>
   <Point id="773" x="163.700" y="-10.090" z="-8.530" r="0.415" parent="772"/>
   <Point id="810" x="-167.100" y="16.370" z="-12.400" r="0.415" parent="809"/>
   <Point id="1940" x="-20.800" y="272.000" z="42.590" r="0.665" parent="1939"/>
   <Point id="2108" x="-128.900" y="18.550" z="-9.800" r="0.500" parent="2107"/>
   <Point id="2127" x="-149.800" y="20.200" z="-19.000" r="0.500" parent="2126"/>
   <Point id="33" x="138.300" y="-49.960" z="-43.190" r="0.415" parent="32"/>
   <Point id="114" x="168.000" y="73.830" z="-55.720" r="0.415" parent="113"/>
   <Point id="139" x="125.800" y="-0.210" z="53.850" r="0.415" parent="138"/>
   <Point id="173" x="156.600" y="-1.570" z="-9.530" r="0.415" parent="172"/>
   <Point id="185" x="147.900" y="-19.930" z="-54.520" r="0.330" parent="184"/>
   <Point id="202" x="130.100" y="-71.340" z="43.520" r="0.415" parent="201"/>
   <Point id="300" x="-116.700" y="86.400" z="-234.200" r="0.500" parent="299"/>
   <Point id="392" x="-83.020" y="-177.900" z="-103.800" r="0.500" parent="391"/>
   <Point id="424" x="-140.400" y="-22.400" z="58.990" r="0.415" parent="423"/>
   <Point id="458" x="-130.400" y="62.900" z="-78.580" r="0.415" parent="457"/>
   <Point id="481" x="-174.800" y="-64.050" z="-101.800" r="0.415" parent="480"/>
   <Point id="540" x="12.110" y="-129.800" z="-5.800" r="0.500" parent="539"/>
   <Point id="592" x="-136.000" y="8.360" z="19.000" r="0.500" parent="591"/>
   <Point id="627" x="-102.900" y="-113.700" z="42.720" r="0.500" parent="626"/>
   <Point id="686" x="-115.600" y="-67.760" z="-140.200" r="0.415" parent="685"/>
   <Point id="737" x="122.100" y="-86.410" z="-40.260" r="0.415" parent="736"/>
   <Point id="774" x="172.200" y="-12.400" z="-8.460" r="0.415" parent="773"/>
   <Point id="811" x="-173.300" y="21.830" z="-12.200" r="0.415" parent="810"/>
   <Point id="1941" x="-22.290" y="278.900" z="42.660" r="0.665" parent="1940"/>
   <Point id="2109" x="-134.200" y="18.720" z="-22.330" r="0.500" parent="2108"/>
   <Point id="2128" x="-159.400" y="15.900" z="-24.190" r="0.500" parent="2127"/>
   <Point id="34" x="141.100" y="-56.910" z="-45.860" r="0.415" parent="33"/>
   <Point id="140" x="128.000" y="-1.870" z="57.920" r="0.415" parent="139"/>
   <Point id="174" x="165.600" y="2.560" z="-8.660" r="0.415" parent="173"/>
   <Point id="186" x="154.500" y="-21.250" z="-62.920" r="0.330" parent="185"/>
   <Point id="203" x="134.400" y="-72.830" z="47.590" r="0.415" parent="202"/>
   <Point id="393" x="-82.360" y="-185.300" z="-120.100" r="0.500" parent="392"/>
   <Point id="425" x="-144.200" y="-26.700" z="63.580" r="0.415" parent="424"/>
   <Point id="459" x="-144.200" y="63.360" z="-95.840" r="0.415" parent="458"/>
   <Point id="482" x="-179.000" y="-69.340" z="-108.100" r="0.415" parent="481"/>
   <Point id="541" x="11.450" y="-132.900" z="-6.660" r="0.500" parent="540"/>
   <Point id="593" x="-139.800" y="11.000" z="18.860" r="0.500" parent="592"/>
   <Point id="628" x="-109.700" y="-120.000" z="33.590" r="0.500" parent="627"/>
   <Point id="687" x="-124.400" y="-68.750" z="-143.500" r="0.415" parent="686"/>
   <Point id="738" x="132.100" y="-92.860" z="-42.260" r="0.415" parent="737"/>
   <Point id="775" x="183.900" y="-14.390" z="-9.060" r="0.415" parent="774"/>
   <Point id="812" x="-174.300" y="22.660" z="-12.260" r="0.415" parent="811"/>
   <Point id="1942" x="-23.620" y="284.700" z="44.120" r="0.665" parent="1941"/>
   <Point id="2110" x="-143.200" y="23.020" z="-35.190" r="0.500" parent="2109"/>
   <Point id="2129" x="-168.700" y="13.920" z="-28.790" r="0.500" parent="2128"/>
   <Point id="35" x="150.600" y="-68.820" z="-54.390" r="0.415" parent="34"/>
   <Point id="141" x="132.600" y="-2.860" z="62.120" r="0.415" parent="140"/>
   <Point id="175" x="169.400" y="8.850" z="-12.530" r="0.415" parent="174"/>
   <Point id="187" x="163.500" y="-27.210" z="-76.580" r="0.330" parent="186"/>
   <Point id="204" x="137.500" y="-77.790" z="52.450" r="0.415" parent="203"/>
   <Point id="426" x="-146.000" y="-30.180" z="67.780" r="0.415" parent="425"/>
   <Point id="460" x="-154.600" y="61.870" z="-105.800" r="0.415" parent="459"/>
   <Point id="483" x="-183.100" y="-72.650" z="-119.800" r="0.415" parent="482"/>
   <Point id="542" x="13.270" y="-140.100" z="-7.600" r="0.500" parent="541"/>
   <Point id="594" x="-145.600" y="11.000" z="13.400" r="0.500" parent="593"/>
   <Point id="629" x="-112.500" y="-122.300" z="32.590" r="0.500" parent="628"/>
   <Point id="688" x="-128.800" y="-72.060" z="-146.400" r="0.415" parent="687"/>
   <Point id="739" x="137.500" y="-94.350" z="-40.520" r="0.415" parent="738"/>
   <Point id="776" x="191.300" y="-14.430" z="-11.730" r="0.415" parent="775"/>
   <Point id="813" x="-180.800" y="27.190" z="-11.130" r="0.415" parent="812"/>
   <Point id="1943" x="-22.950" y="290.000" z="43.390" r="0.665" parent="1942"/>
   <Point id="2111" x="-146.800" y="22.680" z="-52.390" r="0.500" parent="2110"/>
   <Point id="2130" x="-177.500" y="10.780" z="-33.190" r="0.500" parent="2129"/>
   <Point id="36" x="155.400" y="-70.480" z="-54.390" r="0.415" parent="35"/>
   <Point id="142" x="135.600" y="-2.700" z="67.250" r="0.415" parent="141"/>
   <Point id="176" x="174.400" y="15.630" z="-17.200" r="0.415" parent="175"/>
   <Point id="188" x="167.600" y="-30.350" z="-92.980" r="0.330" parent="187"/>
   <Point id="205" x="139.200" y="-80.600" z="54.590" r="0.415" parent="204"/>
   <Point id="427" x="-151.200" y="-30.010" z="71.320" r="0.415" parent="426"/>
   <Point id="461" x="-159.300" y="61.700" z="-118.700" r="0.415" parent="460"/>
   <Point id="484" x="-185.300" y="-72.150" z="-133.000" r="0.415" parent="483"/>
   <Point id="543" x="13.110" y="-145.200" z="-9.200" r="0.500" parent="542"/>
   <Point id="595" x="-151.100" y="12.490" z="11.460" r="0.500" parent="594"/>
   <Point id="630" x="-115.300" y="-125.000" z="32.590" r="0.500" parent="629"/>
   <Point id="689" x="-135.300" y="-82.310" z="-150.100" r="0.415" parent="688"/>
   <Point id="740" x="142.500" y="-98.980" z="-40.460" r="0.415" parent="739"/>
   <Point id="777" x="202.300" y="-15.920" z="-18.860" r="0.415" parent="776"/>
   <Point id="814" x="-187.900" y="33.480" z="-19.990" r="0.415" parent="813"/>
   <Point id="1944" x="-24.610" y="297.500" z="42.860" r="0.500" parent="1943"/>
   <Point id="2131" x="-181.000" y="9.950" z="-36.920" r="0.500" parent="2130"/>
   <Point id="37" x="157.400" y="-74.940" z="-57.720" r="0.415" parent="36"/>
   <Point id="143" x="138.100" y="3.260" z="69.250" r="0.415" parent="142"/>
   <Point id="177" x="174.000" y="19.600" z="-15.530" r="0.415" parent="176"/>
   <Point id="206" x="143.000" y="-85.430" z="60.320" r="0.415" parent="205"/>
   <Point id="428" x="-155.500" y="-27.030" z="70.650" r="0.415" parent="427"/>
   <Point id="544" x="13.440" y="-147.800" z="-13.130" r="0.330" parent="543"/>
   <Point id="596" x="-152.600" y="15.470" z="11.460" r="0.500" parent="595"/>
   <Point id="631" x="-118.900" y="-127.000" z="25.130" r="0.500" parent="630"/>
   <Point id="690" x="-141.100" y="-88.760" z="-154.000" r="0.415" parent="689"/>
   <Point id="741" x="145.300" y="-101.100" z="-41.990" r="0.415" parent="740"/>
   <Point id="778" x="207.600" y="-14.930" z="-21.790" r="0.415" parent="777"/>
   <Point id="815" x="-192.900" y="34.800" z="-26.460" r="0.415" parent="814"/>
   <Point id="1945" x="-24.440" y="305.700" z="44.590" r="0.500" parent="1944"/>
   <Point id="2132" x="-192.500" y="6.390" z="-43.260" r="0.500" parent="2131"/>
   <Point id="38" x="159.700" y="-76.930" z="-57.720" r="0.415" parent="37"/>
   <Point id="144" x="141.600" y="7.560" z="71.920" r="0.415" parent="143"/>
   <Point id="178" x="176.500" y="22.580" z="-19.460" r="0.415" parent="177"/>
   <Point id="207" x="145.000" y="-86.250" z="69.520" r="0.415" parent="206"/>
   <Point id="429" x="-159.600" y="-23.890" z="70.050" r="0.415" parent="428"/>
   <Point id="545" x="11.280" y="-154.800" z="-18.330" r="0.330" parent="544"/>
   <Point id="597" x="-155.400" y="21.090" z="6.530" r="0.500" parent="596"/>
   <Point id="632" x="-121.700" y="-132.200" z="21.860" r="0.500" parent="631"/>
   <Point id="691" x="-144.900" y="-93.060" z="-156.900" r="0.415" parent="690"/>
   <Point id="742" x="150.500" y="-104.100" z="-46.850" r="0.415" parent="741"/>
   <Point id="779" x="212.100" y="-13.440" z="-26.190" r="0.415" parent="778"/>
   <Point id="816" x="-197.400" y="41.090" z="-33.460" r="0.415" parent="815"/>
   <Point id="1946" x="-23.120" y="308.600" z="44.590" r="0.500" parent="1945"/>
   <Point id="2133" x="-196.600" y="4.070" z="-46.060" r="0.500" parent="2132"/>
   <Point id="39" x="170.300" y="-85.490" z="-62.720" r="0.415" parent="38"/>
   <Point id="145" x="145.900" y="12.850" z="72.520" r="0.415" parent="144"/>
   <Point id="179" x="181.700" y="28.040" z="-22.730" r="0.415" parent="178"/>
   <Point id="208" x="148.000" y="-91.550" z="76.450" r="0.415" parent="207"/>
   <Point id="430" x="-165.100" y="-23.890" z="71.320" r="0.415" parent="429"/>
   <Point id="546" x="10.950" y="-160.900" z="-25.060" r="0.330" parent="545"/>
   <Point id="598" x="-159.000" y="27.380" z="5.000" r="0.500" parent="597"/>
   <Point id="633" x="-127.400" y="-136.500" z="20.130" r="0.500" parent="632"/>
   <Point id="743" x="154.800" y="-104.800" z="-45.990" r="0.415" parent="742"/>
   <Point id="817" x="-199.900" y="44.400" z="-44.190" r="0.415" parent="816"/>
   <Point id="1947" x="-22.950" y="311.700" z="44.120" r="0.500" parent="1946"/>
   <Point id="2134" x="-203.300" y="-0.890" z="-46.060" r="0.500" parent="2133"/>
   <Point id="40" x="171.300" y="-88.970" z="-62.780" r="0.415" parent="39"/>
   <Point id="146" x="151.700" y="18.970" z="73.380" r="0.415" parent="145"/>
   <Point id="180" x="181.700" y="33.090" z="-24.190" r="0.415" parent="179"/>
   <Point id="209" x="151.300" y="-96.340" z="81.450" r="0.415" parent="208"/>
   <Point id="431" x="-169.400" y="-24.880" z="71.320" r="0.415" parent="430"/>
   <Point id="547" x="7.970" y="-165.500" z="-29.190" r="0.330" parent="546"/>
   <Point id="599" x="-164.200" y="31.180" z="-0.330" r="0.500" parent="598"/>
   <Point id="634" x="-132.200" y="-139.300" z="15.660" r="0.500" parent="633"/>
   <Point id="744" x="161.000" y="-107.800" z="-47.520" r="0.415" parent="743"/>
   <Point id="1948" x="-23.720" y="325.300" z="47.520" r="0.500" parent="1947"/>
   <Point id="2135" x="-209.400" y="-7.180" z="-49.050" r="0.500" parent="2134"/>
   <Point id="41" x="177.300" y="-96.910" z="-67.450" r="0.415" parent="40"/>
   <Point id="147" x="160.000" y="24.100" z="73.650" r="0.415" parent="146"/>
   <Point id="432" x="-172.200" y="-24.040" z="71.120" r="0.415" parent="431"/>
   <Point id="548" x="4.360" y="-168.000" z="-39.120" r="0.330" parent="547"/>
   <Point id="600" x="-168.600" y="34.000" z="0.530" r="0.500" parent="599"/>
   <Point id="635" x="-135.000" y="-138.200" z="13.330" r="0.500" parent="634"/>
   <Point id="745" x="167.900" y="-114.800" z="-44.120" r="0.415" parent="744"/>
   <Point id="1949" x="-24.380" y="335.900" z="51.450" r="0.500" parent="1948"/>
   <Point id="2136" x="-215.700" y="-8.500" z="-51.320" r="0.500" parent="2135"/>
   <Point id="42" x="184.400" y="-104.000" z="-73.380" r="0.415" parent="41"/>
   <Point id="148" x="166.900" y="24.100" z="73.850" r="0.415" parent="147"/>
   <Point id="433" x="-178.600" y="-25.030" z="72.980" r="0.415" parent="432"/>
   <Point id="549" x="2.540" y="-171.200" z="-46.920" r="0.330" parent="548"/>
   <Point id="601" x="-174.300" y="34.820" z="0.530" r="0.500" parent="600"/>
   <Point id="636" x="-141.300" y="-135.700" z="8.060" r="0.500" parent="635"/>
   <Point id="746" x="169.600" y="-120.600" z="-41.260" r="0.415" parent="745"/>
   <Point id="1950" x="-23.220" y="343.600" z="53.390" r="0.500" parent="1949"/>
   <Point id="2137" x="-223.900" y="-12.310" z="-54.790" r="0.500" parent="2136"/>
   <Point id="43" x="192.800" y="-107.200" z="-77.650" r="0.415" parent="42"/>
   <Point id="149" x="177.200" y="26.750" z="67.920" r="0.415" parent="148"/>
   <Point id="434" x="-184.400" y="-23.540" z="72.920" r="0.415" parent="433"/>
   <Point id="550" x="3.700" y="-172.200" z="-57.520" r="0.330" parent="549"/>
   <Point id="602" x="-181.900" y="31.180" z="-1.600" r="0.500" parent="601"/>
   <Point id="637" x="-145.600" y="-133.700" z="5.730" r="0.500" parent="636"/>
   <Point id="747" x="166.600" y="-125.300" z="-36.920" r="0.415" parent="746"/>
   <Point id="1951" x="-24.880" y="352.900" z="49.920" r="0.500" parent="1950"/>
   <Point id="2138" x="-230.300" y="-17.100" z="-59.250" r="0.500" parent="2137"/>
   <Point id="44" x="200.000" y="-106.300" z="-82.850" r="0.415" parent="43"/>
   <Point id="150" x="182.200" y="27.570" z="70.920" r="0.415" parent="149"/>
   <Point id="435" x="-189.600" y="-24.210" z="72.250" r="0.415" parent="434"/>
   <Point id="603" x="-194.000" y="32.180" z="3.730" r="0.500" parent="602"/>
   <Point id="748" x="159.800" y="-133.100" z="-39.190" r="0.415" parent="747"/>
   <Point id="1952" x="-24.550" y="367.000" z="51.920" r="0.500" parent="1951"/>
   <Point id="45" x="207.400" y="-101.000" z="-89.040" r="0.415" parent="44"/>
   <Point id="151" x="187.000" y="25.260" z="71.320" r="0.415" parent="150"/>
   <Point id="436" x="-194.100" y="-25.700" z="72.320" r="0.415" parent="435"/>
   <Point id="604" x="-209.100" y="24.890" z="10.200" r="0.500" parent="603"/>
   <Point id="749" x="159.500" y="-142.400" z="-42.860" r="0.415" parent="748"/>
   <Point id="1953" x="-29.360" y="395.400" z="56.790" r="0.500" parent="1952"/>
   <Point id="46" x="217.900" y="-96.910" z="-94.640" r="0.415" parent="45"/>
   <Point id="152" x="191.000" y="23.770" z="70.180" r="0.415" parent="151"/>
   <Point id="437" x="-197.700" y="-23.540" z="72.320" r="0.415" parent="436"/>
   <Point id="1954" x="-29.860" y="407.800" z="56.790" r="0.500" parent="1953"/>
   <Point id="1955" x="-31.190" y="422.500" z="57.650" r="0.500" parent="1954"/>
   <Point id="1956" x="-33.810" y="451.900" z="62.380" r="0.500" parent="1955"/>
   <Point id="1957" x="-34.470" y="471.600" z="62.780" r="0.500" parent="1956"/>
   <Point id="1958" x="-33.970" y="479.000" z="62.780" r="0.500" parent="1957"/>
   <Point id="1959" x="-33.260" y="510.000" z="66.580" r="0.500" parent="1958"/>
   <Point id="1960" x="-32.930" y="525.200" z="68.920" r="0.500" parent="1959"/>
   <Point id="1961" x="-33.760" y="533.300" z="68.920" r="0.500" parent="1960"/>
   <Point id="1962" x="-33.760" y="534.600" z="68.980" r="0.500" parent="1961"/>
   <Point id="1963" x="-31.730" y="579.600" z="68.850" r="0.500" parent="1962"/>
   <Point id="1964" x="-31.400" y="584.900" z="68.850" r="0.500" parent="1963"/>
   <Point id="1965" x="-32.560" y="590.900" z="68.850" r="0.500" parent="1964"/>
   <Point id="1966" x="-33.090" y="597.300" z="68.050" r="0.500" parent="1965"/>
   <Point id="1967" x="-31.100" y="603.900" z="67.720" r="0.500" parent="1966"/>
   <Point id="1968" x="-30.100" y="616.500" z="65.250" r="0.500" parent="1967"/>
   <Point id="1969" x="-29.270" y="622.100" z="64.850" r="0.500" parent="1968"/>
   <Point id="1970" x="-30.100" y="629.000" z="63.320" r="0.500" parent="1969"/>
   <Point id="1971" x="-28.610" y="638.500" z="63.250" r="0.500" parent="1970"/>
   <Point id="1972" x="-27.450" y="646.100" z="61.650" r="0.500" parent="1971"/>
   <Point id="1973" x="-27.420" y="654.900" z="61.650" r="0.500" parent="1972"/>
   <Point id="1974" x="-29.250" y="662.900" z="63.250" r="0.500" parent="1973"/>
   <Point id="1975" x="-28.090" y="669.000" z="61.720" r="0.500" parent="1974"/>
   <Point id="1976" x="-26.760" y="677.600" z="57.990" r="0.500" parent="1975"/>
   <Point id="1977" x="-26.100" y="685.000" z="56.720" r="0.500" parent="1976"/>
   <Point id="1978" x="-26.100" y="691.700" z="55.190" r="0.500" parent="1977"/>
   <Point id="1979" x="-25.760" y="698.300" z="54.120" r="0.500" parent="1978"/>
   <Point id="1980" x="-24.930" y="702.300" z="52.320" r="0.500" parent="1979"/>
   <Point id="1981" x="-24.990" y="708.900" z="51.520" r="0.500" parent="1980"/>
   <Point id="1982" x="-24.820" y="712.500" z="50.920" r="0.500" parent="1981"/>
   <Point id="1983" x="-26.810" y="718.000" z="51.720" r="0.500" parent="1982"/>
   <Point id="1984" x="-26.150" y="723.000" z="51.650" r="0.500" parent="1983"/>
   <Point id="1985" x="-24.660" y="733.000" z="51.320" r="0.500" parent="1984"/>
   <Point id="1986" x="-23.660" y="736.900" z="51.320" r="0.500" parent="1985"/>
   <Point id="1987" x="-25.320" y="744.300" z="49.120" r="0.500" parent="1986"/>
   <Point id="1988" x="-24.990" y="749.300" z="46.260" r="0.500" parent="1987"/>
   <Point id="1989" x="-24.490" y="752.700" z="46.720" r="0.500" parent="1988"/>
   <Point id="1990" x="-25.820" y="757.700" z="47.050" r="0.500" parent="1989"/>
   <Point id="1991" x="-24.330" y="780.900" z="45.990" r="0.500" parent="1990"/>
   <Point id="1992" x="-21.010" y="791.500" z="53.720" r="0.500" parent="1991"/>
   <Point id="2005" x="-24.920" y="793.000" z="41.260" r="0.500" parent="1991"/>
   <Point id="1993" x="-17.690" y="799.200" z="57.520" r="0.500" parent="1992"/>
   <Point id="2006" x="-23.920" y="802.300" z="36.460" r="0.500" parent="2005"/>
   <Point id="1994" x="-16.700" y="810.100" z="60.520" r="0.500" parent="1993"/>
   <Point id="2007" x="-23.260" y="811.400" z="34.060" r="0.500" parent="2006"/>
   <Point id="1995" x="-12.550" y="823.000" z="66.380" r="0.500" parent="1994"/>
   <Point id="2008" x="-24.090" y="817.700" z="30.660" r="0.500" parent="2007"/>
   <Point id="1996" x="-10.100" y="835.800" z="73.120" r="0.500" parent="1995"/>
   <Point id="2009" x="-22.930" y="821.300" z="30.590" r="0.500" parent="2008"/>
   <Point id="1997" x="-9.770" y="849.000" z="77.050" r="0.500" parent="1996"/>
   <Point id="2010" x="-23.590" y="824.800" z="28.790" r="0.500" parent="2009"/>
   <Point id="1998" x="-9.770" y="861.300" z="82.110" r="0.500" parent="1997"/>
   <Point id="2011" x="-18.780" y="836.400" z="24.730" r="0.500" parent="2010"/>
   <Point id="2028" x="-27.500" y="837.600" z="27.330" r="0.500" parent="2010"/>
   <Point id="1999" x="-9.270" y="879.600" z="82.710" r="0.500" parent="1998"/>
   <Point id="2012" x="-16.000" y="848.500" z="19.330" r="0.500" parent="2011"/>
   <Point id="2029" x="-32.480" y="851.800" z="25.990" r="0.500" parent="2028"/>
   <Point id="2000" x="-3.520" y="911.800" z="84.510" r="0.500" parent="1999"/>
   <Point id="2013" x="-12.020" y="857.700" z="16.800" r="0.500" parent="2012"/>
   <Point id="2030" x="-34.970" y="856.000" z="25.990" r="0.500" parent="2029"/>
   <Point id="2001" x="-0.530" y="927.700" z="87.440" r="0.500" parent="2000"/>
   <Point id="2014" x="-11.190" y="865.300" z="13.330" r="0.500" parent="2013"/>
   <Point id="2031" x="-36.620" y="861.800" z="25.990" r="0.500" parent="2030"/>
   <Point id="2002" x="2.290" y="936.800" z="91.580" r="0.500" parent="2001"/>
   <Point id="2015" x="-7.050" y="878.700" z="6.730" r="0.500" parent="2014"/>
   <Point id="2032" x="-40.110" y="863.900" z="25.990" r="0.500" parent="2031"/>
   <Point id="2003" x="12.100" y="962.600" z="94.580" r="0.500" parent="2002"/>
   <Point id="2016" x="-3.400" y="888.200" z="5.270" r="0.500" parent="2015"/>
   <Point id="2033" x="-42.600" y="876.700" z="26.190" r="0.500" parent="2032"/>
   <Point id="2004" x="18.730" y="976.200" z="95.710" r="0.500" parent="2003"/>
   <Point id="2017" x="-1.570" y="892.000" z="5.270" r="0.500" parent="2016"/>
   <Point id="2034" x="-42.760" y="880.600" z="26.860" r="0.500" parent="2033"/>
   <Point id="2018" x="7.170" y="907.800" z="2.800" r="0.500" parent="2017"/>
   <Point id="2035" x="-44.640" y="897.000" z="25.060" r="0.500" parent="2034"/>
   <Point id="2019" x="14.470" y="918.500" z="-2.330" r="0.500" parent="2018"/>
   <Point id="2036" x="-37.680" y="910.000" z="18.460" r="0.500" parent="2035"/>
   <Point id="2046" x="-48.040" y="904.400" z="26.660" r="0.500" parent="2035"/>
   <Point id="2020" x="35.540" y="939.200" z="-12.260" r="0.500" parent="2019"/>
   <Point id="2037" x="-28.720" y="929.700" z="15.860" r="0.500" parent="2036"/>
   <Point id="2047" x="-51.030" y="908.900" z="26.660" r="0.500" parent="2046"/>
   <Point id="2021" x="41.340" y="948.800" z="-19.660" r="0.500" parent="2020"/>
   <Point id="2038" x="-27.230" y="937.000" z="12.930" r="0.500" parent="2037"/>
   <Point id="2048" x="-53.850" y="918.200" z="28.790" r="0.500" parent="2047"/>
   <Point id="2022" x="50.670" y="959.000" z="-27.530" r="0.500" parent="2021"/>
   <Point id="2039" x="-18.730" y="949.900" z="5.670" r="0.500" parent="2038"/>
   <Point id="2049" x="-54.840" y="925.400" z="26.860" r="0.500" parent="2048"/>
   <Point id="2023" x="61.610" y="986.800" z="-37.990" r="0.500" parent="2022"/>
   <Point id="2040" x="-13.590" y="960.300" z="-1.330" r="0.500" parent="2039"/>
   <Point id="2050" x="-59.820" y="929.900" z="27.930" r="0.500" parent="2049"/>
   <Point id="2024" x="69.910" y="993.700" z="-37.990" r="0.500" parent="2023"/>
   <Point id="2041" x="-7.950" y="975.500" z="-0.200" r="0.500" parent="2040"/>
   <Point id="2051" x="-62.800" y="936.000" z="30.660" r="0.500" parent="2050"/>
   <Point id="2025" x="82.520" y="996.200" z="-37.990" r="0.500" parent="2024"/>
   <Point id="2042" x="-3.970" y="992.100" z="-0.270" r="0.500" parent="2041"/>
   <Point id="2052" x="-65.790" y="942.300" z="32.730" r="0.500" parent="2051"/>
   <Point id="2026" x="110.100" y="1004.000" z="-33.320" r="0.500" parent="2025"/>
   <Point id="2043" x="-3.190" y="1016.000" z="-1.270" r="0.500" parent="2042"/>
   <Point id="2053" x="-69.110" y="948.600" z="34.920" r="0.500" parent="2052"/>
   <Point id="2027" x="119.600" y="1006.000" z="-31.130" r="0.500" parent="2026"/>
   <Point id="2044" x="-4.350" y="1024.000" z="-1.270" r="0.500" parent="2043"/>
   <Point id="2054" x="-70.600" y="953.500" z="36.390" r="0.500" parent="2053"/>
   <Point id="2045" x="-11.150" y="1032.000" z="-4.400" r="0.500" parent="2044"/>
   <Point id="2055" x="-74.670" y="967.000" z="38.660" r="0.500" parent="2054"/>
   <Point id="2056" x="-70.190" y="983.000" z="29.130" r="0.500" parent="2055"/>
   <Point id="2065" x="-81.210" y="977.000" z="41.260" r="0.500" parent="2055"/>
   <Point id="2057" x="-63.880" y="994.800" z="16.730" r="0.500" parent="2056"/>
   <Point id="2066" x="-88.670" y="983.400" z="45.120" r="0.500" parent="2065"/>
   <Point id="2058" x="-64.220" y="997.900" z="5.130" r="0.500" parent="2057"/>
   <Point id="2067" x="-109.600" y="994.300" z="30.860" r="0.500" parent="2066"/>
   <Point id="2059" x="-63.720" y="1002.000" z="-3.270" r="0.500" parent="2058"/>
   <Point id="2068" x="-113.700" y="995.800" z="28.990" r="0.500" parent="2067"/>
   <Point id="2060" x="-63.880" y="1004.000" z="-8.660" r="0.500" parent="2059"/>
   <Point id="2069" x="-129.200" y="1002.000" z="25.930" r="0.500" parent="2068"/>
   <Point id="2061" x="-64.220" y="1010.000" z="-15.330" r="0.500" parent="2060"/>
   <Point id="2062" x="-71.590" y="1014.000" z="-29.390" r="0.500" parent="2061"/>
   <Point id="2063" x="-81.710" y="1016.000" z="-31.590" r="0.500" parent="2062"/>
   <Point id="2064" x="-96.970" y="1034.000" z="-41.790" r="0.500" parent="2063"/>
</CellMorphology>

