<CellMorphology id="n271">
   <Point id="1" x="-0.214" y="1.028" z="-0.400" label="soma" r="5.270"/>
   <Point id="2" x="-0.418" y="2.067" z="-0.400" r="4.530" label="soma" parent="1"/>
   <Point id="737" x="0.000" y="-0.621" z="0.000" r="5.090" label="soma" parent="1"/>
   <Point id="3" x="-0.418" y="3.299" z="-0.400" r="4.530" label="soma" parent="2"/>
   <Point id="738" x="0.000" y="-2.067" z="0.000" r="4.900" label="soma" parent="737"/>
   <Point id="4" x="-0.214" y="4.542" z="-1.600" r="3.800" label="soma" parent="3"/>
   <Point id="739" x="-0.418" y="-3.502" z="0.000" r="4.530" label="soma" parent="738"/>
   <Point id="5" x="-0.418" y="5.367" z="-2.400" r="2.870" label="soma" parent="4"/>
   <Point id="740" x="-0.632" y="-4.746" z="0.000" r="3.800" label="soma" parent="739"/>
   <Point id="6" x="-0.418" y="6.395" z="-2.400" r="2.870" label="soma" parent="5"/>
   <Point id="741" x="-1.050" y="-6.599" z="0.000" r="2.690" label="soma" parent="740"/>
   <Point id="7" x="-0.632" y="7.424" z="-2.400" r="1.950" label="soma" parent="6"/>
   <Point id="742" x="-1.254" y="-7.424" z="0.000" r="2.130" label="soma" parent="741"/>
   <Point id="8" x="-1.342" y="7.751" z="-5.570" r="1.825" label="soma" parent="7"/>
   <Point id="472" x="-0.632" y="9.085" z="-2.400" r="1.390" label="soma" parent="7"/>
   <Point id="743" x="-1.254" y="-8.260" z="0.000" r="2.130" label="soma" parent="742"/>
   <Point id="9" x="2.305" y="10.735" z="-10.080" r="1.210" parent="8"/>
   <Point id="473" x="-0.836" y="9.085" z="-2.400" r="1.390" parent="472"/>
   <Point id="10" x="3.762" y="13.413" z="-10.080" r="1.210" parent="9"/>
   <Point id="474" x="-0.836" y="11.559" z="-2.400" r="1.390" parent="473"/>
   <Point id="11" x="4.181" y="14.237" z="-10.080" r="0.470" parent="10"/>
   <Point id="475" x="-1.050" y="14.656" z="-2.400" r="0.650" parent="474"/>
   <Point id="12" x="2.090" y="21.255" z="-10.480" r="0.280" parent="11"/>
   <Point id="197" x="7.740" y="18.159" z="-10.080" r="0.650" parent="11"/>
   <Point id="476" x="-0.632" y="19.198" z="-2.400" r="0.650" parent="475"/>
   <Point id="13" x="0.632" y="27.651" z="-8.080" r="0.280" parent="12"/>
   <Point id="198" x="11.299" y="22.701" z="-10.080" r="0.650" parent="197"/>
   <Point id="477" x="-1.254" y="23.323" z="-2.400" r="0.650" parent="476"/>
   <Point id="14" x="-0.632" y="31.368" z="-8.080" r="0.280" parent="13"/>
   <Point id="199" x="14.644" y="25.176" z="1.520" r="0.650" parent="198"/>
   <Point id="478" x="-1.468" y="23.323" z="-2.400" r="0.650" parent="477"/>
   <Point id="15" x="-0.418" y="31.572" z="-8.080" r="0.280" parent="14"/>
   <Point id="200" x="15.899" y="26.622" z="1.520" r="0.650" parent="199"/>
   <Point id="479" x="-2.090" y="27.865" z="1.200" r="0.650" parent="478"/>
   <Point id="16" x="0.214" y="32.193" z="-16.079" r="0.280" parent="15"/>
   <Point id="201" x="16.531" y="28.272" z="4.720" r="0.280" parent="200"/>
   <Point id="290" x="19.040" y="30.125" z="1.520" r="0.650" parent="200"/>
   <Point id="480" x="-2.305" y="31.165" z="-2.000" r="0.650" parent="479"/>
   <Point id="17" x="0.836" y="38.589" z="-26.080" r="0.280" parent="16"/>
   <Point id="202" x="17.582" y="30.340" z="-7.280" r="0.280" parent="201"/>
   <Point id="291" x="22.181" y="33.843" z="1.520" r="0.650" parent="290"/>
   <Point id="481" x="-2.723" y="31.368" z="-2.000" r="0.650" parent="480"/>
   <Point id="18" x="0.836" y="38.804" z="-26.080" r="0.280" parent="17"/>
   <Point id="203" x="17.786" y="30.543" z="-7.280" r="0.280" parent="202"/>
   <Point id="292" x="22.385" y="33.843" z="1.520" r="0.650" parent="291"/>
   <Point id="482" x="-3.141" y="37.143" z="7.200" r="0.470" parent="481"/>
   <Point id="646" x="-3.559" y="33.640" z="-2.000" r="0.470" parent="481"/>
   <Point id="19" x="-0.836" y="43.132" z="-26.080" r="0.280" parent="18"/>
   <Point id="204" x="20.091" y="30.961" z="-7.280" r="0.280" parent="203"/>
   <Point id="293" x="28.871" y="39.832" z="-12.480" r="0.650" parent="292"/>
   <Point id="483" x="-3.344" y="43.753" z="-2.000" r="0.470" parent="482"/>
   <Point id="647" x="-5.649" y="35.708" z="-14.800" r="0.280" parent="646"/>
   <Point id="20" x="2.305" y="46.646" z="-26.080" r="0.280" parent="19"/>
   <Point id="205" x="20.294" y="30.961" z="-7.280" r="0.280" parent="204"/>
   <Point id="294" x="35.572" y="45.821" z="-12.480" r="0.650" parent="293"/>
   <Point id="484" x="-3.141" y="49.324" z="-2.400" r="0.470" parent="483"/>
   <Point id="648" x="-8.791" y="37.561" z="-13.600" r="0.280" parent="647"/>
   <Point id="21" x="2.305" y="46.849" z="-26.480" r="0.280" parent="20"/>
   <Point id="206" x="19.255" y="30.125" z="-7.280" r="0.280" parent="205"/>
   <Point id="295" x="41.855" y="54.070" z="1.520" r="0.650" parent="294"/>
   <Point id="485" x="-1.887" y="54.070" z="-2.000" r="0.470" parent="484"/>
   <Point id="649" x="-11.932" y="42.510" z="-14.000" r="0.280" parent="648"/>
   <Point id="22" x="0.418" y="49.946" z="-27.280" r="0.280" parent="21"/>
   <Point id="207" x="19.040" y="30.125" z="-7.280" r="0.280" parent="206"/>
   <Point id="296" x="44.781" y="60.466" z="1.520" r="0.650" parent="295"/>
   <Point id="486" x="-1.887" y="54.273" z="-2.000" r="0.470" parent="485"/>
   <Point id="650" x="-14.859" y="44.375" z="-14.000" r="0.280" parent="649"/>
   <Point id="23" x="1.887" y="52.838" z="-31.280" r="0.280" parent="22"/>
   <Point id="208" x="19.255" y="34.058" z="6.320" r="0.280" parent="207"/>
   <Point id="297" x="48.544" y="65.630" z="1.520" r="0.650" parent="296"/>
   <Point id="487" x="-1.672" y="54.488" z="-1.200" r="0.470" parent="486"/>
   <Point id="651" x="-19.876" y="44.985" z="-15.600" r="0.280" parent="650"/>
   <Point id="24" x="3.141" y="56.138" z="-36.080" r="0.280" parent="23"/>
   <Point id="209" x="22.385" y="40.453" z="6.320" r="0.280" parent="208"/>
   <Point id="298" x="52.940" y="73.676" z="1.520" r="0.650" parent="297"/>
   <Point id="488" x="-0.836" y="62.116" z="-1.200" r="0.470" parent="487"/>
   <Point id="572" x="0.836" y="58.816" z="-1.200" r="0.280" parent="487"/>
   <Point id="652" x="-21.763" y="46.228" z="-16.000" r="0.280" parent="651"/>
   <Point id="25" x="2.305" y="58.816" z="-38.480" r="0.280" parent="24"/>
   <Point id="210" x="28.035" y="41.685" z="11.120" r="0.280" parent="209"/>
   <Point id="299" x="55.663" y="80.071" z="1.520" r="0.650" parent="298"/>
   <Point id="489" x="-1.672" y="64.387" z="-1.200" r="0.280" parent="488"/>
   <Point id="534" x="1.265" y="64.387" z="10.240" r="0.280" parent="488"/>
   <Point id="573" x="1.672" y="63.155" z="14.400" r="0.280" parent="572"/>
   <Point id="653" x="-25.526" y="49.324" z="-16.800" r="0.280" parent="652"/>
   <Point id="26" x="2.508" y="59.234" z="-39.280" r="0.280" parent="25"/>
   <Point id="211" x="29.922" y="42.928" z="16.320" r="0.280" parent="210"/>
   <Point id="300" x="55.663" y="80.286" z="1.520" r="0.650" parent="299"/>
   <Point id="490" x="-5.017" y="72.647" z="-1.200" r="0.280" parent="489"/>
   <Point id="535" x="1.265" y="64.387" z="28.640" r="0.280" parent="534"/>
   <Point id="574" x="1.468" y="70.173" z="14.400" r="0.470" parent="573"/>
   <Point id="654" x="-31.391" y="51.177" z="-17.600" r="0.280" parent="653"/>
   <Point id="27" x="5.649" y="62.116" z="-42.480" r="0.280" parent="26"/>
   <Point id="212" x="30.137" y="43.132" z="17.120" r="0.280" parent="211"/>
   <Point id="301" x="61.935" y="91.428" z="1.520" r="0.650" parent="300"/>
   <Point id="491" x="-7.740" y="91.010" z="-4.800" r="0.280" parent="490"/>
   <Point id="536" x="3.570" y="67.076" z="28.640" r="0.280" parent="535"/>
   <Point id="575" x="1.887" y="82.964" z="14.400" r="0.470" parent="574"/>
   <Point id="655" x="-31.391" y="51.392" z="-17.600" r="0.280" parent="654"/>
   <Point id="28" x="5.649" y="62.330" z="-42.480" r="0.280" parent="27"/>
   <Point id="213" x="28.249" y="46.431" z="18.720" r="0.280" parent="212"/>
   <Point id="302" x="62.986" y="95.552" z="1.520" r="0.650" parent="301"/>
   <Point id="492" x="-7.740" y="91.224" z="-4.400" r="0.280" parent="491"/>
   <Point id="537" x="5.243" y="68.523" z="28.640" r="0.280" parent="536"/>
   <Point id="576" x="2.090" y="86.060" z="14.400" r="0.470" parent="575"/>
   <Point id="656" x="-36.205" y="59.234" z="-17.600" r="0.280" parent="655"/>
   <Point id="29" x="5.649" y="64.805" z="-41.680" r="0.280" parent="28"/>
   <Point id="214" x="28.249" y="46.646" z="19.520" r="0.280" parent="213"/>
   <Point id="303" x="63.822" y="99.067" z="-11.280" r="0.650" parent="302"/>
   <Point id="493" x="-8.576" y="98.242" z="0.000" r="0.280" parent="492"/>
   <Point id="538" x="7.548" y="71.619" z="23.440" r="0.280" parent="537"/>
   <Point id="577" x="2.090" y="87.303" z="14.400" r="0.470" parent="576"/>
   <Point id="657" x="-47.087" y="65.630" z="-20.000" r="0.280" parent="656"/>
   <Point id="30" x="5.864" y="65.008" z="-41.680" r="0.280" parent="29"/>
   <Point id="215" x="28.249" y="50.352" z="21.520" r="0.280" parent="214"/>
   <Point id="304" x="67.585" y="103.598" z="-11.280" r="0.650" parent="303"/>
   <Point id="494" x="-9.627" y="109.383" z="14.400" r="0.280" parent="493"/>
   <Point id="539" x="9.220" y="73.879" z="23.440" r="0.280" parent="538"/>
   <Point id="578" x="1.887" y="92.874" z="15.600" r="0.280" parent="577"/>
   <Point id="629" x="1.254" y="90.603" z="14.400" r="0.280" parent="577"/>
   <Point id="658" x="-51.686" y="69.133" z="-20.800" r="0.280" parent="657"/>
   <Point id="31" x="6.904" y="66.251" z="-41.680" r="0.280" parent="30"/>
   <Point id="216" x="28.035" y="50.567" z="21.920" r="0.280" parent="215"/>
   <Point id="305" x="67.585" y="103.813" z="-11.280" r="0.650" parent="304"/>
   <Point id="495" x="-11.299" y="125.068" z="16.800" r="0.280" parent="494"/>
   <Point id="540" x="9.006" y="73.879" z="23.440" r="0.280" parent="539"/>
   <Point id="579" x="2.723" y="98.648" z="15.600" r="0.280" parent="578"/>
   <Point id="630" x="-1.887" y="99.677" z="14.400" r="0.280" parent="629"/>
   <Point id="659" x="-54.827" y="74.704" z="-26.000" r="0.280" parent="658"/>
   <Point id="32" x="6.904" y="66.658" z="-41.680" r="0.280" parent="31"/>
   <Point id="217" x="30.555" y="54.895" z="24.720" r="0.280" parent="216"/>
   <Point id="306" x="71.562" y="113.711" z="-13.680" r="0.650" parent="305"/>
   <Point id="496" x="-10.881" y="131.464" z="16.800" r="0.280" parent="495"/>
   <Point id="541" x="9.424" y="86.682" z="15.040" r="0.280" parent="540"/>
   <Point id="580" x="2.723" y="98.852" z="15.600" r="0.280" parent="579"/>
   <Point id="631" x="-2.090" y="99.677" z="14.400" r="0.280" parent="630"/>
   <Point id="660" x="-59.426" y="83.586" z="-28.800" r="0.280" parent="659"/>
   <Point id="33" x="6.068" y="69.133" z="-47.280" r="0.280" parent="32"/>
   <Point id="218" x="30.758" y="54.895" z="25.120" r="0.280" parent="217"/>
   <Point id="307" x="74.704" y="125.068" z="-13.280" r="0.650" parent="306"/>
   <Point id="497" x="-11.932" y="134.763" z="19.600" r="0.280" parent="496"/>
   <Point id="542" x="9.220" y="86.682" z="14.640" r="0.280" parent="541"/>
   <Point id="581" x="3.141" y="107.937" z="15.600" r="0.280" parent="580"/>
   <Point id="632" x="-4.813" y="110.005" z="20.000" r="0.280" parent="631"/>
   <Point id="661" x="-66.545" y="98.852" z="-28.800" r="0.280" parent="660"/>
   <Point id="34" x="6.068" y="69.551" z="-47.280" r="0.280" parent="33"/>
   <Point id="219" x="33.267" y="60.884" z="25.120" r="0.280" parent="218"/>
   <Point id="308" x="76.794" y="135.385" z="-13.680" r="0.650" parent="307"/>
   <Point id="498" x="-12.769" y="139.102" z="20.800" r="0.280" parent="497"/>
   <Point id="543" x="10.260" y="92.874" z="7.440" r="0.280" parent="542"/>
   <Point id="582" x="6.282" y="119.497" z="20.000" r="0.280" parent="581"/>
   <Point id="633" x="-5.017" y="110.005" z="20.400" r="0.280" parent="632"/>
   <Point id="662" x="-68.636" y="106.084" z="-30.000" r="0.280" parent="661"/>
   <Point id="35" x="7.118" y="70.579" z="-47.280" r="0.280" parent="34"/>
   <Point id="220" x="33.685" y="61.912" z="25.120" r="0.280" parent="219"/>
   <Point id="309" x="79.518" y="140.956" z="-2.880" r="0.650" parent="308"/>
   <Point id="499" x="-16.735" y="148.176" z="20.800" r="0.280" parent="498"/>
   <Point id="544" x="9.638" y="101.338" z="5.440" r="0.280" parent="543"/>
   <Point id="583" x="7.955" y="127.746" z="20.000" r="0.280" parent="582"/>
   <Point id="634" x="-8.373" y="120.943" z="20.800" r="0.280" parent="633"/>
   <Point id="663" x="-68.839" y="106.084" z="-30.000" r="0.280" parent="662"/>
   <Point id="36" x="7.322" y="70.579" z="-46.880" r="0.280" parent="35"/>
   <Point id="221" x="35.493" y="66.251" z="25.120" r="0.470" parent="220"/>
   <Point id="310" x="79.721" y="141.577" z="1.920" r="0.650" parent="309"/>
   <Point id="500" x="-18.204" y="157.058" z="15.200" r="0.280" parent="499"/>
   <Point id="545" x="9.006" y="119.079" z="4.240" r="0.280" parent="544"/>
   <Point id="584" x="8.791" y="133.113" z="20.000" r="0.280" parent="583"/>
   <Point id="635" x="-10.249" y="126.718" z="22.000" r="0.280" parent="634"/>
   <Point id="664" x="-70.105" y="110.208" z="-30.000" r="0.280" parent="663"/>
   <Point id="37" x="6.486" y="69.348" z="-46.880" r="0.280" parent="36"/>
   <Point id="222" x="37.787" y="68.319" z="35.120" r="0.470" parent="221"/>
   <Point id="311" x="80.975" y="144.255" z="-7.680" r="0.650" parent="310"/>
   <Point id="411" x="79.100" y="144.255" z="-16.880" r="0.280" parent="310"/>
   <Point id="501" x="-18.419" y="157.058" z="15.200" r="0.280" parent="500"/>
   <Point id="546" x="9.006" y="125.893" z="1.840" r="0.280" parent="545"/>
   <Point id="585" x="8.576" y="133.317" z="20.000" r="0.280" parent="584"/>
   <Point id="636" x="-11.932" y="130.842" z="22.000" r="0.280" parent="635"/>
   <Point id="665" x="-73.235" y="116.808" z="-29.200" r="0.280" parent="664"/>
   <Point id="38" x="6.282" y="69.133" z="-47.280" r="0.280" parent="37"/>
   <Point id="223" x="41.561" y="71.212" z="45.520" r="0.470" parent="222"/>
   <Point id="312" x="82.026" y="150.866" z="-7.680" r="0.650" parent="311"/>
   <Point id="412" x="80.139" y="148.798" z="-16.880" r="0.280" parent="411"/>
   <Point id="502" x="-21.130" y="167.172" z="-3.200" r="0.280" parent="501"/>
   <Point id="547" x="8.802" y="125.893" z="1.840" r="0.280" parent="546"/>
   <Point id="586" x="8.791" y="133.532" z="20.000" r="0.280" parent="585"/>
   <Point id="637" x="-11.932" y="131.046" z="22.000" r="0.280" parent="636"/>
   <Point id="666" x="-77.427" y="122.593" z="-32.000" r="0.280" parent="665"/>
   <Point id="39" x="5.649" y="72.229" z="-53.680" r="0.470" parent="38"/>
   <Point id="224" x="41.561" y="71.416" z="45.520" r="0.470" parent="223"/>
   <Point id="313" x="82.026" y="151.069" z="-7.680" r="0.650" parent="312"/>
   <Point id="413" x="83.699" y="158.911" z="-22.880" r="0.280" parent="412"/>
   <Point id="503" x="-21.345" y="167.172" z="-3.200" r="0.280" parent="502"/>
   <Point id="548" x="10.893" y="139.724" z="2.240" r="0.280" parent="547"/>
   <Point id="587" x="10.045" y="136.210" z="27.840" r="0.280" parent="586"/>
   <Point id="638" x="-11.299" y="141.781" z="22.000" r="0.280" parent="637"/>
   <Point id="667" x="-80.975" y="130.842" z="-36.000" r="0.280" parent="666"/>
   <Point id="40" x="5.649" y="75.947" z="-36.080" r="0.470" parent="39"/>
   <Point id="225" x="43.233" y="77.404" z="50.320" r="0.470" parent="224"/>
   <Point id="314" x="84.331" y="160.561" z="-7.680" r="0.650" parent="313"/>
   <Point id="414" x="83.913" y="159.115" z="-22.880" r="0.280" parent="413"/>
   <Point id="504" x="-21.763" y="178.720" z="-3.200" r="0.280" parent="503"/>
   <Point id="549" x="13.198" y="165.929" z="1.840" r="0.280" parent="548"/>
   <Point id="588" x="12.136" y="141.374" z="31.440" r="0.470" parent="587"/>
   <Point id="639" x="-11.503" y="147.566" z="22.000" r="0.280" parent="638"/>
   <Point id="668" x="-85.168" y="137.453" z="-36.000" r="0.280" parent="667"/>
   <Point id="41" x="5.649" y="76.150" z="-36.080" r="0.470" parent="40"/>
   <Point id="226" x="43.233" y="77.608" z="50.320" r="0.470" parent="225"/>
   <Point id="315" x="85.371" y="181.410" z="-11.680" r="0.650" parent="314"/>
   <Point id="415" x="88.094" y="172.528" z="-22.880" r="0.280" parent="414"/>
   <Point id="505" x="-25.526" y="189.455" z="-3.200" r="0.280" parent="504"/>
   <Point id="550" x="14.237" y="175.421" z="1.840" r="0.280" parent="549"/>
   <Point id="589" x="12.136" y="141.159" z="35.440" r="0.470" parent="588"/>
   <Point id="640" x="-17.786" y="154.584" z="22.000" r="0.280" parent="639"/>
   <Point id="669" x="-85.371" y="138.278" z="-36.000" r="0.280" parent="668"/>
   <Point id="42" x="3.141" y="80.286" z="-36.080" r="0.470" parent="41"/>
   <Point id="227" x="46.160" y="79.054" z="54.320" r="0.470" parent="226"/>
   <Point id="316" x="87.891" y="195.230" z="-11.680" r="0.650" parent="315"/>
   <Point id="416" x="90.185" y="181.410" z="-24.080" r="0.280" parent="415"/>
   <Point id="506" x="-25.741" y="189.455" z="-3.200" r="0.280" parent="505"/>
   <Point id="551" x="15.074" y="188.224" z="1.440" r="0.280" parent="550"/>
   <Point id="590" x="17.368" y="147.148" z="38.640" r="0.470" parent="589"/>
   <Point id="641" x="-25.741" y="167.782" z="22.400" r="0.280" parent="640"/>
   <Point id="670" x="-86.625" y="142.199" z="-36.000" r="0.280" parent="669"/>
   <Point id="707" x="-90.818" y="144.255" z="-36.000" r="0.280" parent="669"/>
   <Point id="43" x="3.141" y="80.489" z="-36.080" r="0.470" parent="42"/>
   <Point id="228" x="46.375" y="79.054" z="54.320" r="0.470" parent="227"/>
   <Point id="317" x="89.563" y="217.931" z="-11.680" r="0.650" parent="316"/>
   <Point id="417" x="90.399" y="181.410" z="-24.080" r="0.280" parent="416"/>
   <Point id="507" x="-31.809" y="200.597" z="-3.200" r="0.280" parent="506"/>
   <Point id="552" x="21.356" y="208.439" z="-5.440" r="0.280" parent="551"/>
   <Point id="591" x="21.130" y="151.069" z="37.840" r="0.470" parent="590"/>
   <Point id="642" x="-30.555" y="183.884" z="22.400" r="0.280" parent="641"/>
   <Point id="671" x="-91.857" y="151.691" z="-23.200" r="0.280" parent="670"/>
   <Point id="708" x="-98.976" y="158.290" z="-36.000" r="0.280" parent="707"/>
   <Point id="44" x="-0.418" y="82.343" z="-34.880" r="0.470" parent="43"/>
   <Point id="229" x="48.669" y="81.111" z="58.320" r="0.470" parent="228"/>
   <Point id="318" x="91.654" y="226.395" z="-13.680" r="0.650" parent="317"/>
   <Point id="418" x="93.959" y="194.823" z="-27.680" r="0.280" parent="417"/>
   <Point id="508" x="-32.012" y="200.597" z="-3.200" r="0.280" parent="507"/>
   <Point id="553" x="23.244" y="231.966" z="-11.440" r="0.280" parent="552"/>
   <Point id="592" x="25.323" y="161.183" z="36.240" r="0.470" parent="591"/>
   <Point id="643" x="-32.227" y="190.077" z="22.400" r="0.280" parent="642"/>
   <Point id="672" x="-93.541" y="155.612" z="-23.200" r="0.280" parent="671"/>
   <Point id="709" x="-102.739" y="164.686" z="-36.000" r="0.280" parent="708"/>
   <Point id="45" x="-0.214" y="82.343" z="-37.280" r="0.470" parent="44"/>
   <Point id="230" x="48.883" y="81.111" z="59.120" r="0.470" parent="229"/>
   <Point id="319" x="93.326" y="234.655" z="-13.680" r="0.650" parent="318"/>
   <Point id="419" x="93.744" y="194.823" z="-27.680" r="0.280" parent="418"/>
   <Point id="509" x="-35.572" y="214.632" z="-3.200" r="0.280" parent="508"/>
   <Point id="554" x="25.334" y="242.294" z="-11.440" r="0.280" parent="553"/>
   <Point id="593" x="25.108" y="161.183" z="36.240" r="0.470" parent="592"/>
   <Point id="644" x="-34.736" y="202.043" z="22.400" r="0.280" parent="643"/>
   <Point id="673" x="-93.541" y="155.815" z="-23.200" r="0.280" parent="672"/>
   <Point id="710" x="-104.626" y="166.347" z="-36.000" r="0.280" parent="709"/>
   <Point id="46" x="-1.254" y="82.546" z="-52.880" r="0.470" parent="45"/>
   <Point id="231" x="52.443" y="80.907" z="59.920" r="0.470" parent="230"/>
   <Point id="320" x="93.541" y="235.480" z="-13.680" r="0.650" parent="319"/>
   <Point id="420" x="92.275" y="204.111" z="-27.680" r="0.280" parent="419"/>
   <Point id="510" x="-37.662" y="227.638" z="-3.200" r="0.280" parent="509"/>
   <Point id="555" x="29.312" y="257.978" z="-10.640" r="0.280" parent="554"/>
   <Point id="594" x="26.362" y="169.850" z="32.640" r="0.470" parent="593"/>
   <Point id="645" x="-34.736" y="202.665" z="22.400" r="0.280" parent="644"/>
   <Point id="674" x="-97.925" y="162.629" z="-23.200" r="0.280" parent="673"/>
   <Point id="711" x="-109.022" y="172.325" z="-36.000" r="0.280" parent="710"/>
   <Point id="47" x="-4.599" y="87.507" z="-58.080" r="0.470" parent="46"/>
   <Point id="232" x="52.646" y="80.907" z="59.920" r="0.470" parent="231"/>
   <Point id="321" x="96.253" y="241.469" z="-8.480" r="0.280" parent="320"/>
   <Point id="347" x="100.027" y="241.254" z="3.520" r="0.650" parent="320"/>
   <Point id="421" x="94.795" y="223.717" z="-27.680" r="0.470" parent="420"/>
   <Point id="511" x="-37.877" y="227.638" z="-3.200" r="0.280" parent="510"/>
   <Point id="556" x="31.402" y="266.024" z="-9.040" r="0.280" parent="555"/>
   <Point id="595" x="29.086" y="181.410" z="36.640" r="0.470" parent="594"/>
   <Point id="675" x="-104.423" y="172.121" z="-38.400" r="0.280" parent="674"/>
   <Point id="712" x="-118.017" y="187.387" z="-36.000" r="0.280" parent="711"/>
   <Point id="48" x="-4.813" y="95.756" z="-58.080" r="0.470" parent="47"/>
   <Point id="233" x="53.279" y="78.433" z="51.920" r="0.470" parent="232"/>
   <Point id="322" x="98.140" y="252.408" z="-10.080" r="0.280" parent="321"/>
   <Point id="348" x="111.949" y="248.068" z="8.320" r="0.650" parent="347"/>
   <Point id="422" x="96.050" y="230.316" z="-30.880" r="0.470" parent="421"/>
   <Point id="512" x="-42.476" y="237.751" z="12.000" r="0.280" parent="511"/>
   <Point id="557" x="36.001" y="278.612" z="-9.040" r="0.280" parent="556"/>
   <Point id="596" x="29.086" y="181.613" z="36.640" r="0.470" parent="595"/>
   <Point id="676" x="-115.926" y="191.523" z="-40.000" r="0.280" parent="675"/>
   <Point id="713" x="-124.503" y="198.744" z="-36.000" r="0.280" parent="712"/>
   <Point id="49" x="-5.435" y="96.377" z="-58.080" r="0.470" parent="48"/>
   <Point id="234" x="53.279" y="78.636" z="51.920" r="0.470" parent="233"/>
   <Point id="323" x="97.304" y="260.035" z="-10.480" r="0.280" parent="322"/>
   <Point id="349" x="111.949" y="248.272" z="8.320" r="0.650" parent="348"/>
   <Point id="423" x="98.773" y="238.158" z="-38.480" r="0.470" parent="422"/>
   <Point id="513" x="-49.799" y="250.961" z="12.000" r="0.280" parent="512"/>
   <Point id="558" x="42.488" y="296.986" z="-8.960" r="0.280" parent="557"/>
   <Point id="597" x="31.594" y="190.698" z="41.040" r="0.470" parent="596"/>
   <Point id="677" x="-116.141" y="191.523" z="-40.000" r="0.280" parent="676"/>
   <Point id="714" x="-131.622" y="208.236" z="-36.000" r="0.280" parent="713"/>
   <Point id="50" x="-5.435" y="101.541" z="-58.080" r="0.280" parent="49"/>
   <Point id="148" x="-7.955" y="99.473" z="-58.080" r="0.280" parent="49"/>
   <Point id="235" x="53.900" y="82.151" z="41.920" r="0.280" parent="234"/>
   <Point id="324" x="95.417" y="270.567" z="-11.280" r="0.280" parent="323"/>
   <Point id="350" x="124.299" y="258.803" z="8.320" r="0.650" parent="349"/>
   <Point id="424" x="96.468" y="247.650" z="-36.880" r="0.470" parent="423"/>
   <Point id="514" x="-57.121" y="267.674" z="13.600" r="0.280" parent="513"/>
   <Point id="559" x="47.098" y="313.281" z="-8.960" r="0.280" parent="558"/>
   <Point id="598" x="31.809" y="190.902" z="41.040" r="0.470" parent="597"/>
   <Point id="678" x="-121.994" y="205.558" z="-40.000" r="0.280" parent="677"/>
   <Point id="715" x="-138.108" y="221.027" z="-36.000" r="0.280" parent="714"/>
   <Point id="51" x="-5.435" y="101.745" z="-58.080" r="0.280" parent="50"/>
   <Point id="149" x="-10.667" y="105.666" z="-50.880" r="0.280" parent="148"/>
   <Point id="236" x="53.697" y="82.151" z="41.920" r="0.280" parent="235"/>
   <Point id="325" x="97.507" y="285.008" z="-12.880" r="0.280" parent="324"/>
   <Point id="351" x="128.481" y="264.578" z="8.320" r="0.470" parent="350"/>
   <Point id="425" x="96.468" y="247.865" z="-36.880" r="0.470" parent="424"/>
   <Point id="515" x="-64.037" y="273.866" z="13.600" r="0.280" parent="514"/>
   <Point id="560" x="49.392" y="330.411" z="-12.560" r="0.280" parent="559"/>
   <Point id="599" x="34.521" y="201.015" z="41.040" r="0.470" parent="598"/>
   <Point id="679" x="-125.554" y="211.129" z="-42.400" r="0.280" parent="678"/>
   <Point id="716" x="-145.849" y="237.333" z="-30.800" r="0.280" parent="715"/>
   <Point id="52" x="-6.068" y="111.858" z="-58.080" r="0.280" parent="51"/>
   <Point id="150" x="-10.881" y="105.666" z="-50.880" r="0.280" parent="149"/>
   <Point id="237" x="55.991" y="84.422" z="63.920" r="0.280" parent="236"/>
   <Point id="326" x="97.925" y="290.794" z="3.120" r="0.280" parent="325"/>
   <Point id="352" x="134.131" y="269.120" z="4.080" r="0.650" parent="351"/>
   <Point id="426" x="99.394" y="253.018" z="-40.080" r="0.470" parent="425"/>
   <Point id="516" x="-71.981" y="286.873" z="13.600" r="0.280" parent="515"/>
   <Point id="561" x="51.912" y="343.825" z="-12.160" r="0.280" parent="560"/>
   <Point id="600" x="42.691" y="215.671" z="40.640" r="0.470" parent="599"/>
   <Point id="680" x="-125.972" y="214.428" z="-45.200" r="0.280" parent="679"/>
   <Point id="717" x="-152.131" y="242.294" z="-30.800" r="0.280" parent="716"/>
   <Point id="53" x="-5.864" y="118.051" z="-58.480" r="0.280" parent="52"/>
   <Point id="151" x="-14.644" y="123.000" z="-50.880" r="0.280" parent="150"/>
   <Point id="238" x="56.206" y="84.422" z="63.920" r="0.280" parent="237"/>
   <Point id="327" x="102.536" y="301.314" z="3.120" r="0.280" parent="326"/>
   <Point id="353" x="138.944" y="274.895" z="1.920" r="0.650" parent="352"/>
   <Point id="427" x="102.118" y="258.589" z="-41.680" r="0.470" parent="426"/>
   <Point id="517" x="-77.009" y="301.517" z="13.600" r="0.280" parent="516"/>
   <Point id="562" x="51.482" y="373.962" z="-19.360" r="0.280" parent="561"/>
   <Point id="601" x="43.731" y="222.067" z="44.240" r="0.470" parent="600"/>
   <Point id="681" x="-125.757" y="214.428" z="-46.000" r="0.280" parent="680"/>
   <Point id="718" x="-157.567" y="250.543" z="-30.800" r="0.280" parent="717"/>
   <Point id="54" x="-5.864" y="118.254" z="-58.480" r="0.280" parent="53"/>
   <Point id="152" x="-19.255" y="139.509" z="-50.880" r="0.280" parent="151"/>
   <Point id="239" x="57.245" y="88.750" z="71.920" r="0.280" parent="238"/>
   <Point id="328" x="102.739" y="313.699" z="9.520" r="0.280" parent="327"/>
   <Point id="354" x="138.944" y="275.109" z="1.920" r="0.650" parent="353"/>
   <Point id="428" x="102.321" y="258.803" z="-42.080" r="0.470" parent="427"/>
   <Point id="518" x="-76.794" y="305.653" z="13.600" r="0.280" parent="517"/>
   <Point id="563" x="49.810" y="389.025" z="-19.360" r="0.280" parent="562"/>
   <Point id="602" x="43.731" y="222.270" z="44.240" r="0.470" parent="601"/>
   <Point id="682" x="-131.407" y="223.299" z="-46.400" r="0.280" parent="681"/>
   <Point id="719" x="-157.781" y="250.543" z="-30.800" r="0.280" parent="718"/>
   <Point id="55" x="-7.118" y="123.418" z="-58.880" r="0.280" parent="54"/>
   <Point id="153" x="-19.458" y="139.509" z="-50.880" r="0.280" parent="152"/>
   <Point id="240" x="57.245" y="88.953" z="71.920" r="0.280" parent="239"/>
   <Point id="329" x="102.321" y="318.648" z="9.520" r="0.280" parent="328"/>
   <Point id="355" x="142.922" y="283.155" z="5.120" r="0.650" parent="354"/>
   <Point id="429" x="107.768" y="264.374" z="-42.080" r="0.470" parent="428"/>
   <Point id="519" x="-77.009" y="305.857" z="13.600" r="0.280" parent="518"/>
   <Point id="564" x="49.810" y="389.228" z="-19.360" r="0.280" parent="563"/>
   <Point id="603" x="46.239" y="230.316" z="44.240" r="0.470" parent="602"/>
   <Point id="683" x="-131.407" y="223.513" z="-46.400" r="0.280" parent="682"/>
   <Point id="720" x="-165.104" y="258.589" z="-30.800" r="0.280" parent="719"/>
   <Point id="56" x="-7.118" y="123.622" z="-58.880" r="0.280" parent="55"/>
   <Point id="154" x="-25.944" y="155.815" z="-50.880" r="0.280" parent="153"/>
   <Point id="241" x="56.206" y="99.067" z="58.320" r="0.280" parent="240"/>
   <Point id="330" x="102.321" y="318.852" z="9.520" r="0.280" parent="329"/>
   <Point id="356" x="144.594" y="288.726" z="5.520" r="0.650" parent="355"/>
   <Point id="430" x="109.225" y="266.227" z="-42.080" r="0.470" parent="429"/>
   <Point id="520" x="-79.100" y="308.128" z="13.600" r="0.280" parent="519"/>
   <Point id="565" x="57.980" y="394.810" z="-19.360" r="0.280" parent="564"/>
   <Point id="604" x="46.239" y="230.531" z="44.240" r="0.470" parent="603"/>
   <Point id="684" x="-133.927" y="232.384" z="-51.200" r="0.280" parent="683"/>
   <Point id="721" x="-175.353" y="272.838" z="-25.600" r="0.280" parent="720"/>
   <Point id="57" x="-6.486" y="127.124" z="-58.880" r="0.280" parent="56"/>
   <Point id="155" x="-28.035" y="158.290" z="-50.880" r="0.280" parent="154"/>
   <Point id="242" x="55.370" y="103.609" z="53.920" r="0.280" parent="241"/>
   <Point id="331" x="104.411" y="326.490" z="9.520" r="0.280" parent="330"/>
   <Point id="357" x="146.685" y="295.122" z="10.320" r="0.650" parent="356"/>
   <Point id="431" x="109.225" y="266.431" z="-42.880" r="0.470" parent="430"/>
   <Point id="521" x="-79.100" y="308.331" z="13.600" r="0.280" parent="520"/>
   <Point id="566" x="58.601" y="397.692" z="-19.360" r="0.280" parent="565"/>
   <Point id="605" x="51.686" y="238.373" z="43.840" r="0.470" parent="604"/>
   <Point id="685" x="-134.131" y="232.791" z="-51.200" r="0.280" parent="684"/>
   <Point id="722" x="-184.562" y="283.562" z="-26.000" r="0.280" parent="721"/>
   <Point id="58" x="-7.740" y="137.035" z="-58.880" r="0.280" parent="57"/>
   <Point id="156" x="-28.035" y="158.505" z="-50.880" r="0.280" parent="155"/>
   <Point id="243" x="55.155" y="103.609" z="54.720" r="0.280" parent="242"/>
   <Point id="332" x="104.208" y="326.490" z="9.520" r="0.280" parent="331"/>
   <Point id="358" x="147.521" y="299.043" z="14.720" r="0.650" parent="357"/>
   <Point id="432" x="108.389" y="268.295" z="-47.280" r="0.470" parent="431"/>
   <Point id="522" x="-78.263" y="320.298" z="13.600" r="0.280" parent="521"/>
   <Point id="567" x="58.398" y="398.110" z="-19.360" r="0.280" parent="566"/>
   <Point id="606" x="52.737" y="246.825" z="49.040" r="0.470" parent="605"/>
   <Point id="686" x="-136.436" y="237.548" z="-52.400" r="0.280" parent="685"/>
   <Point id="723" x="-184.766" y="283.562" z="-26.000" r="0.280" parent="722"/>
   <Point id="59" x="-9.412" y="143.430" z="-58.880" r="0.280" parent="58"/>
   <Point id="157" x="-29.504" y="164.279" z="-50.880" r="0.280" parent="156"/>
   <Point id="244" x="55.991" y="110.220" z="61.120" r="0.280" parent="243"/>
   <Point id="333" x="102.954" y="338.672" z="11.520" r="0.280" parent="332"/>
   <Point id="359" x="147.521" y="299.246" z="14.720" r="0.650" parent="358"/>
   <Point id="433" x="108.807" y="273.866" z="-51.280" r="0.470" parent="432"/>
   <Point id="523" x="-79.303" y="332.061" z="19.600" r="0.280" parent="522"/>
   <Point id="568" x="63.200" y="403.884" z="4.960" r="0.280" parent="567"/>
   <Point id="607" x="52.940" y="246.825" z="49.440" r="0.470" parent="606"/>
   <Point id="687" x="-144.594" y="250.543" z="-52.400" r="0.280" parent="686"/>
   <Point id="724" x="-190.630" y="291.404" z="-26.800" r="0.280" parent="723"/>
   <Point id="60" x="-9.412" y="143.645" z="-58.880" r="0.280" parent="59"/>
   <Point id="158" x="-29.504" y="164.482" z="-50.880" r="0.280" parent="157"/>
   <Point id="245" x="55.991" y="110.423" z="61.120" r="0.280" parent="244"/>
   <Point id="334" x="100.649" y="358.899" z="11.920" r="0.280" parent="333"/>
   <Point id="360" x="143.340" y="303.789" z="17.120" r="0.470" parent="359"/>
   <Point id="434" x="109.022" y="278.612" z="-51.280" r="0.470" parent="433"/>
   <Point id="524" x="-80.557" y="340.118" z="5.600" r="0.280" parent="523"/>
   <Point id="569" x="65.720" y="406.155" z="4.160" r="0.280" parent="568"/>
   <Point id="608" x="59.008" y="255.086" z="49.040" r="0.280" parent="607"/>
   <Point id="688" x="-144.798" y="250.543" z="-52.400" r="0.280" parent="687"/>
   <Point id="725" x="-198.168" y="302.964" z="-27.200" r="0.280" parent="724"/>
   <Point id="61" x="-11.299" y="147.148" z="-60.480" r="0.280" parent="60"/>
   <Point id="159" x="-33.481" y="172.528" z="-56.480" r="0.280" parent="158"/>
   <Point id="246" x="58.714" y="117.644" z="61.120" r="0.280" parent="245"/>
   <Point id="335" x="99.191" y="374.369" z="13.520" r="0.280" parent="334"/>
   <Point id="361" x="141.250" y="309.574" z="17.120" r="0.470" parent="360"/>
   <Point id="435" x="108.807" y="278.612" z="-51.280" r="0.470" parent="434"/>
   <Point id="525" x="-84.117" y="347.746" z="10.800" r="0.280" parent="524"/>
   <Point id="570" x="66.975" y="408.427" z="4.160" r="0.280" parent="569"/>
   <Point id="609" x="59.223" y="255.289" z="49.040" r="0.280" parent="608"/>
   <Point id="689" x="-145.849" y="253.843" z="-52.800" r="0.280" parent="688"/>
   <Point id="726" x="-198.168" y="302.760" z="-27.200" r="0.280" parent="725"/>
   <Point id="62" x="-11.503" y="156.640" z="-66.080" r="0.280" parent="61"/>
   <Point id="160" x="-33.481" y="172.743" z="-56.480" r="0.280" parent="159"/>
   <Point id="247" x="58.714" y="117.847" z="61.120" r="0.280" parent="246"/>
   <Point id="336" x="98.343" y="383.872" z="5.120" r="0.280" parent="335"/>
   <Point id="362" x="139.780" y="314.931" z="19.120" r="0.470" parent="361"/>
   <Point id="436" x="108.604" y="278.816" z="-50.480" r="0.470" parent="435"/>
   <Point id="526" x="-85.789" y="355.803" z="13.600" r="0.280" parent="525"/>
   <Point id="571" x="67.178" y="408.630" z="4.560" r="0.280" parent="570"/>
   <Point id="610" x="65.291" y="268.917" z="49.040" r="0.280" parent="609"/>
   <Point id="690" x="-146.267" y="254.464" z="-52.800" r="0.280" parent="689"/>
   <Point id="727" x="-201.512" y="305.235" z="-27.200" r="0.280" parent="726"/>
   <Point id="63" x="-11.299" y="156.844" z="-66.080" r="0.280" parent="62"/>
   <Point id="161" x="-38.081" y="180.370" z="-56.480" r="0.280" parent="160"/>
   <Point id="248" x="57.042" y="126.311" z="66.320" r="0.280" parent="247"/>
   <Point id="337" x="99.812" y="399.556" z="5.520" r="0.280" parent="336"/>
   <Point id="363" x="139.995" y="314.931" z="19.120" r="0.470" parent="362"/>
   <Point id="437" x="108.604" y="282.533" z="-50.480" r="0.280" parent="436"/>
   <Point id="462" x="110.491" y="280.680" z="-52.480" r="0.280" parent="436"/>
   <Point id="527" x="-90.399" y="367.973" z="16.000" r="0.280" parent="526"/>
   <Point id="611" x="72.399" y="281.912" z="53.040" r="0.280" parent="610"/>
   <Point id="691" x="-150.448" y="258.803" z="-54.000" r="0.280" parent="690"/>
   <Point id="728" x="-201.512" y="305.438" z="-27.200" r="0.280" parent="727"/>
   <Point id="64" x="-11.299" y="163.036" z="-66.080" r="0.280" parent="63"/>
   <Point id="162" x="-38.295" y="183.681" z="-56.480" r="0.280" parent="161"/>
   <Point id="249" x="57.245" y="126.311" z="66.320" r="0.280" parent="248"/>
   <Point id="338" x="99.609" y="399.760" z="5.520" r="0.280" parent="337"/>
   <Point id="364" x="139.780" y="315.349" z="19.120" r="0.470" parent="363"/>
   <Point id="438" x="107.768" y="290.794" z="-50.480" r="0.280" parent="437"/>
   <Point id="463" x="112.785" y="282.115" z="-52.480" r="0.280" parent="462"/>
   <Point id="528" x="-91.439" y="372.719" z="20.000" r="0.280" parent="527"/>
   <Point id="612" x="80.975" y="290.997" z="59.840" r="0.280" parent="611"/>
   <Point id="692" x="-150.448" y="259.007" z="-54.000" r="0.280" parent="691"/>
   <Point id="729" x="-204.439" y="313.077" z="-27.200" r="0.280" parent="728"/>
   <Point id="65" x="-11.503" y="163.036" z="-66.080" r="0.280" parent="64"/>
   <Point id="163" x="-47.290" y="201.219" z="-56.880" r="0.280" parent="162"/>
   <Point id="250" x="59.765" y="133.328" z="72.720" r="0.280" parent="249"/>
   <Point id="339" x="98.773" y="409.658" z="5.520" r="0.280" parent="338"/>
   <Point id="365" x="140.617" y="321.338" z="19.040" r="0.280" parent="364"/>
   <Point id="394" x="138.730" y="318.027" z="19.120" r="0.280" parent="364"/>
   <Point id="439" x="107.768" y="290.997" z="-50.480" r="0.280" parent="438"/>
   <Point id="464" x="112.785" y="282.330" z="-52.480" r="0.280" parent="463"/>
   <Point id="529" x="-93.123" y="375.408" z="18.800" r="0.280" parent="528"/>
   <Point id="613" x="80.975" y="291.200" z="59.840" r="0.280" parent="612"/>
   <Point id="693" x="-156.098" y="274.070" z="-54.000" r="0.280" parent="692"/>
   <Point id="730" x="-204.654" y="313.077" z="-27.200" r="0.280" parent="729"/>
   <Point id="66" x="-10.881" y="168.200" z="-66.080" r="0.280" parent="65"/>
   <Point id="164" x="-47.505" y="201.219" z="-56.880" r="0.280" parent="163"/>
   <Point id="251" x="58.093" y="145.916" z="73.920" r="0.280" parent="250"/>
   <Point id="340" x="96.886" y="420.811" z="5.520" r="0.280" parent="339"/>
   <Point id="366" x="142.289" y="328.355" z="19.040" r="0.280" parent="365"/>
   <Point id="395" x="138.526" y="318.027" z="19.120" r="0.280" parent="394"/>
   <Point id="440" x="105.259" y="302.557" z="-50.480" r="0.280" parent="439"/>
   <Point id="465" x="111.745" y="284.601" z="-52.480" r="0.280" parent="464"/>
   <Point id="530" x="-92.908" y="375.611" z="18.400" r="0.280" parent="529"/>
   <Point id="614" x="91.654" y="301.111" z="60.240" r="0.280" parent="613"/>
   <Point id="694" x="-158.821" y="282.115" z="-54.000" r="0.280" parent="693"/>
   <Point id="731" x="-209.253" y="316.377" z="-27.200" r="0.280" parent="730"/>
   <Point id="67" x="-13.187" y="175.217" z="-65.680" r="0.280" parent="66"/>
   <Point id="165" x="-47.505" y="204.315" z="-56.880" r="0.280" parent="164"/>
   <Point id="252" x="56.409" y="150.662" z="82.720" r="0.280" parent="251"/>
   <Point id="341" x="96.671" y="420.811" z="5.520" r="0.280" parent="340"/>
   <Point id="367" x="142.086" y="328.355" z="19.040" r="0.280" parent="366"/>
   <Point id="396" x="139.148" y="325.259" z="19.120" r="0.280" parent="395"/>
   <Point id="441" x="103.575" y="321.123" z="-54.480" r="0.280" parent="440"/>
   <Point id="466" x="111.745" y="284.805" z="-52.480" r="0.280" parent="465"/>
   <Point id="531" x="-91.439" y="378.504" z="18.400" r="0.280" parent="530"/>
   <Point id="615" x="105.677" y="315.755" z="67.040" r="0.280" parent="614"/>
   <Point id="695" x="-163.850" y="286.873" z="-54.800" r="0.280" parent="694"/>
   <Point id="732" x="-214.903" y="322.773" z="-27.200" r="0.280" parent="731"/>
   <Point id="68" x="-13.390" y="175.624" z="-65.280" r="0.280" parent="67"/>
   <Point id="166" x="-47.505" y="204.518" z="-56.880" r="0.280" parent="165"/>
   <Point id="253" x="58.714" y="156.651" z="83.120" r="0.280" parent="252"/>
   <Point id="342" x="98.558" y="431.332" z="5.520" r="0.280" parent="341"/>
   <Point id="368" x="142.086" y="336.604" z="19.040" r="0.280" parent="367"/>
   <Point id="397" x="138.526" y="341.768" z="22.240" r="0.280" parent="396"/>
   <Point id="442" x="103.575" y="321.338" z="-54.880" r="0.280" parent="441"/>
   <Point id="467" x="111.745" y="287.076" z="-53.680" r="0.280" parent="466"/>
   <Point id="532" x="-91.236" y="378.911" z="18.400" r="0.280" parent="531"/>
   <Point id="616" x="106.513" y="316.377" z="67.040" r="0.280" parent="615"/>
   <Point id="696" x="-163.850" y="287.076" z="-55.200" r="0.280" parent="695"/>
   <Point id="733" x="-222.440" y="333.304" z="-27.200" r="0.280" parent="732"/>
   <Point id="69" x="-13.718" y="180.890" z="-65.280" r="0.650" parent="68"/>
   <Point id="167" x="-51.889" y="211.332" z="-56.880" r="0.280" parent="166"/>
   <Point id="254" x="58.714" y="157.273" z="84.320" r="0.280" parent="253"/>
   <Point id="343" x="98.558" y="431.535" z="5.520" r="0.280" parent="342"/>
   <Point id="369" x="142.086" y="336.807" z="19.040" r="0.280" parent="368"/>
   <Point id="398" x="138.311" y="341.768" z="22.240" r="0.280" parent="397"/>
   <Point id="443" x="101.067" y="339.700" z="-58.080" r="0.280" parent="442"/>
   <Point id="468" x="111.745" y="287.279" z="-54.080" r="0.280" parent="467"/>
   <Point id="533" x="-91.654" y="379.533" z="18.400" r="0.280" parent="532"/>
   <Point id="617" x="116.762" y="330.411" z="71.440" r="0.280" parent="616"/>
   <Point id="697" x="-166.358" y="293.675" z="-57.600" r="0.280" parent="696"/>
   <Point id="734" x="-222.643" y="333.304" z="-27.200" r="0.280" parent="733"/>
   <Point id="70" x="-13.921" y="183.771" z="-65.280" r="0.650" parent="69"/>
   <Point id="168" x="-51.889" y="211.535" z="-56.880" r="0.280" parent="167"/>
   <Point id="255" x="57.460" y="164.075" z="90.320" r="0.280" parent="254"/>
   <Point id="344" x="100.027" y="435.671" z="5.520" r="0.280" parent="343"/>
   <Point id="370" x="142.289" y="337.429" z="19.040" r="0.280" parent="369"/>
   <Point id="399" x="138.526" y="350.842" z="11.040" r="0.280" parent="398"/>
   <Point id="444" x="99.609" y="348.164" z="-44.080" r="0.280" parent="443"/>
   <Point id="469" x="113.418" y="289.133" z="-58.480" r="0.280" parent="468"/>
   <Point id="618" x="122.209" y="337.847" z="71.040" r="0.280" parent="617"/>
   <Point id="698" x="-169.703" y="295.743" z="-57.600" r="0.280" parent="697"/>
   <Point id="735" x="-234.362" y="341.971" z="-28.000" r="0.280" parent="734"/>
   <Point id="71" x="-15.390" y="190.382" z="-65.280" r="0.650" parent="70"/>
   <Point id="169" x="-55.867" y="215.457" z="-56.880" r="0.280" parent="168"/>
   <Point id="256" x="56.624" y="179.557" z="93.920" r="0.280" parent="255"/>
   <Point id="345" x="100.027" y="435.874" z="5.520" r="0.280" parent="344"/>
   <Point id="371" x="141.781" y="341.316" z="30.640" r="0.280" parent="370"/>
   <Point id="400" x="138.730" y="358.899" z="12.240" r="0.280" parent="399"/>
   <Point id="445" x="99.609" y="348.367" z="-44.480" r="0.280" parent="444"/>
   <Point id="470" x="113.621" y="289.551" z="-58.480" r="0.280" parent="469"/>
   <Point id="619" x="122.830" y="349.814" z="69.440" r="0.280" parent="618"/>
   <Point id="699" x="-169.703" y="296.150" z="-57.600" r="0.280" parent="698"/>
   <Point id="736" x="-234.576" y="342.175" z="-28.000" r="0.280" parent="735"/>
   <Point id="72" x="-16.441" y="195.749" z="-52.880" r="0.650" parent="71"/>
   <Point id="170" x="-61.313" y="228.463" z="-60.080" r="0.280" parent="169"/>
   <Point id="257" x="57.042" y="190.292" z="99.120" r="0.280" parent="256"/>
   <Point id="346" x="100.027" y="436.281" z="5.520" r="0.280" parent="345"/>
   <Point id="372" x="140.944" y="345.452" z="34.640" r="0.470" parent="371"/>
   <Point id="401" x="138.526" y="371.690" z="4.640" r="0.280" parent="400"/>
   <Point id="446" x="99.191" y="355.803" z="-54.880" r="0.280" parent="445"/>
   <Point id="471" x="113.836" y="289.969" z="-58.480" r="0.280" parent="470"/>
   <Point id="620" x="122.830" y="350.017" z="69.440" r="0.280" parent="619"/>
   <Point id="700" x="-175.353" y="310.603" z="-57.600" r="0.280" parent="699"/>
   <Point id="73" x="-19.571" y="202.767" z="-49.280" r="0.650" parent="72"/>
   <Point id="171" x="-61.313" y="228.666" z="-60.080" r="0.280" parent="170"/>
   <Point id="258" x="57.042" y="190.495" z="99.120" r="0.280" parent="257"/>
   <Point id="373" x="140.944" y="345.655" z="34.640" r="0.470" parent="372"/>
   <Point id="402" x="137.272" y="384.279" z="8.240" r="0.280" parent="401"/>
   <Point id="447" x="97.722" y="362.605" z="-38.080" r="0.280" parent="446"/>
   <Point id="621" x="125.757" y="363.227" z="69.440" r="0.280" parent="620"/>
   <Point id="701" x="-180.585" y="323.598" z="-50.000" r="0.280" parent="700"/>
   <Point id="74" x="-21.255" y="213.084" z="-53.280" r="0.650" parent="73"/>
   <Point id="172" x="-66.545" y="237.751" z="-60.080" r="0.280" parent="171"/>
   <Point id="259" x="55.788" y="194.834" z="99.920" r="0.280" parent="258"/>
   <Point id="374" x="141.995" y="349.983" z="35.040" r="0.470" parent="373"/>
   <Point id="403" x="133.080" y="395.217" z="8.240" r="0.280" parent="402"/>
   <Point id="448" x="97.722" y="362.820" z="-38.080" r="0.280" parent="447"/>
   <Point id="622" x="125.757" y="363.430" z="65.440" r="0.280" parent="621"/>
   <Point id="702" x="-186.450" y="338.875" z="-50.000" r="0.280" parent="701"/>
   <Point id="75" x="-20.837" y="212.880" z="-52.880" r="0.650" parent="74"/>
   <Point id="173" x="-70.308" y="244.147" z="-63.280" r="0.280" parent="172"/>
   <Point id="260" x="54.533" y="201.637" z="104.720" r="0.280" parent="259"/>
   <Point id="375" x="141.995" y="350.198" z="35.040" r="0.470" parent="374"/>
   <Point id="404" x="129.113" y="410.076" z="11.040" r="0.280" parent="403"/>
   <Point id="449" x="98.976" y="367.769" z="-37.680" r="0.280" parent="448"/>
   <Point id="623" x="128.899" y="372.515" z="63.440" r="0.280" parent="622"/>
   <Point id="703" x="-188.743" y="347.960" z="-42.800" r="0.280" parent="702"/>
   <Point id="76" x="-24.803" y="215.976" z="-52.880" r="0.470" parent="75"/>
   <Point id="116" x="-23.763" y="222.779" z="-62.480" r="0.470" parent="75"/>
   <Point id="174" x="-70.523" y="244.147" z="-63.280" r="0.280" parent="173"/>
   <Point id="261" x="55.573" y="207.208" z="80.320" r="0.280" parent="260"/>
   <Point id="376" x="142.832" y="360.515" z="35.840" r="0.470" parent="375"/>
   <Point id="405" x="128.899" y="410.076" z="9.440" r="0.280" parent="404"/>
   <Point id="450" x="98.976" y="367.973" z="-37.680" r="0.280" parent="449"/>
   <Point id="624" x="129.949" y="385.928" z="58.960" r="0.280" parent="623"/>
   <Point id="704" x="-191.681" y="363.645" z="-42.800" r="0.280" parent="703"/>
   <Point id="77" x="-28.363" y="217.626" z="-52.880" r="0.470" parent="76"/>
   <Point id="117" x="-24.600" y="229.390" z="-62.480" r="0.470" parent="116"/>
   <Point id="175" x="-76.591" y="250.961" z="-63.280" r="0.280" parent="174"/>
   <Point id="262" x="53.900" y="213.400" z="80.720" r="0.280" parent="261"/>
   <Point id="377" x="142.617" y="360.515" z="35.840" r="0.470" parent="376"/>
   <Point id="406" x="129.317" y="416.890" z="-2.960" r="0.280" parent="405"/>
   <Point id="451" x="100.027" y="371.690" z="-37.680" r="0.280" parent="450"/>
   <Point id="625" x="129.949" y="386.132" z="58.960" r="0.280" parent="624"/>
   <Point id="705" x="-195.862" y="373.544" z="-42.800" r="0.280" parent="704"/>
   <Point id="78" x="-36.521" y="225.254" z="-48.880" r="0.470" parent="77"/>
   <Point id="118" x="-24.600" y="229.593" z="-62.480" r="0.470" parent="117"/>
   <Point id="176" x="-80.772" y="261.075" z="-48.080" r="0.280" parent="175"/>
   <Point id="263" x="54.115" y="213.615" z="81.120" r="0.280" parent="262"/>
   <Point id="378" x="143.871" y="361.543" z="35.840" r="0.470" parent="377"/>
   <Point id="407" x="129.317" y="417.094" z="-2.960" r="0.280" parent="406"/>
   <Point id="452" x="98.773" y="381.182" z="-37.680" r="0.280" parent="451"/>
   <Point id="626" x="128.899" y="392.539" z="58.960" r="0.280" parent="625"/>
   <Point id="706" x="-195.862" y="374.165" z="-42.800" r="0.280" parent="705"/>
   <Point id="79" x="-43.437" y="232.689" z="-45.280" r="0.470" parent="78"/>
   <Point id="119" x="-29.617" y="240.938" z="-62.480" r="0.470" parent="118"/>
   <Point id="177" x="-82.026" y="264.781" z="-48.080" r="0.280" parent="176"/>
   <Point id="264" x="52.861" y="229.299" z="80.320" r="0.280" parent="263"/>
   <Point id="379" x="143.871" y="361.746" z="35.840" r="0.470" parent="378"/>
   <Point id="408" x="127.859" y="420.190" z="-2.960" r="0.280" parent="407"/>
   <Point id="453" x="98.558" y="389.443" z="-31.680" r="0.280" parent="452"/>
   <Point id="627" x="128.899" y="392.946" z="58.960" r="0.280" parent="626"/>
   <Point id="80" x="-50.126" y="240.531" z="-44.080" r="0.280" parent="79"/>
   <Point id="120" x="-29.831" y="250.645" z="-62.080" r="0.470" parent="119"/>
   <Point id="178" x="-84.331" y="265.821" z="-48.080" r="0.280" parent="177"/>
   <Point id="265" x="50.341" y="248.690" z="79.920" r="0.280" parent="264"/>
   <Point id="380" x="143.035" y="370.007" z="35.840" r="0.280" parent="379"/>
   <Point id="409" x="127.859" y="420.393" z="-2.960" r="0.280" parent="408"/>
   <Point id="454" x="98.558" y="389.646" z="-31.680" r="0.280" parent="453"/>
   <Point id="628" x="128.277" y="393.567" z="58.960" r="0.280" parent="627"/>
   <Point id="81" x="-50.126" y="240.735" z="-48.080" r="0.280" parent="80"/>
   <Point id="121" x="-31.504" y="260.137" z="-62.080" r="0.470" parent="120"/>
   <Point id="179" x="-84.331" y="266.024" z="-48.080" r="0.280" parent="178"/>
   <Point id="266" x="50.556" y="248.905" z="79.920" r="0.280" parent="265"/>
   <Point id="381" x="143.035" y="370.210" z="34.240" r="0.280" parent="380"/>
   <Point id="410" x="127.859" y="421.218" z="-2.960" r="0.280" parent="409"/>
   <Point id="455" x="98.976" y="397.895" z="-31.680" r="0.280" parent="454"/>
   <Point id="82" x="-51.595" y="247.549" z="-48.080" r="0.280" parent="81"/>
   <Point id="122" x="-30.871" y="265.911" z="-49.280" r="0.470" parent="121"/>
   <Point id="180" x="-89.767" y="274.273" z="-63.680" r="0.280" parent="179"/>
   <Point id="267" x="47.832" y="266.646" z="79.920" r="0.280" parent="266"/>
   <Point id="382" x="143.250" y="374.753" z="51.440" r="0.280" parent="381"/>
   <Point id="456" x="98.773" y="398.110" z="-31.680" r="0.280" parent="455"/>
   <Point id="83" x="-56.409" y="248.792" z="-47.680" r="0.280" parent="82"/>
   <Point id="123" x="-30.871" y="266.126" z="-47.680" r="0.470" parent="122"/>
   <Point id="181" x="-90.399" y="278.612" z="-63.680" r="0.280" parent="180"/>
   <Point id="268" x="47.414" y="283.991" z="99.920" r="0.280" parent="267"/>
   <Point id="383" x="142.199" y="379.295" z="51.040" r="0.280" parent="382"/>
   <Point id="457" x="96.671" y="405.534" z="-31.680" r="0.280" parent="456"/>
   <Point id="84" x="-56.613" y="248.792" z="-47.280" r="0.280" parent="83"/>
   <Point id="124" x="-27.741" y="270.047" z="-44.880" r="0.470" parent="123"/>
   <Point id="182" x="-90.399" y="278.816" z="-63.680" r="0.280" parent="181"/>
   <Point id="269" x="46.160" y="289.969" z="104.320" r="0.280" parent="268"/>
   <Point id="384" x="141.995" y="379.295" z="51.040" r="0.280" parent="383"/>
   <Point id="458" x="95.631" y="413.794" z="-28.080" r="0.280" parent="457"/>
   <Point id="85" x="-60.590" y="248.995" z="-44.480" r="0.280" parent="84"/>
   <Point id="125" x="-27.526" y="270.250" z="-44.480" r="0.470" parent="124"/>
   <Point id="183" x="-93.541" y="285.212" z="-63.680" r="0.280" parent="182"/>
   <Point id="270" x="46.160" y="290.172" z="104.320" r="0.280" parent="269"/>
   <Point id="385" x="144.719" y="387.341" z="51.040" r="0.280" parent="384"/>
   <Point id="459" x="95.417" y="421.840" z="-28.080" r="0.280" parent="458"/>
   <Point id="86" x="-65.607" y="254.148" z="-39.280" r="0.280" parent="85"/>
   <Point id="126" x="-28.781" y="272.522" z="-44.480" r="0.470" parent="125"/>
   <Point id="184" x="-97.089" y="295.540" z="-63.680" r="0.280" parent="183"/>
   <Point id="271" x="46.375" y="299.257" z="106.320" r="0.280" parent="270"/>
   <Point id="386" x="147.227" y="393.533" z="55.840" r="0.280" parent="385"/>
   <Point id="460" x="95.417" y="422.043" z="-28.080" r="0.280" parent="459"/>
   <Point id="87" x="-65.607" y="254.362" z="-39.280" r="0.280" parent="86"/>
   <Point id="127" x="-28.781" y="272.725" z="-39.680" r="0.470" parent="126"/>
   <Point id="185" x="-101.699" y="300.071" z="-63.680" r="0.280" parent="184"/>
   <Point id="272" x="44.488" y="312.670" z="111.920" r="0.280" parent="271"/>
   <Point id="387" x="152.244" y="393.737" z="59.840" r="0.280" parent="386"/>
   <Point id="461" x="95.213" y="422.043" z="-28.080" r="0.280" parent="460"/>
   <Point id="88" x="-64.771" y="256.419" z="-39.280" r="0.280" parent="87"/>
   <Point id="128" x="-26.487" y="283.460" z="-39.280" r="0.280" parent="127"/>
   <Point id="186" x="-105.677" y="306.885" z="-63.680" r="0.280" parent="185"/>
   <Point id="273" x="45.527" y="327.123" z="87.920" r="0.280" parent="272"/>
   <Point id="388" x="152.662" y="393.737" z="59.840" r="0.280" parent="387"/>
   <Point id="89" x="-64.771" y="256.634" z="-39.280" r="0.280" parent="88"/>
   <Point id="129" x="-25.639" y="292.127" z="-34.480" r="0.280" parent="128"/>
   <Point id="187" x="-107.553" y="309.156" z="-63.680" r="0.280" parent="186"/>
   <Point id="274" x="44.488" y="337.644" z="87.120" r="0.280" parent="273"/>
   <Point id="389" x="155.171" y="395.183" z="60.240" r="0.280" parent="388"/>
   <Point id="90" x="-70.218" y="263.030" z="-54.480" r="0.280" parent="89"/>
   <Point id="130" x="-25.639" y="292.330" z="-34.480" r="0.280" parent="129"/>
   <Point id="188" x="-111.530" y="320.513" z="-63.680" r="0.280" parent="187"/>
   <Point id="275" x="44.488" y="343.429" z="87.520" r="0.280" parent="274"/>
   <Point id="390" x="158.945" y="394.155" z="38.640" r="0.280" parent="389"/>
   <Point id="91" x="-78.376" y="275.200" z="-45.680" r="0.280" parent="90"/>
   <Point id="131" x="-26.487" y="301.619" z="-31.280" r="0.280" parent="130"/>
   <Point id="189" x="-120.107" y="337.225" z="-63.680" r="0.280" parent="188"/>
   <Point id="276" x="44.273" y="343.214" z="87.520" r="0.280" parent="275"/>
   <Point id="391" x="159.567" y="396.008" z="39.040" r="0.280" parent="390"/>
   <Point id="92" x="-78.376" y="275.414" z="-45.680" r="0.280" parent="91"/>
   <Point id="132" x="-26.487" y="302.037" z="-31.280" r="0.280" parent="131"/>
   <Point id="190" x="-123.463" y="338.875" z="-63.680" r="0.280" parent="189"/>
   <Point id="277" x="44.488" y="344.254" z="87.520" r="0.280" parent="276"/>
   <Point id="392" x="159.781" y="396.008" z="39.040" r="0.280" parent="391"/>
   <Point id="93" x="-84.444" y="285.731" z="-45.280" r="0.280" parent="92"/>
   <Point id="133" x="-29.199" y="308.636" z="-30.880" r="0.280" parent="132"/>
   <Point id="191" x="-123.667" y="339.079" z="-63.680" r="0.280" parent="190"/>
   <Point id="278" x="46.578" y="356.424" z="87.520" r="0.280" parent="277"/>
   <Point id="284" x="43.233" y="357.452" z="105.520" r="0.280" parent="277"/>
   <Point id="393" x="159.567" y="396.223" z="40.240" r="0.280" parent="392"/>
   <Point id="94" x="-86.535" y="289.652" z="-45.280" r="0.280" parent="93"/>
   <Point id="134" x="-29.199" y="309.258" z="-30.880" r="0.280" parent="133"/>
   <Point id="192" x="-130.153" y="341.553" z="-44.880" r="0.280" parent="191"/>
   <Point id="279" x="46.375" y="356.424" z="87.520" r="0.280" parent="278"/>
   <Point id="285" x="38.205" y="371.905" z="105.520" r="0.280" parent="284"/>
   <Point id="95" x="-86.535" y="289.856" z="-45.280" r="0.280" parent="94"/>
   <Point id="135" x="-29.617" y="320.818" z="-30.880" r="0.280" parent="134"/>
   <Point id="193" x="-132.243" y="343.000" z="-44.480" r="0.280" parent="192"/>
   <Point id="280" x="48.047" y="364.266" z="87.520" r="0.280" parent="279"/>
   <Point id="286" x="32.351" y="385.736" z="109.520" r="0.280" parent="285"/>
   <Point id="96" x="-89.043" y="292.749" z="-45.280" r="0.280" parent="95"/>
   <Point id="136" x="-31.922" y="331.135" z="-25.280" r="0.280" parent="135"/>
   <Point id="194" x="-132.458" y="343.000" z="-44.480" r="0.280" parent="193"/>
   <Point id="281" x="48.047" y="364.470" z="87.520" r="0.280" parent="280"/>
   <Point id="287" x="27.323" y="391.917" z="109.520" r="0.280" parent="286"/>
   <Point id="97" x="-93.021" y="294.602" z="-45.280" r="0.280" parent="96"/>
   <Point id="137" x="-28.577" y="337.112" z="-24.880" r="0.280" parent="136"/>
   <Point id="195" x="-136.639" y="346.514" z="-44.480" r="0.280" parent="194"/>
   <Point id="282" x="44.273" y="383.668" z="87.520" r="0.280" parent="281"/>
   <Point id="288" x="27.323" y="392.132" z="109.520" r="0.280" parent="287"/>
   <Point id="98" x="-94.275" y="301.416" z="-44.880" r="0.280" parent="97"/>
   <Point id="138" x="-28.577" y="337.327" z="-24.880" r="0.280" parent="137"/>
   <Point id="196" x="-137.057" y="346.717" z="-44.480" r="0.280" parent="195"/>
   <Point id="283" x="43.855" y="384.493" z="87.520" r="0.280" parent="282"/>
   <Point id="289" x="26.701" y="393.160" z="109.520" r="0.280" parent="288"/>
   <Point id="99" x="-94.490" y="301.416" z="-44.880" r="0.280" parent="98"/>
   <Point id="139" x="-26.272" y="343.101" z="-22.080" r="0.280" parent="138"/>
   <Point id="100" x="-98.050" y="303.890" z="-43.680" r="0.280" parent="99"/>
   <Point id="140" x="-26.272" y="343.520" z="-21.680" r="0.280" parent="139"/>
   <Point id="101" x="-101.180" y="304.512" z="-42.880" r="0.280" parent="100"/>
   <Point id="141" x="-25.436" y="352.390" z="-16.480" r="0.280" parent="140"/>
   <Point id="102" x="-101.394" y="304.715" z="-42.880" r="0.280" parent="101"/>
   <Point id="142" x="-25.854" y="364.560" z="-14.080" r="0.280" parent="141"/>
   <Point id="103" x="-102.445" y="309.461" z="-50.480" r="0.280" parent="102"/>
   <Point id="143" x="-25.639" y="364.560" z="-14.080" r="0.280" parent="142"/>
   <Point id="104" x="-107.044" y="319.982" z="-50.080" r="0.280" parent="103"/>
   <Point id="144" x="-29.199" y="372.820" z="-14.080" r="0.280" parent="143"/>
   <Point id="105" x="-106.830" y="319.982" z="-50.080" r="0.280" parent="104"/>
   <Point id="145" x="-29.199" y="373.024" z="-14.080" r="0.280" parent="144"/>
   <Point id="106" x="-103.903" y="322.874" z="-37.680" r="0.280" parent="105"/>
   <Point id="146" x="-31.922" y="382.516" z="-14.080" r="0.280" parent="145"/>
   <Point id="107" x="-105.575" y="326.174" z="-55.680" r="0.280" parent="106"/>
   <Point id="147" x="-32.555" y="383.137" z="-13.680" r="0.280" parent="146"/>
   <Point id="108" x="-103.282" y="336.706" z="-55.680" r="0.280" parent="107"/>
   <Point id="109" x="-101.394" y="339.384" z="-55.680" r="0.280" parent="108"/>
   <Point id="110" x="-101.180" y="339.598" z="-55.680" r="0.280" parent="109"/>
   <Point id="111" x="-97.417" y="345.576" z="-55.680" r="0.280" parent="110"/>
   <Point id="112" x="-97.417" y="345.780" z="-55.680" r="0.280" parent="111"/>
   <Point id="113" x="-98.886" y="351.972" z="-55.680" r="0.280" parent="112"/>
   <Point id="114" x="-98.886" y="352.187" z="-55.680" r="0.280" parent="113"/>
   <Point id="115" x="-99.089" y="352.593" z="-55.280" r="0.280" parent="114"/>
</CellMorphology>

