<CellMorphology id="n272">
   <Point id="1" x="0.418" y="1.254" z="0.000" label="soma" r="5.330"/>
   <Point id="2" x="0.632" y="2.508" z="0.000" r="5.330" label="soma" parent="1"/>
   <Point id="684" x="0.418" y="0.000" z="0.000" r="4.960" label="soma" parent="1"/>
   <Point id="3" x="1.181" y="2.597" z="0.109" r="2.001" label="soma" parent="2"/>
   <Point id="315" x="0.418" y="3.548" z="0.000" r="5.330" parent="2"/>
   <Point id="685" x="0.000" y="-1.039" z="0.000" label="soma" r="4.590" parent="684"/>
   <Point id="4" x="4.022" y="2.508" z="0.000" r="1.590" parent="3"/>
   <Point id="316" x="0.418" y="4.384" z="0.000" r="3.460" parent="315"/>
   <Point id="686" x="-0.418" y="-2.508" z="0.000" label="soma" r="4.210" parent="685"/>
   <Point id="5" x="5.288" y="3.966" z="0.000" r="1.590" parent="4"/>
   <Point id="317" x="-0.145" y="4.434" z="-0.617" r="1.662" parent="316"/>
   <Point id="687" x="0.000" y="-3.966" z="0.000" r="3.840" label="soma" parent="686"/>
   <Point id="6" x="5.073" y="3.966" z="0.000" r="1.590" parent="5"/>
   <Point id="318" x="-3.593" y="3.751" z="-1.200" r="1.410" parent="317"/>
   <Point id="688" x="0.000" y="-5.005" z="0.000" r="3.460" label="soma" parent="687"/>
   <Point id="7" x="7.401" y="5.220" z="0.000" r="1.590" parent="6"/>
   <Point id="319" x="-4.237" y="4.587" z="-1.200" r="1.410" parent="318"/>
   <Point id="689" x="-0.214" y="-5.842" z="0.000" r="3.090" label="soma" parent="688"/>
   <Point id="8" x="7.830" y="5.842" z="0.000" r="1.590" parent="7"/>
   <Point id="320" x="-5.288" y="6.056" z="3.200" r="1.220" parent="319"/>
   <Point id="690" x="0.000" y="-6.881" z="0.000" r="2.530" label="soma" parent="689"/>
   <Point id="9" x="6.983" y="7.932" z="-0.400" r="0.470" parent="8"/>
   <Point id="220" x="10.576" y="6.056" z="0.000" r="0.470" parent="8"/>
   <Point id="321" x="-8.463" y="10.644" z="6.800" r="1.030" parent="320"/>
   <Point id="691" x="0.214" y="-7.932" z="0.000" r="2.340" label="soma" parent="690"/>
   <Point id="10" x="5.717" y="10.429" z="17.600" r="0.470" parent="9"/>
   <Point id="221" x="15.447" y="8.768" z="0.000" r="0.470" parent="220"/>
   <Point id="322" x="-8.463" y="10.847" z="6.800" r="1.030" parent="321"/>
   <Point id="692" x="0.418" y="-9.186" z="0.000" r="1.970" label="soma" parent="691"/>
   <Point id="11" x="8.678" y="14.814" z="32.400" r="0.470" parent="10"/>
   <Point id="222" x="26.238" y="10.023" z="0.000" r="0.470" parent="221"/>
   <Point id="323" x="-9.943" y="13.153" z="6.400" r="1.030" parent="322"/>
   <Point id="693" x="0.214" y="-10.226" z="0.000" r="1.410" label="soma" parent="692"/>
   <Point id="12" x="8.893" y="18.159" z="32.400" r="0.470" parent="11"/>
   <Point id="223" x="26.238" y="10.226" z="0.000" r="0.470" parent="222"/>
   <Point id="324" x="-9.729" y="13.774" z="6.400" r="1.030" parent="323"/>
   <Point id="694" x="0.000" y="-11.062" z="0.040" r="1.410" label="soma" parent="693"/>
   <Point id="13" x="9.096" y="18.159" z="32.400" r="0.470" parent="12"/>
   <Point id="224" x="31.956" y="14.396" z="-15.200" r="0.470" parent="223"/>
   <Point id="325" x="-9.943" y="17.108" z="6.800" r="0.470" parent="324"/>
   <Point id="428" x="-9.729" y="13.571" z="6.400" r="1.030" parent="324"/>
   <Point id="14" x="15.661" y="21.492" z="34.800" r="0.470" parent="13"/>
   <Point id="225" x="34.487" y="17.108" z="-15.200" r="0.470" parent="224"/>
   <Point id="326" x="-9.729" y="21.074" z="6.800" r="0.470" parent="325"/>
   <Point id="429" x="-12.271" y="15.865" z="6.400" r="0.660" parent="428"/>
   <Point id="15" x="14.599" y="23.165" z="40.800" r="0.470" parent="14"/>
   <Point id="226" x="34.702" y="17.108" z="-15.200" r="0.470" parent="225"/>
   <Point id="327" x="-9.729" y="21.492" z="7.200" r="0.470" parent="326"/>
   <Point id="430" x="-14.814" y="18.159" z="6.400" r="0.470" parent="429"/>
   <Point id="16" x="12.904" y="23.797" z="40.800" r="0.280" parent="15"/>
   <Point id="227" x="40.634" y="19.413" z="-6.800" r="0.470" parent="226"/>
   <Point id="328" x="-6.565" y="25.673" z="7.200" r="0.090" parent="327"/>
   <Point id="359" x="-9.943" y="21.492" z="7.200" r="0.470" parent="327"/>
   <Point id="431" x="-18.837" y="22.125" z="6.400" r="0.470" parent="430"/>
   <Point id="17" x="12.701" y="23.797" z="40.800" r="0.280" parent="16"/>
   <Point id="228" x="42.318" y="23.379" z="7.600" r="0.280" parent="227"/>
   <Point id="329" x="-5.288" y="35.685" z="7.200" r="0.090" parent="328"/>
   <Point id="360" x="-8.248" y="29.843" z="7.200" r="0.280" parent="359"/>
   <Point id="432" x="-19.040" y="22.328" z="6.400" r="0.470" parent="431"/>
   <Point id="18" x="8.678" y="31.515" z="48.800" r="0.280" parent="17"/>
   <Point id="229" x="45.279" y="25.673" z="8.000" r="0.280" parent="228"/>
   <Point id="330" x="-4.022" y="46.330" z="6.800" r="0.090" parent="329"/>
   <Point id="361" x="-8.248" y="29.639" z="7.200" r="0.280" parent="360"/>
   <Point id="433" x="-20.317" y="26.295" z="-26.000" r="0.280" parent="432"/>
   <Point id="474" x="-22.645" y="25.876" z="6.400" r="0.470" parent="432"/>
   <Point id="19" x="8.678" y="31.719" z="48.800" r="0.280" parent="18"/>
   <Point id="230" x="45.493" y="25.673" z="8.000" r="0.280" parent="229"/>
   <Point id="331" x="-4.237" y="46.330" z="6.800" r="0.090" parent="330"/>
   <Point id="362" x="-6.768" y="33.606" z="7.600" r="0.090" parent="361"/>
   <Point id="405" x="-8.893" y="32.973" z="-9.600" r="0.280" parent="361"/>
   <Point id="434" x="-20.950" y="29.843" z="-28.800" r="0.280" parent="433"/>
   <Point id="475" x="-26.453" y="29.425" z="-16.400" r="0.470" parent="474"/>
   <Point id="20" x="4.440" y="39.651" z="48.800" r="0.280" parent="19"/>
   <Point id="231" x="47.188" y="29.639" z="8.000" r="0.280" parent="230"/>
   <Point id="332" x="-4.655" y="57.810" z="6.800" r="0.090" parent="331"/>
   <Point id="363" x="-4.440" y="47.787" z="8.000" r="0.090" parent="362"/>
   <Point id="406" x="-12.486" y="36.736" z="-13.600" r="0.280" parent="405"/>
   <Point id="435" x="-21.164" y="29.843" z="-28.800" r="0.280" parent="434"/>
   <Point id="476" x="-29.831" y="34.024" z="-15.200" r="0.280" parent="475"/>
   <Point id="21" x="5.288" y="41.109" z="47.600" r="0.280" parent="20"/>
   <Point id="232" x="47.403" y="29.843" z="8.000" r="0.280" parent="231"/>
   <Point id="333" x="-4.655" y="64.907" z="6.800" r="0.090" parent="332"/>
   <Point id="364" x="-4.655" y="47.787" z="8.000" r="0.090" parent="363"/>
   <Point id="407" x="-16.927" y="40.702" z="-28.000" r="0.280" parent="406"/>
   <Point id="436" x="-21.368" y="32.769" z="-32.000" r="0.280" parent="435"/>
   <Point id="477" x="-34.069" y="40.069" z="-15.200" r="0.280" parent="476"/>
   <Point id="22" x="2.745" y="49.674" z="51.200" r="0.280" parent="21"/>
   <Point id="233" x="50.149" y="31.719" z="8.000" r="0.280" parent="232"/>
   <Point id="334" x="-4.870" y="64.907" z="6.800" r="0.090" parent="333"/>
   <Point id="365" x="-6.350" y="57.189" z="23.200" r="0.090" parent="364"/>
   <Point id="408" x="-23.063" y="44.454" z="-29.600" r="0.280" parent="407"/>
   <Point id="437" x="-23.492" y="34.431" z="-33.200" r="0.280" parent="436"/>
   <Point id="478" x="-34.702" y="41.109" z="-15.200" r="0.280" parent="477"/>
   <Point id="23" x="0.000" y="62.398" z="50.400" r="0.280" parent="22"/>
   <Point id="234" x="51.844" y="35.900" z="8.000" r="0.280" parent="233"/>
   <Point id="335" x="-3.175" y="71.585" z="-5.200" r="0.090" parent="334"/>
   <Point id="366" x="-9.311" y="78.060" z="34.400" r="0.090" parent="365"/>
   <Point id="409" x="-23.063" y="45.075" z="-29.600" r="0.280" parent="408"/>
   <Point id="438" x="-23.492" y="34.645" z="-33.200" r="0.280" parent="437"/>
   <Point id="479" x="-40.205" y="46.748" z="-19.200" r="0.280" parent="478"/>
   <Point id="24" x="0.632" y="64.703" z="50.800" r="0.280" parent="23"/>
   <Point id="235" x="52.059" y="36.103" z="8.000" r="0.280" parent="234"/>
   <Point id="336" x="-3.389" y="96.004" z="-5.200" r="0.090" parent="335"/>
   <Point id="367" x="-9.311" y="78.263" z="32.000" r="0.090" parent="366"/>
   <Point id="410" x="-30.848" y="50.285" z="-30.800" r="0.310" parent="409"/>
   <Point id="439" x="-23.910" y="34.645" z="-32.400" r="0.280" parent="438"/>
   <Point id="480" x="-48.036" y="56.138" z="-16.800" r="0.280" parent="479"/>
   <Point id="25" x="0.632" y="64.907" z="51.600" r="0.280" parent="24"/>
   <Point id="236" x="58.409" y="41.945" z="8.000" r="0.280" parent="235"/>
   <Point id="337" x="-3.175" y="117.915" z="-11.600" r="0.090" parent="336"/>
   <Point id="368" x="-11.006" y="87.450" z="38.400" r="0.090" parent="367"/>
   <Point id="411" x="-40.793" y="57.019" z="-30.800" r="0.310" parent="410"/>
   <Point id="440" x="-32.792" y="40.250" z="-32.360" r="0.310" parent="439"/>
   <Point id="481" x="-48.251" y="56.138" z="-16.800" r="0.280" parent="480"/>
   <Point id="26" x="-1.062" y="74.930" z="55.600" r="0.280" parent="25"/>
   <Point id="150" x="3.175" y="78.060" z="58.800" r="0.090" parent="25"/>
   <Point id="237" x="58.409" y="42.160" z="8.000" r="0.280" parent="236"/>
   <Point id="338" x="2.542" y="124.808" z="-11.600" r="0.090" parent="337"/>
   <Point id="369" x="-16.509" y="102.061" z="53.520" r="0.090" parent="368"/>
   <Point id="412" x="-51.053" y="62.206" z="-30.800" r="0.310" parent="411"/>
   <Point id="441" x="-32.351" y="44.002" z="-32.360" r="0.310" parent="440"/>
   <Point id="482" x="-48.251" y="56.771" z="-16.800" r="0.280" parent="481"/>
   <Point id="27" x="-1.062" y="77.009" z="55.600" r="0.280" parent="26"/>
   <Point id="151" x="3.389" y="78.060" z="58.800" r="0.090" parent="150"/>
   <Point id="238" x="59.460" y="44.657" z="8.400" r="0.280" parent="237"/>
   <Point id="339" x="3.593" y="134.820" z="-12.400" r="0.090" parent="338"/>
   <Point id="370" x="-17.989" y="110.819" z="5.920" r="0.090" parent="369"/>
   <Point id="413" x="-62.274" y="73.676" z="-30.800" r="0.310" parent="412"/>
   <Point id="442" x="-33.221" y="44.488" z="-32.360" r="0.310" parent="441"/>
   <Point id="483" x="-48.883" y="60.522" z="-36.800" r="0.280" parent="482"/>
   <Point id="590" x="-53.324" y="60.319" z="-25.600" r="0.280" parent="482"/>
   <Point id="28" x="-1.062" y="77.427" z="55.600" r="0.280" parent="27"/>
   <Point id="152" x="6.350" y="85.360" z="82.000" r="0.090" parent="151"/>
   <Point id="239" x="59.460" y="44.657" z="16.400" r="0.280" parent="238"/>
   <Point id="279" x="60.025" y="50.996" z="8.000" r="0.310" parent="238"/>
   <Point id="340" x="3.593" y="160.697" z="-12.400" r="0.090" parent="339"/>
   <Point id="371" x="-18.193" y="110.819" z="8.720" r="0.090" parent="370"/>
   <Point id="414" x="-66.975" y="85.473" z="-30.800" r="0.310" parent="413"/>
   <Point id="443" x="-36.826" y="44.228" z="-32.360" r="0.310" parent="442"/>
   <Point id="484" x="-50.996" y="64.285" z="-36.800" r="0.280" parent="483"/>
   <Point id="591" x="-59.460" y="65.946" z="-36.000" r="0.280" parent="590"/>
   <Point id="29" x="-1.062" y="78.060" z="55.600" r="0.280" parent="28"/>
   <Point id="153" x="6.135" y="85.360" z="81.600" r="0.090" parent="152"/>
   <Point id="240" x="63.268" y="58.850" z="8.400" r="0.280" parent="239"/>
   <Point id="280" x="65.506" y="52.488" z="8.000" r="0.310" parent="279"/>
   <Point id="341" x="3.593" y="172.178" z="-12.400" r="0.090" parent="340"/>
   <Point id="372" x="-20.520" y="124.175" z="2.720" r="0.090" parent="371"/>
   <Point id="415" x="-71.495" y="107.485" z="-30.800" r="0.310" parent="414"/>
   <Point id="444" x="-37.516" y="44.047" z="-32.360" r="0.310" parent="443"/>
   <Point id="485" x="-50.996" y="64.489" z="-36.800" r="0.280" parent="484"/>
   <Point id="592" x="-59.460" y="66.161" z="-36.000" r="0.280" parent="591"/>
   <Point id="30" x="-0.632" y="80.139" z="15.200" r="0.280" parent="29"/>
   <Point id="33" x="-3.808" y="83.269" z="56.000" r="0.280" parent="29"/>
   <Point id="154" x="6.350" y="91.417" z="64.400" r="0.090" parent="153"/>
   <Point id="241" x="63.483" y="69.076" z="8.000" r="0.280" parent="240"/>
   <Point id="281" x="66.195" y="52.680" z="8.000" r="0.310" parent="280"/>
   <Point id="342" x="4.655" y="195.761" z="-12.000" r="0.090" parent="341"/>
   <Point id="373" x="-20.950" y="139.837" z="19.920" r="0.090" parent="372"/>
   <Point id="416" x="-72.184" y="107.304" z="-30.800" r="0.310" parent="415"/>
   <Point id="445" x="-39.990" y="47.731" z="-32.360" r="0.310" parent="444"/>
   <Point id="486" x="-50.782" y="64.907" z="-36.400" r="0.280" parent="485"/>
   <Point id="593" x="-60.940" y="69.913" z="-35.600" r="0.280" parent="592"/>
   <Point id="31" x="-0.632" y="80.354" z="15.200" r="0.280" parent="30"/>
   <Point id="34" x="-4.022" y="83.484" z="56.800" r="0.280" parent="33"/>
   <Point id="155" x="6.565" y="91.417" z="64.800" r="0.090" parent="154"/>
   <Point id="242" x="64.545" y="77.009" z="8.000" r="0.280" parent="241"/>
   <Point id="282" x="64.534" y="58.759" z="8.000" r="0.310" parent="281"/>
   <Point id="343" x="4.022" y="208.078" z="5.200" r="0.090" parent="342"/>
   <Point id="374" x="-21.368" y="151.103" z="20.720" r="0.090" parent="373"/>
   <Point id="417" x="-75.190" y="121.011" z="-30.800" r="0.310" parent="416"/>
   <Point id="446" x="-38.171" y="51.855" z="-32.360" r="0.310" parent="445"/>
   <Point id="487" x="-54.804" y="68.240" z="-36.800" r="0.280" parent="486"/>
   <Point id="535" x="-51.844" y="70.331" z="-38.000" r="0.280" parent="486"/>
   <Point id="594" x="-66.873" y="74.512" z="-49.600" r="0.280" parent="593"/>
   <Point id="32" x="-0.418" y="81.393" z="15.200" r="0.280" parent="31"/>
   <Point id="35" x="-10.158" y="90.998" z="60.800" r="0.280" parent="34"/>
   <Point id="156" x="8.678" y="103.519" z="65.200" r="0.090" parent="155"/>
   <Point id="243" x="67.720" y="89.529" z="-6.800" r="0.280" parent="242"/>
   <Point id="283" x="64.353" y="59.437" z="8.000" r="0.310" parent="282"/>
   <Point id="344" x="5.717" y="231.243" z="11.200" r="0.090" parent="343"/>
   <Point id="375" x="-21.583" y="151.307" z="20.720" r="0.090" parent="374"/>
   <Point id="418" x="-75.371" y="121.689" z="-30.800" r="0.310" parent="417"/>
   <Point id="447" x="-38.363" y="52.533" z="-32.360" r="0.310" parent="446"/>
   <Point id="488" x="-54.804" y="68.455" z="-36.800" r="0.280" parent="487"/>
   <Point id="536" x="-53.324" y="74.715" z="-52.000" r="0.280" parent="535"/>
   <Point id="595" x="-66.873" y="74.297" z="-49.200" r="0.280" parent="594"/>
   <Point id="36" x="-10.373" y="90.998" z="60.800" r="0.280" parent="35"/>
   <Point id="157" x="13.752" y="115.000" z="65.200" r="0.090" parent="156"/>
   <Point id="244" x="68.139" y="115.203" z="8.800" r="0.280" parent="243"/>
   <Point id="284" x="69.280" y="62.963" z="8.000" r="0.310" parent="283"/>
   <Point id="345" x="10.576" y="242.102" z="30.000" r="0.090" parent="344"/>
   <Point id="376" x="-25.605" y="162.369" z="35.120" r="0.090" parent="375"/>
   <Point id="419" x="-80.173" y="139.272" z="-30.800" r="0.310" parent="418"/>
   <Point id="448" x="-43.075" y="56.330" z="-32.360" r="0.310" parent="447"/>
   <Point id="489" x="-66.658" y="82.015" z="-26.000" r="0.280" parent="488"/>
   <Point id="537" x="-53.957" y="79.721" z="-52.400" r="0.280" parent="536"/>
   <Point id="596" x="-68.771" y="76.173" z="-48.800" r="0.280" parent="595"/>
   <Point id="37" x="-13.119" y="98.716" z="67.600" r="0.280" parent="36"/>
   <Point id="158" x="19.469" y="133.566" z="43.600" r="0.090" parent="157"/>
   <Point id="245" x="68.986" y="127.938" z="8.800" r="0.280" parent="244"/>
   <Point id="285" x="69.099" y="63.641" z="8.000" r="0.310" parent="284"/>
   <Point id="346" x="10.791" y="254.826" z="38.400" r="0.090" parent="345"/>
   <Point id="377" x="-31.741" y="183.037" z="29.040" r="0.090" parent="376"/>
   <Point id="420" x="-79.766" y="145.916" z="-30.800" r="0.310" parent="419"/>
   <Point id="449" x="-43.256" y="57.008" z="-32.360" r="0.310" parent="448"/>
   <Point id="490" x="-71.099" y="84.738" z="-27.200" r="0.280" parent="489"/>
   <Point id="538" x="-53.957" y="79.936" z="-52.400" r="0.280" parent="537"/>
   <Point id="597" x="-70.681" y="78.681" z="-49.200" r="0.280" parent="596"/>
   <Point id="38" x="-13.119" y="98.920" z="67.600" r="0.280" parent="37"/>
   <Point id="159" x="22.848" y="136.696" z="84.800" r="0.090" parent="158"/>
   <Point id="246" x="73.427" y="155.487" z="8.800" r="0.280" parent="245"/>
   <Point id="286" x="71.868" y="72.387" z="8.000" r="0.310" parent="285"/>
   <Point id="347" x="10.576" y="254.826" z="39.600" r="0.090" parent="346"/>
   <Point id="378" x="-34.284" y="195.343" z="31.040" r="0.090" parent="377"/>
   <Point id="421" x="-86.388" y="159.375" z="-30.800" r="0.310" parent="420"/>
   <Point id="450" x="-42.442" y="59.415" z="-32.360" r="0.310" parent="449"/>
   <Point id="491" x="-79.348" y="91.835" z="-41.200" r="0.280" parent="490"/>
   <Point id="539" x="-56.918" y="84.105" z="-52.400" r="0.280" parent="538"/>
   <Point id="598" x="-70.681" y="78.885" z="-49.600" r="0.280" parent="597"/>
   <Point id="39" x="-16.079" y="107.270" z="79.200" r="0.280" parent="38"/>
   <Point id="160" x="22.848" y="136.910" z="86.000" r="0.090" parent="159"/>
   <Point id="247" x="74.692" y="165.296" z="8.800" r="0.280" parent="246"/>
   <Point id="287" x="78.173" y="76.286" z="8.600" r="0.310" parent="286"/>
   <Point id="348" x="13.752" y="260.883" z="56.000" r="0.090" parent="347"/>
   <Point id="379" x="-43.380" y="224.779" z="29.440" r="0.090" parent="378"/>
   <Point id="422" x="-86.569" y="160.053" z="-30.800" r="0.310" parent="421"/>
   <Point id="451" x="-42.623" y="60.093" z="-32.360" r="0.310" parent="450"/>
   <Point id="492" x="-87.823" y="96.841" z="-40.800" r="0.280" parent="491"/>
   <Point id="540" x="-57.132" y="84.523" z="-52.000" r="0.280" parent="539"/>
   <Point id="599" x="-76.602" y="81.608" z="-59.200" r="0.280" parent="598"/>
   <Point id="40" x="-19.887" y="117.293" z="79.600" r="0.280" parent="39"/>
   <Point id="161" x="26.668" y="152.357" z="85.600" r="0.090" parent="160"/>
   <Point id="248" x="77.235" y="191.794" z="8.800" r="0.280" parent="247"/>
   <Point id="288" x="78.670" y="77.156" z="9.200" r="0.310" parent="287"/>
   <Point id="349" x="13.752" y="261.086" z="57.600" r="0.090" parent="348"/>
   <Point id="380" x="-46.770" y="232.497" z="25.840" r="0.090" parent="379"/>
   <Point id="423" x="-90.128" y="175.794" z="-18.040" r="0.310" parent="422"/>
   <Point id="452" x="-41.990" y="63.166" z="-32.360" r="0.310" parent="451"/>
   <Point id="493" x="-95.225" y="102.264" z="-48.400" r="0.280" parent="492"/>
   <Point id="541" x="-60.375" y="87.156" z="-52.000" r="0.310" parent="540"/>
   <Point id="600" x="-76.602" y="81.812" z="-59.200" r="0.280" parent="599"/>
   <Point id="41" x="-22.430" y="122.096" z="85.200" r="0.280" parent="40"/>
   <Point id="162" x="33.854" y="176.359" z="74.800" r="0.090" parent="161"/>
   <Point id="249" x="79.145" y="202.857" z="8.800" r="0.280" parent="248"/>
   <Point id="289" x="78.444" y="80.715" z="9.200" r="0.310" parent="288"/>
   <Point id="350" x="17.774" y="275.279" z="71.200" r="0.090" parent="349"/>
   <Point id="381" x="-57.765" y="259.628" z="29.440" r="0.090" parent="380"/>
   <Point id="424" x="-93.394" y="185.071" z="-3.520" r="0.310" parent="423"/>
   <Point id="453" x="-42.182" y="63.844" z="-32.360" r="0.310" parent="452"/>
   <Point id="494" x="-95.010" y="102.264" z="-48.400" r="0.280" parent="493"/>
   <Point id="542" x="-64.364" y="88.252" z="-52.000" r="0.310" parent="541"/>
   <Point id="601" x="-80.410" y="81.812" z="-18.800" r="0.280" parent="600"/>
   <Point id="42" x="-26.238" y="127.305" z="83.600" r="0.280" parent="41"/>
   <Point id="163" x="34.284" y="183.037" z="82.000" r="0.090" parent="162"/>
   <Point id="250" x="82.523" y="232.700" z="8.800" r="0.280" parent="249"/>
   <Point id="290" x="78.761" y="82.264" z="9.200" r="0.310" parent="289"/>
   <Point id="351" x="22.012" y="305.122" z="85.600" r="0.090" parent="350"/>
   <Point id="382" x="-57.765" y="259.832" z="29.440" r="0.090" parent="381"/>
   <Point id="425" x="-101.134" y="213.468" z="-15.760" r="0.310" parent="424"/>
   <Point id="454" x="-48.770" y="66.410" z="-32.360" r="0.310" parent="453"/>
   <Point id="495" x="-97.970" y="104.976" z="-50.400" r="0.280" parent="494"/>
   <Point id="543" x="-64.545" y="88.931" z="-52.000" r="0.310" parent="542"/>
   <Point id="602" x="-80.625" y="82.015" z="-18.800" r="0.280" parent="601"/>
   <Point id="43" x="-29.199" y="134.820" z="99.200" r="0.280" parent="42"/>
   <Point id="164" x="34.069" y="191.376" z="82.000" r="0.090" parent="163"/>
   <Point id="251" x="83.800" y="240.848" z="8.800" r="0.280" parent="250"/>
   <Point id="291" x="89.021" y="95.959" z="9.200" r="0.310" parent="290"/>
   <Point id="352" x="22.430" y="309.303" z="86.800" r="0.090" parent="351"/>
   <Point id="383" x="-60.940" y="269.640" z="29.440" r="0.090" parent="382"/>
   <Point id="426" x="-101.327" y="214.146" z="-15.760" r="0.310" parent="425"/>
   <Point id="455" x="-48.951" y="67.076" z="-32.360" r="0.310" parent="454"/>
   <Point id="496" x="-98.185" y="104.976" z="-51.600" r="0.280" parent="495"/>
   <Point id="544" x="-66.285" y="89.902" z="-52.000" r="0.310" parent="543"/>
   <Point id="603" x="-88.241" y="84.942" z="-18.000" r="0.280" parent="602"/>
   <Point id="44" x="-29.199" y="135.035" z="98.400" r="0.280" parent="43"/>
   <Point id="165" x="36.815" y="193.885" z="82.000" r="0.090" parent="164"/>
   <Point id="252" x="86.332" y="260.883" z="-10.400" r="0.280" parent="251"/>
   <Point id="292" x="88.151" y="96.445" z="9.200" r="0.310" parent="291"/>
   <Point id="353" x="24.340" y="338.095" z="88.800" r="0.090" parent="352"/>
   <Point id="384" x="-68.139" y="285.923" z="21.760" r="0.090" parent="383"/>
   <Point id="427" x="-101.688" y="215.502" z="-15.160" r="0.310" parent="426"/>
   <Point id="456" x="-53.641" y="78.874" z="-32.360" r="0.310" parent="455"/>
   <Point id="497" x="-99.247" y="107.689" z="-56.400" r="0.280" parent="496"/>
   <Point id="545" x="-66.466" y="90.580" z="-52.000" r="0.310" parent="544"/>
   <Point id="604" x="-93.959" y="87.032" z="-18.000" r="0.280" parent="603"/>
   <Point id="45" x="-29.199" y="135.453" z="117.200" r="0.280" parent="44"/>
   <Point id="166" x="36.815" y="194.100" z="82.400" r="0.090" parent="165"/>
   <Point id="253" x="88.027" y="268.815" z="-19.200" r="0.280" parent="252"/>
   <Point id="293" x="86.038" y="98.773" z="9.200" r="0.310" parent="292"/>
   <Point id="354" x="26.023" y="346.028" z="88.800" r="0.090" parent="353"/>
   <Point id="385" x="-68.139" y="285.720" z="21.760" r="0.090" parent="384"/>
   <Point id="457" x="-54.511" y="79.371" z="-32.360" r="0.310" parent="456"/>
   <Point id="498" x="-99.462" y="107.689" z="-56.400" r="0.280" parent="497"/>
   <Point id="546" x="-65.234" y="88.738" z="-51.400" r="0.310" parent="545"/>
   <Point id="605" x="-98.185" y="87.032" z="-18.000" r="0.280" parent="604"/>
   <Point id="46" x="-33.221" y="137.114" z="119.600" r="0.280" parent="45"/>
   <Point id="121" x="-33.651" y="143.171" z="66.000" r="0.280" parent="45"/>
   <Point id="167" x="41.685" y="204.111" z="92.000" r="0.090" parent="166"/>
   <Point id="254" x="88.659" y="277.155" z="-18.400" r="0.280" parent="253"/>
   <Point id="294" x="85.857" y="99.451" z="9.200" r="0.310" parent="293"/>
   <Point id="355" x="25.605" y="367.950" z="95.200" r="0.090" parent="354"/>
   <Point id="386" x="-68.986" y="293.641" z="21.760" r="0.090" parent="385"/>
   <Point id="458" x="-59.019" y="90.490" z="-32.360" r="0.310" parent="457"/>
   <Point id="499" x="-101.779" y="108.107" z="-58.800" r="0.280" parent="498"/>
   <Point id="547" x="-68.082" y="93.778" z="-51.400" r="0.310" parent="546"/>
   <Point id="566" x="-73.822" y="87.846" z="-45.200" r="0.310" parent="546"/>
   <Point id="606" x="-105.598" y="92.038" z="-7.600" r="0.280" parent="605"/>
   <Point id="47" x="-33.651" y="139.001" z="124.000" r="0.280" parent="46"/>
   <Point id="122" x="-39.357" y="151.725" z="76.400" r="0.280" parent="121"/>
   <Point id="168" x="41.685" y="204.326" z="92.000" r="0.090" parent="167"/>
   <Point id="255" x="88.659" y="278.624" z="-17.200" r="0.280" parent="254"/>
   <Point id="295" x="89.733" y="104.140" z="9.200" r="0.310" parent="294"/>
   <Point id="356" x="27.718" y="377.962" z="80.400" r="0.090" parent="355"/>
   <Point id="387" x="-68.986" y="293.856" z="21.760" r="0.090" parent="386"/>
   <Point id="459" x="-59.200" y="91.168" z="-32.360" r="0.310" parent="458"/>
   <Point id="500" x="-101.779" y="108.321" z="-58.800" r="0.280" parent="499"/>
   <Point id="548" x="-68.760" y="93.586" z="-51.400" r="0.310" parent="547"/>
   <Point id="567" x="-80.840" y="94.660" z="-45.200" r="0.310" parent="566"/>
   <Point id="607" x="-105.598" y="92.241" z="-7.600" r="0.280" parent="606"/>
   <Point id="48" x="-33.854" y="139.001" z="124.000" r="0.280" parent="47"/>
   <Point id="123" x="-45.493" y="162.787" z="58.800" r="0.280" parent="122"/>
   <Point id="169" x="45.075" y="214.959" z="84.000" r="0.090" parent="168"/>
   <Point id="256" x="87.608" y="289.686" z="-17.200" r="0.280" parent="255"/>
   <Point id="272" x="92.897" y="290.929" z="-42.400" r="0.280" parent="255"/>
   <Point id="296" x="90.230" y="105.010" z="9.200" r="0.310" parent="295"/>
   <Point id="357" x="29.199" y="405.308" z="111.600" r="0.090" parent="356"/>
   <Point id="388" x="-72.161" y="305.958" z="21.760" r="0.090" parent="387"/>
   <Point id="460" x="-63.291" y="98.038" z="-32.360" r="0.310" parent="459"/>
   <Point id="501" x="-107.711" y="114.163" z="-62.800" r="0.280" parent="500"/>
   <Point id="549" x="-76.410" y="97.315" z="-51.400" r="0.310" parent="548"/>
   <Point id="568" x="-81.529" y="94.467" z="-45.200" r="0.310" parent="567"/>
   <Point id="608" x="-111.304" y="94.332" z="-7.600" r="0.280" parent="607"/>
   <Point id="49" x="-34.069" y="139.204" z="124.000" r="0.280" parent="48"/>
   <Point id="124" x="-50.578" y="175.522" z="54.800" r="0.280" parent="123"/>
   <Point id="170" x="48.883" y="220.598" z="102.000" r="0.090" parent="169"/>
   <Point id="257" x="90.784" y="308.885" z="-17.200" r="0.280" parent="256"/>
   <Point id="273" x="95.010" y="304.704" z="-38.800" r="0.280" parent="272"/>
   <Point id="297" x="97.428" y="116.412" z="9.200" r="0.310" parent="296"/>
   <Point id="358" x="28.995" y="405.511" z="112.400" r="0.090" parent="357"/>
   <Point id="389" x="-78.297" y="315.145" z="28.560" r="0.090" parent="388"/>
   <Point id="461" x="-64.342" y="99.213" z="-32.360" r="0.310" parent="460"/>
   <Point id="502" x="-112.152" y="117.497" z="-62.800" r="0.280" parent="501"/>
   <Point id="550" x="-77.099" y="97.134" z="-51.400" r="0.310" parent="549"/>
   <Point id="569" x="-94.366" y="109.135" z="-45.200" r="0.310" parent="568"/>
   <Point id="609" x="-111.519" y="94.547" z="-7.600" r="0.280" parent="608"/>
   <Point id="50" x="-37.244" y="141.295" z="116.800" r="0.280" parent="49"/>
   <Point id="125" x="-59.042" y="193.049" z="42.000" r="0.280" parent="124"/>
   <Point id="171" x="46.341" y="222.270" z="102.400" r="0.090" parent="170"/>
   <Point id="258" x="91.417" y="331.417" z="-17.200" r="0.280" parent="257"/>
   <Point id="274" x="94.807" y="304.704" z="-38.800" r="0.280" parent="273"/>
   <Point id="298" x="107.033" y="119.034" z="9.200" r="0.310" parent="297"/>
   <Point id="390" x="-82.523" y="319.530" z="32.159" r="0.090" parent="389"/>
   <Point id="462" x="-67.698" y="103.383" z="-32.360" r="0.310" parent="461"/>
   <Point id="503" x="-113.418" y="117.293" z="-63.200" r="0.280" parent="502"/>
   <Point id="551" x="-80.128" y="102.841" z="-51.400" r="0.310" parent="550"/>
   <Point id="570" x="-95.055" y="108.943" z="-45.200" r="0.310" parent="569"/>
   <Point id="610" x="-116.175" y="95.586" z="-36.000" r="0.280" parent="609"/>
   <Point id="51" x="-37.244" y="141.498" z="116.800" r="0.280" parent="50"/>
   <Point id="126" x="-66.658" y="209.750" z="60.000" r="0.280" parent="125"/>
   <Point id="172" x="46.341" y="222.474" z="102.400" r="0.090" parent="171"/>
   <Point id="259" x="91.417" y="331.214" z="-17.200" r="0.280" parent="258"/>
   <Point id="275" x="96.072" y="310.343" z="-38.800" r="0.280" parent="274"/>
   <Point id="299" x="106.852" y="119.712" z="9.200" r="0.310" parent="298"/>
   <Point id="391" x="-82.523" y="319.733" z="36.960" r="0.090" parent="390"/>
   <Point id="463" x="-67.879" y="104.061" z="-32.360" r="0.310" parent="462"/>
   <Point id="504" x="-113.418" y="118.333" z="-63.200" r="0.280" parent="503"/>
   <Point id="552" x="-85.484" y="103.564" z="-51.400" r="0.310" parent="551"/>
   <Point id="571" x="-108.604" y="115.418" z="-45.200" r="0.310" parent="570"/>
   <Point id="611" x="-119.350" y="98.095" z="-37.600" r="0.280" parent="610"/>
   <Point id="52" x="-37.244" y="144.843" z="112.800" r="0.280" parent="51"/>
   <Point id="127" x="-74.692" y="229.152" z="41.600" r="0.280" parent="126"/>
   <Point id="173" x="46.341" y="224.982" z="102.400" r="0.280" parent="172"/>
   <Point id="260" x="91.631" y="341.644" z="-17.200" r="0.280" parent="259"/>
   <Point id="276" x="97.767" y="322.027" z="-42.400" r="0.280" parent="275"/>
   <Point id="300" x="116.005" y="137.464" z="9.200" r="0.310" parent="299"/>
   <Point id="392" x="-86.128" y="327.462" z="44.960" r="0.090" parent="391"/>
   <Point id="464" x="-68.489" y="108.977" z="-32.360" r="0.310" parent="463"/>
   <Point id="505" x="-113.418" y="118.548" z="-63.200" r="0.280" parent="504"/>
   <Point id="553" x="-85.665" y="104.242" z="-51.400" r="0.310" parent="552"/>
   <Point id="572" x="-108.785" y="116.096" z="-45.200" r="0.310" parent="571"/>
   <Point id="612" x="-119.565" y="98.095" z="-37.600" r="0.280" parent="611"/>
   <Point id="53" x="-37.244" y="145.046" z="112.800" r="0.280" parent="52"/>
   <Point id="128" x="-84.218" y="251.492" z="68.800" r="0.280" parent="127"/>
   <Point id="174" x="46.126" y="224.982" z="102.400" r="0.280" parent="173"/>
   <Point id="261" x="90.151" y="370.029" z="-17.200" r="0.280" parent="260"/>
   <Point id="277" x="97.767" y="321.823" z="-41.600" r="0.280" parent="276"/>
   <Point id="301" x="115.813" y="138.142" z="9.200" r="0.310" parent="300"/>
   <Point id="393" x="-86.128" y="327.666" z="35.760" r="0.090" parent="392"/>
   <Point id="465" x="-68.670" y="109.655" z="-32.360" r="0.310" parent="464"/>
   <Point id="506" x="-115.542" y="121.881" z="-69.600" r="0.280" parent="505"/>
   <Point id="554" x="-92.908" y="114.615" z="-51.400" r="0.310" parent="553"/>
   <Point id="573" x="-120.198" y="128.243" z="-45.200" r="0.310" parent="572"/>
   <Point id="613" x="-122.729" y="100.389" z="-51.200" r="0.280" parent="612"/>
   <Point id="54" x="-39.357" y="147.340" z="109.200" r="0.280" parent="53"/>
   <Point id="129" x="-84.218" y="251.278" z="68.800" r="0.280" parent="128"/>
   <Point id="175" x="49.301" y="227.073" z="116.000" r="0.280" parent="174"/>
   <Point id="262" x="90.151" y="369.826" z="-17.200" r="0.280" parent="261"/>
   <Point id="278" x="97.767" y="322.242" z="-40.000" r="0.280" parent="277"/>
   <Point id="302" x="124.107" y="156.380" z="9.200" r="0.310" parent="301"/>
   <Point id="394" x="-84.851" y="332.253" z="16.160" r="0.090" parent="393"/>
   <Point id="466" x="-70.749" y="119.983" z="-32.960" r="0.310" parent="465"/>
   <Point id="507" x="-115.745" y="121.881" z="-69.600" r="0.280" parent="506"/>
   <Point id="555" x="-93.100" y="115.282" z="-51.400" r="0.310" parent="554"/>
   <Point id="574" x="-120.887" y="128.051" z="-45.200" r="0.310" parent="573"/>
   <Point id="614" x="-125.057" y="103.722" z="-50.800" r="0.280" parent="613"/>
   <Point id="55" x="-44.013" y="147.758" z="99.200" r="0.280" parent="54"/>
   <Point id="130" x="-90.354" y="259.210" z="72.400" r="0.280" parent="129"/>
   <Point id="176" x="51.629" y="229.785" z="118.000" r="0.280" parent="175"/>
   <Point id="263" x="89.936" y="377.962" z="5.600" r="0.280" parent="262"/>
   <Point id="303" x="124.424" y="157.917" z="9.200" r="0.310" parent="302"/>
   <Point id="395" x="-84.851" y="332.468" z="16.160" r="0.090" parent="394"/>
   <Point id="467" x="-70.930" y="120.661" z="-32.960" r="0.310" parent="466"/>
   <Point id="508" x="-118.503" y="125.848" z="-75.200" r="0.280" parent="507"/>
   <Point id="556" x="-106.299" y="131.305" z="-52.000" r="0.310" parent="555"/>
   <Point id="575" x="-136.944" y="130.209" z="-45.200" r="0.310" parent="574"/>
   <Point id="615" x="-125.271" y="103.722" z="-50.800" r="0.280" parent="614"/>
   <Point id="56" x="-44.013" y="147.973" z="99.200" r="0.280" parent="55"/>
   <Point id="131" x="-90.354" y="259.414" z="74.400" r="0.280" parent="130"/>
   <Point id="177" x="51.426" y="232.915" z="118.000" r="0.280" parent="176"/>
   <Point id="264" x="92.682" y="394.449" z="5.200" r="0.280" parent="263"/>
   <Point id="304" x="126.582" y="171.590" z="9.200" r="0.310" parent="303"/>
   <Point id="396" x="-86.976" y="343.734" z="35.760" r="0.090" parent="395"/>
   <Point id="468" x="-71.901" y="126.932" z="-32.960" r="0.310" parent="467"/>
   <Point id="509" x="-120.198" y="126.887" z="-76.800" r="0.280" parent="508"/>
   <Point id="557" x="-121.068" y="147.623" z="-54.400" r="0.310" parent="556"/>
   <Point id="576" x="-149.939" y="134.662" z="-45.200" r="0.310" parent="575"/>
   <Point id="616" x="-127.599" y="104.140" z="-50.800" r="0.280" parent="615"/>
   <Point id="57" x="-48.251" y="154.019" z="92.400" r="0.470" parent="56"/>
   <Point id="132" x="-101.993" y="275.075" z="73.600" r="0.280" parent="131"/>
   <Point id="178" x="51.629" y="233.119" z="119.200" r="0.280" parent="177"/>
   <Point id="265" x="92.682" y="394.245" z="5.200" r="0.280" parent="264"/>
   <Point id="305" x="137.351" y="186.144" z="9.200" r="0.310" parent="304"/>
   <Point id="397" x="-88.027" y="359.181" z="42.560" r="0.090" parent="396"/>
   <Point id="469" x="-72.094" y="127.610" z="-32.960" r="0.310" parent="468"/>
   <Point id="510" x="-122.096" y="127.305" z="-76.400" r="0.280" parent="509"/>
   <Point id="558" x="-138.910" y="172.539" z="-67.040" r="0.310" parent="557"/>
   <Point id="577" x="-150.629" y="134.470" z="-45.200" r="0.310" parent="576"/>
   <Point id="617" x="-130.142" y="105.191" z="-50.800" r="0.280" parent="616"/>
   <Point id="58" x="-52.262" y="154.651" z="109.200" r="0.470" parent="57"/>
   <Point id="133" x="-102.208" y="275.075" z="73.600" r="0.280" parent="132"/>
   <Point id="179" x="51.629" y="233.333" z="119.600" r="0.280" parent="178"/>
   <Point id="266" x="90.569" y="401.127" z="18.400" r="0.280" parent="265"/>
   <Point id="306" x="143.442" y="201.614" z="27.400" r="0.310" parent="305"/>
   <Point id="398" x="-88.027" y="359.385" z="42.160" r="0.090" parent="397"/>
   <Point id="470" x="-75.043" y="138.436" z="-19.640" r="0.310" parent="469"/>
   <Point id="511" x="-122.096" y="127.520" z="-76.400" r="0.280" parent="510"/>
   <Point id="559" x="-139.600" y="172.347" z="-67.040" r="0.310" parent="558"/>
   <Point id="578" x="-151.318" y="134.289" z="-45.200" r="0.310" parent="577"/>
   <Point id="618" x="-130.142" y="105.395" z="-50.800" r="0.280" parent="617"/>
   <Point id="59" x="-54.386" y="157.149" z="120.000" r="0.470" parent="58"/>
   <Point id="134" x="-106.231" y="280.703" z="73.600" r="0.280" parent="133"/>
   <Point id="180" x="55.019" y="234.791" z="132.800" r="0.280" parent="179"/>
   <Point id="267" x="90.569" y="401.342" z="18.000" r="0.280" parent="266"/>
   <Point id="307" x="140.843" y="221.977" z="27.400" r="0.310" parent="306"/>
   <Point id="399" x="-88.241" y="365.023" z="41.360" r="0.090" parent="398"/>
   <Point id="471" x="-87.823" y="169.093" z="-47.040" r="0.310" parent="470"/>
   <Point id="512" x="-123.576" y="128.560" z="-76.400" r="0.280" parent="511"/>
   <Point id="560" x="-147.770" y="186.110" z="-74.280" r="0.310" parent="559"/>
   <Point id="579" x="-161.205" y="138.131" z="-62.160" r="0.310" parent="578"/>
   <Point id="619" x="-134.797" y="111.237" z="-53.600" r="0.280" parent="618"/>
   <Point id="60" x="-57.765" y="156.945" z="120.800" r="0.470" parent="59"/>
   <Point id="135" x="-106.231" y="280.917" z="73.600" r="0.280" parent="134"/>
   <Point id="181" x="55.019" y="235.006" z="133.200" r="0.280" parent="180"/>
   <Point id="268" x="90.569" y="401.760" z="18.000" r="0.280" parent="267"/>
   <Point id="308" x="141.340" y="222.835" z="27.400" r="0.310" parent="307"/>
   <Point id="400" x="-88.241" y="365.227" z="41.360" r="0.090" parent="399"/>
   <Point id="472" x="-92.061" y="184.642" z="-46.440" r="0.310" parent="471"/>
   <Point id="513" x="-123.576" y="128.774" z="-76.400" r="0.280" parent="512"/>
   <Point id="561" x="-147.950" y="186.789" z="-74.280" r="0.310" parent="560"/>
   <Point id="580" x="-161.386" y="138.797" z="-60.960" r="0.310" parent="579"/>
   <Point id="620" x="-139.023" y="112.694" z="-53.600" r="0.280" parent="619"/>
   <Point id="61" x="-61.370" y="162.787" z="122.400" r="0.470" parent="60"/>
   <Point id="136" x="-112.152" y="289.686" z="73.600" r="0.280" parent="135"/>
   <Point id="182" x="55.234" y="235.006" z="133.600" r="0.280" parent="181"/>
   <Point id="269" x="87.823" y="408.438" z="18.000" r="0.280" parent="268"/>
   <Point id="309" x="139.396" y="254.272" z="27.400" r="0.310" parent="308"/>
   <Point id="401" x="-91.631" y="369.826" z="41.360" r="0.090" parent="400"/>
   <Point id="473" x="-92.614" y="186.675" z="-45.800" r="0.310" parent="472"/>
   <Point id="514" x="-124.006" y="128.978" z="-75.600" r="0.280" parent="513"/>
   <Point id="562" x="-157.205" y="193.704" z="-74.280" r="0.310" parent="561"/>
   <Point id="581" x="-162.075" y="138.617" z="-58.520" r="0.310" parent="580"/>
   <Point id="621" x="-143.476" y="119.587" z="-55.600" r="0.280" parent="620"/>
   <Point id="62" x="-63.698" y="163.420" z="122.400" r="0.470" parent="61"/>
   <Point id="137" x="-127.384" y="304.501" z="73.600" r="0.280" parent="136"/>
   <Point id="183" x="56.714" y="236.881" z="142.800" r="0.280" parent="182"/>
   <Point id="270" x="84.648" y="423.670" z="17.600" r="0.280" parent="269"/>
   <Point id="310" x="139.023" y="255.628" z="27.400" r="0.310" parent="309"/>
   <Point id="402" x="-91.631" y="370.029" z="41.360" r="0.090" parent="401"/>
   <Point id="515" x="-127.317" y="133.611" z="-75.640" r="0.586" parent="514"/>
   <Point id="563" x="-157.894" y="193.523" z="-74.280" r="0.310" parent="562"/>
   <Point id="582" x="-169.669" y="139.453" z="-78.560" r="0.310" parent="581"/>
   <Point id="622" x="-148.764" y="120.627" z="-56.400" r="0.280" parent="621"/>
   <Point id="63" x="-64.116" y="164.042" z="122.400" r="0.280" parent="62"/>
   <Point id="138" x="-127.599" y="304.286" z="73.600" r="0.280" parent="137"/>
   <Point id="184" x="56.499" y="237.085" z="145.600" r="0.280" parent="183"/>
   <Point id="271" x="84.648" y="424.292" z="17.600" r="0.280" parent="270"/>
   <Point id="311" x="138.006" y="283.686" z="27.400" r="0.310" parent="310"/>
   <Point id="403" x="-91.202" y="376.708" z="41.360" r="0.090" parent="402"/>
   <Point id="516" x="-140.052" y="142.481" z="-75.640" r="0.697" parent="515"/>
   <Point id="564" x="-161.160" y="202.801" z="-73.680" r="0.310" parent="563"/>
   <Point id="583" x="-170.539" y="139.939" z="-78.560" r="0.310" parent="582"/>
   <Point id="623" x="-151.510" y="124.175" z="-43.200" r="0.280" parent="622"/>
   <Point id="64" x="-68.353" y="172.596" z="122.800" r="0.280" parent="63"/>
   <Point id="87" x="-65.811" y="166.550" z="122.800" r="0.280" parent="63"/>
   <Point id="139" x="-133.950" y="313.269" z="73.600" r="0.280" parent="138"/>
   <Point id="185" x="55.437" y="238.554" z="152.000" r="0.280" parent="184"/>
   <Point id="312" x="136.413" y="343.542" z="28.000" r="0.310" parent="311"/>
   <Point id="404" x="-91.417" y="377.544" z="41.760" r="0.090" parent="403"/>
   <Point id="517" x="-140.730" y="142.300" z="-75.640" r="0.338" parent="516"/>
   <Point id="565" x="-161.533" y="204.157" z="-70.640" r="0.310" parent="564"/>
   <Point id="584" x="-182.302" y="142.549" z="-78.560" r="0.310" parent="583"/>
   <Point id="624" x="-154.267" y="124.808" z="-43.200" r="0.280" parent="623"/>
   <Point id="65" x="-67.720" y="174.890" z="107.200" r="0.280" parent="64"/>
   <Point id="88" x="-66.025" y="166.754" z="122.800" r="0.280" parent="87"/>
   <Point id="140" x="-136.910" y="328.705" z="73.600" r="0.280" parent="139"/>
   <Point id="186" x="55.234" y="238.554" z="152.000" r="0.280" parent="185"/>
   <Point id="313" x="138.605" y="365.215" z="27.400" r="0.310" parent="312"/>
   <Point id="518" x="-151.092" y="153.273" z="-75.640" r="0.739" parent="517"/>
   <Point id="585" x="-183.172" y="143.035" z="-78.560" r="0.310" parent="584"/>
   <Point id="625" x="-156.165" y="127.102" z="-55.600" r="0.280" parent="624"/>
   <Point id="66" x="-67.720" y="175.104" z="107.600" r="0.280" parent="65"/>
   <Point id="89" x="-68.771" y="167.590" z="126.400" r="0.280" parent="88"/>
   <Point id="141" x="-138.605" y="339.768" z="47.600" r="0.280" parent="140"/>
   <Point id="187" x="51.426" y="239.175" z="163.600" r="0.280" parent="186"/>
   <Point id="314" x="138.741" y="367.430" z="28.600" r="0.310" parent="313"/>
   <Point id="519" x="-160.448" y="165.985" z="-75.640" r="0.966" parent="518"/>
   <Point id="586" x="-185.094" y="144.685" z="-78.560" r="0.310" parent="585"/>
   <Point id="626" x="-160.606" y="129.396" z="-55.600" r="0.280" parent="625"/>
   <Point id="67" x="-69.833" y="180.325" z="108.800" r="0.280" parent="66"/>
   <Point id="90" x="-74.060" y="173.647" z="132.400" r="0.280" parent="89"/>
   <Point id="142" x="-138.391" y="339.768" z="47.600" r="0.280" parent="141"/>
   <Point id="188" x="49.934" y="243.978" z="169.600" r="0.280" parent="187"/>
   <Point id="520" x="-167.782" y="171.251" z="-75.640" r="0.801" parent="519"/>
   <Point id="587" x="-197.637" y="152.889" z="-78.560" r="0.310" parent="586"/>
   <Point id="627" x="-164.844" y="131.068" z="-58.000" r="0.280" parent="626"/>
   <Point id="68" x="-70.048" y="180.325" z="113.200" r="0.280" parent="67"/>
   <Point id="91" x="-74.274" y="173.647" z="130.800" r="0.280" parent="90"/>
   <Point id="143" x="-135.215" y="344.570" z="47.200" r="0.280" parent="142"/>
   <Point id="189" x="49.934" y="244.181" z="171.200" r="0.280" parent="188"/>
   <Point id="521" x="-183.071" y="178.698" z="-76.240" r="0.310" parent="520"/>
   <Point id="588" x="-197.829" y="153.566" z="-78.560" r="0.310" parent="587"/>
   <Point id="628" x="-165.059" y="131.068" z="-58.000" r="0.280" parent="627"/>
   <Point id="69" x="-74.060" y="184.077" z="128.800" r="0.280" parent="68"/>
   <Point id="92" x="-76.184" y="174.890" z="99.600" r="0.280" parent="91"/>
   <Point id="144" x="-135.215" y="344.774" z="47.200" r="0.280" parent="143"/>
   <Point id="190" x="48.454" y="249.402" z="172.800" r="0.280" parent="189"/>
   <Point id="522" x="-183.941" y="179.195" z="-76.240" r="0.310" parent="521"/>
   <Point id="589" x="-199.569" y="154.550" z="-77.920" r="0.310" parent="588"/>
   <Point id="629" x="-168.437" y="132.322" z="-58.000" r="0.280" parent="628"/>
   <Point id="70" x="-74.907" y="194.924" z="86.400" r="0.280" parent="69"/>
   <Point id="93" x="-76.184" y="175.104" z="100.000" r="0.280" parent="92"/>
   <Point id="145" x="-134.582" y="350.627" z="42.000" r="0.280" parent="144"/>
   <Point id="191" x="47.821" y="252.114" z="176.800" r="0.280" parent="190"/>
   <Point id="523" x="-196.653" y="196.066" z="-76.240" r="0.310" parent="522"/>
   <Point id="630" x="-168.437" y="132.526" z="-58.000" r="0.280" parent="629"/>
   <Point id="71" x="-74.907" y="195.139" z="86.400" r="0.280" parent="70"/>
   <Point id="94" x="-77.020" y="177.816" z="100.000" r="0.280" parent="93"/>
   <Point id="146" x="-134.582" y="354.594" z="42.000" r="0.280" parent="145"/>
   <Point id="192" x="46.341" y="255.244" z="189.200" r="0.280" parent="191"/>
   <Point id="524" x="-209.038" y="195.591" z="-83.640" r="0.310" parent="523"/>
   <Point id="631" x="-170.765" y="132.526" z="-58.000" r="0.280" parent="630"/>
   <Point id="72" x="-77.868" y="200.778" z="132.400" r="0.280" parent="71"/>
   <Point id="95" x="-86.332" y="184.280" z="100.400" r="0.280" parent="94"/>
   <Point id="147" x="-136.696" y="357.091" z="42.000" r="0.280" parent="146"/>
   <Point id="193" x="46.556" y="263.380" z="189.200" r="0.280" parent="192"/>
   <Point id="525" x="-218.010" y="196.054" z="-83.640" r="0.310" parent="524"/>
   <Point id="632" x="-170.980" y="132.526" z="-58.000" r="0.280" parent="631"/>
   <Point id="73" x="-77.868" y="200.981" z="132.000" r="0.280" parent="72"/>
   <Point id="96" x="-86.546" y="184.280" z="100.400" r="0.280" parent="95"/>
   <Point id="148" x="-136.910" y="357.091" z="42.400" r="0.280" parent="147"/>
   <Point id="194" x="46.556" y="263.595" z="189.200" r="0.280" parent="193"/>
   <Point id="526" x="-218.688" y="195.874" z="-83.640" r="0.310" parent="525"/>
   <Point id="633" x="-174.788" y="133.566" z="-58.000" r="0.280" parent="632"/>
   <Point id="74" x="-82.320" y="209.953" z="132.000" r="0.280" parent="73"/>
   <Point id="97" x="-89.089" y="190.551" z="100.400" r="0.280" parent="96"/>
   <Point id="149" x="-137.340" y="357.724" z="43.200" r="0.280" parent="148"/>
   <Point id="195" x="44.228" y="266.928" z="189.200" r="0.280" parent="194"/>
   <Point id="527" x="-230.135" y="200.010" z="-85.200" r="0.310" parent="526"/>
   <Point id="634" x="-174.788" y="133.780" z="-58.000" r="0.280" parent="633"/>
   <Point id="75" x="-82.523" y="220.395" z="132.400" r="0.280" parent="74"/>
   <Point id="98" x="-92.479" y="195.139" z="100.400" r="0.280" parent="97"/>
   <Point id="196" x="44.228" y="267.143" z="189.200" r="0.280" parent="195"/>
   <Point id="528" x="-235.311" y="200.055" z="-88.240" r="0.310" parent="527"/>
   <Point id="635" x="-181.557" y="130.853" z="-60.800" r="0.280" parent="634"/>
   <Point id="76" x="-85.913" y="232.282" z="133.200" r="0.280" parent="75"/>
   <Point id="99" x="-99.247" y="204.326" z="120.000" r="0.280" parent="98"/>
   <Point id="197" x="45.075" y="271.731" z="189.200" r="0.280" parent="196"/>
   <Point id="529" x="-238.576" y="209.343" z="-92.480" r="0.310" parent="528"/>
   <Point id="636" x="-184.314" y="130.650" z="-60.400" r="0.280" parent="635"/>
   <Point id="77" x="-91.417" y="243.560" z="145.200" r="0.280" parent="76"/>
   <Point id="100" x="-107.496" y="212.665" z="86.400" r="0.280" parent="99"/>
   <Point id="198" x="45.279" y="271.945" z="189.120" r="0.280" parent="197"/>
   <Point id="530" x="-250.328" y="211.942" z="-93.080" r="0.310" parent="529"/>
   <Point id="637" x="-192.777" y="132.322" z="-60.400" r="0.280" parent="636"/>
   <Point id="78" x="-91.417" y="243.763" z="145.200" r="0.280" parent="77"/>
   <Point id="101" x="-115.542" y="223.728" z="86.800" r="0.280" parent="100"/>
   <Point id="199" x="44.917" y="286.138" z="189.080" r="0.310" parent="198"/>
   <Point id="531" x="-251.198" y="212.428" z="-93.680" r="0.310" parent="530"/>
   <Point id="638" x="-196.371" y="131.690" z="-60.400" r="0.280" parent="637"/>
   <Point id="79" x="-98.615" y="264.431" z="145.200" r="0.280" parent="78"/>
   <Point id="102" x="-119.768" y="229.152" z="87.600" r="0.280" parent="101"/>
   <Point id="200" x="45.233" y="299.472" z="189.080" r="0.310" parent="199"/>
   <Point id="532" x="-260.905" y="215.603" z="-93.680" r="0.310" parent="531"/>
   <Point id="639" x="-196.371" y="131.486" z="-60.400" r="0.280" parent="638"/>
   <Point id="80" x="-107.078" y="288.850" z="145.200" r="0.280" parent="79"/>
   <Point id="103" x="-119.983" y="229.152" z="87.600" r="0.280" parent="102"/>
   <Point id="201" x="45.211" y="300.173" z="189.080" r="0.310" parent="200"/>
   <Point id="533" x="-261.086" y="216.270" z="-93.080" r="0.310" parent="532"/>
   <Point id="640" x="-201.874" y="128.560" z="-60.400" r="0.280" parent="639"/>
   <Point id="81" x="-107.496" y="295.314" z="145.200" r="0.280" parent="80"/>
   <Point id="104" x="-124.424" y="239.593" z="76.400" r="0.280" parent="103"/>
   <Point id="202" x="42.058" y="310.603" z="189.080" r="0.310" parent="201"/>
   <Point id="534" x="-262.826" y="217.253" z="-92.480" r="0.310" parent="533"/>
   <Point id="641" x="-202.089" y="128.356" z="-60.400" r="0.280" parent="640"/>
   <Point id="82" x="-107.711" y="310.343" z="145.200" r="0.280" parent="81"/>
   <Point id="105" x="-124.220" y="239.593" z="76.400" r="0.280" parent="104"/>
   <Point id="203" x="41.346" y="310.580" z="177.080" r="0.310" parent="202"/>
   <Point id="642" x="-204.631" y="125.644" z="-60.400" r="0.280" parent="641"/>
   <Point id="83" x="-107.711" y="310.139" z="145.200" r="0.280" parent="82"/>
   <Point id="106" x="-130.989" y="250.859" z="76.400" r="0.280" parent="105"/>
   <Point id="204" x="44.748" y="315.586" z="189.080" r="0.310" parent="203"/>
   <Point id="643" x="-204.835" y="125.644" z="-60.400" r="0.280" parent="642"/>
   <Point id="84" x="-109.609" y="313.269" z="145.200" r="0.280" parent="83"/>
   <Point id="107" x="-130.989" y="251.074" z="76.400" r="0.280" parent="106"/>
   <Point id="205" x="44.736" y="316.286" z="189.080" r="0.310" parent="204"/>
   <Point id="644" x="-212.462" y="121.881" z="-60.400" r="0.280" parent="643"/>
   <Point id="85" x="-109.609" y="313.473" z="145.200" r="0.280" parent="84"/>
   <Point id="108" x="-138.176" y="261.922" z="76.400" r="0.280" parent="107"/>
   <Point id="206" x="45.086" y="328.219" z="189.080" r="0.310" parent="205"/>
   <Point id="645" x="-214.993" y="117.497" z="-63.200" r="0.280" parent="644"/>
   <Point id="86" x="-109.824" y="314.309" z="145.200" r="0.280" parent="85"/>
   <Point id="109" x="-144.108" y="274.025" z="73.200" r="0.280" parent="108"/>
   <Point id="207" x="45.064" y="328.920" z="189.080" r="0.310" parent="206"/>
   <Point id="646" x="-221.344" y="115.000" z="-62.800" r="0.280" parent="645"/>
   <Point id="110" x="-149.815" y="283.008" z="68.800" r="0.280" parent="109"/>
   <Point id="208" x="42.747" y="335.158" z="189.080" r="0.310" parent="207"/>
   <Point id="647" x="-221.344" y="114.785" z="-62.800" r="0.280" parent="646"/>
   <Point id="111" x="-149.815" y="283.211" z="68.000" r="0.280" parent="110"/>
   <Point id="209" x="42.036" y="335.135" z="189.080" r="0.310" parent="208"/>
   <Point id="648" x="-228.113" y="117.712" z="-62.800" r="0.280" parent="647"/>
   <Point id="112" x="-157.860" y="292.602" z="67.600" r="0.280" parent="111"/>
   <Point id="210" x="36.498" y="353.904" z="189.080" r="0.310" parent="209"/>
   <Point id="649" x="-233.830" y="116.039" z="-62.800" r="0.280" parent="648"/>
   <Point id="113" x="-159.770" y="309.925" z="66.320" r="0.280" parent="112"/>
   <Point id="211" x="36.487" y="354.605" z="189.080" r="0.310" parent="210"/>
   <Point id="650" x="-233.830" y="115.836" z="-62.800" r="0.280" parent="649"/>
   <Point id="114" x="-159.770" y="310.139" z="66.320" r="0.280" parent="113"/>
   <Point id="212" x="28.227" y="369.091" z="189.080" r="0.310" parent="211"/>
   <Point id="651" x="-237.424" y="112.909" z="-62.800" r="0.280" parent="650"/>
   <Point id="115" x="-163.782" y="317.224" z="60.720" r="0.280" parent="114"/>
   <Point id="213" x="28.216" y="369.792" z="189.080" r="0.310" parent="212"/>
   <Point id="652" x="-237.424" y="112.694" z="-62.800" r="0.280" parent="651"/>
   <Point id="116" x="-163.782" y="317.439" z="60.320" r="0.280" parent="115"/>
   <Point id="214" x="26.227" y="388.663" z="177.080" r="0.310" parent="213"/>
   <Point id="653" x="-241.232" y="110.615" z="-62.800" r="0.280" parent="652"/>
   <Point id="117" x="-161.454" y="321.405" z="58.320" r="0.280" parent="116"/>
   <Point id="215" x="21.775" y="394.844" z="177.080" r="0.310" parent="214"/>
   <Point id="654" x="-241.447" y="110.615" z="-62.800" r="0.280" parent="653"/>
   <Point id="118" x="-161.454" y="321.609" z="58.320" r="0.280" parent="117"/>
   <Point id="216" x="21.763" y="395.545" z="177.080" r="0.310" parent="215"/>
   <Point id="655" x="-244.204" y="110.197" z="-62.800" r="0.280" parent="654"/>
   <Point id="119" x="-162.516" y="325.372" z="58.320" r="0.280" parent="118"/>
   <Point id="217" x="21.379" y="408.155" z="177.080" r="0.310" parent="216"/>
   <Point id="656" x="-244.407" y="110.197" z="-62.800" r="0.280" parent="655"/>
   <Point id="120" x="-162.516" y="326.411" z="58.720" r="0.280" parent="119"/>
   <Point id="218" x="21.368" y="408.856" z="177.080" r="0.310" parent="217"/>
   <Point id="657" x="-246.102" y="111.869" z="-62.800" r="0.280" parent="656"/>
   <Point id="219" x="20.633" y="409.534" z="177.080" r="0.310" parent="218"/>
   <Point id="658" x="-246.317" y="111.869" z="-62.800" r="0.280" parent="657"/>
   <Point id="659" x="-247.797" y="113.949" z="-62.800" r="0.280" parent="658"/>
   <Point id="660" x="-246.520" y="114.367" z="-62.800" r="0.280" parent="659"/>
   <Point id="661" x="-246.317" y="114.582" z="-62.800" r="0.280" parent="660"/>
   <Point id="662" x="-246.317" y="114.367" z="-62.400" r="0.280" parent="661"/>
   <Point id="663" x="-251.628" y="118.875" z="-62.400" r="0.310" parent="662"/>
   <Point id="664" x="-254.532" y="126.808" z="-62.400" r="0.310" parent="663"/>
   <Point id="665" x="-257.176" y="120.265" z="-62.400" r="0.310" parent="664"/>
   <Point id="666" x="-262.894" y="122.345" z="-62.400" r="0.310" parent="665"/>
   <Point id="667" x="-268.397" y="131.735" z="-62.400" r="0.310" parent="666"/>
   <Point id="668" x="-276.996" y="130.842" z="-62.400" r="0.310" parent="667"/>
   <Point id="669" x="-283.855" y="128.978" z="-62.400" r="0.310" parent="668"/>
   <Point id="670" x="-283.675" y="128.300" z="-62.400" r="0.310" parent="669"/>
   <Point id="671" x="-294.116" y="134.176" z="-62.400" r="0.310" parent="670"/>
   <Point id="672" x="-296.591" y="137.859" z="-62.400" r="0.310" parent="671"/>
   <Point id="673" x="-302.071" y="136.357" z="-62.400" r="0.310" parent="672"/>
   <Point id="674" x="-306.501" y="133.701" z="-66.400" r="0.310" parent="673"/>
   <Point id="675" x="-313.281" y="136.933" z="-66.400" r="0.310" parent="674"/>
   <Point id="676" x="-313.970" y="136.752" z="-66.400" r="0.310" parent="675"/>
   <Point id="677" x="-317.530" y="133.599" z="-66.400" r="0.310" parent="676"/>
   <Point id="678" x="-317.337" y="132.921" z="-66.400" r="0.310" parent="677"/>
   <Point id="679" x="-323.383" y="133.452" z="-66.400" r="0.310" parent="678"/>
   <Point id="680" x="-323.564" y="134.131" z="-66.400" r="0.310" parent="679"/>
   <Point id="681" x="-336.197" y="137.227" z="-66.400" r="0.310" parent="680"/>
   <Point id="682" x="-336.378" y="137.905" z="-66.400" r="0.310" parent="681"/>
   <Point id="683" x="-338.118" y="138.876" z="-65.800" r="0.310" parent="682"/>
</CellMorphology>

