<CellMorphology id="n518">
   <Point id="1" x="-1.600" y="0.224" z="0.750" label="soma" r="4.670"/>
   <Point id="2" x="-0.687" y="0.000" z="0.750" r="4.670" label="soma" parent="1"/>
   <Point id="1006" x="-3.437" y="0.449" z="0.750" r="4.480" label="soma" parent="1"/>
   <Point id="3" x="0.912" y="0.000" z="0.750" r="4.670" label="soma" parent="2"/>
   <Point id="1007" x="-4.812" y="0.675" z="0.750" r="4.300" label="soma" parent="1006"/>
   <Point id="4" x="1.825" y="0.000" z="0.750" r="4.480" label="soma" parent="3"/>
   <Point id="1008" x="-6.175" y="1.350" z="0.750" r="4.120" label="soma" parent="1007"/>
   <Point id="5" x="2.750" y="-0.224" z="0.750" r="4.300" label="soma" parent="4"/>
   <Point id="1009" x="-7.550" y="1.575" z="0.750" r="3.940" label="soma" parent="1008"/>
   <Point id="6" x="4.125" y="-0.224" z="0.750" r="4.120" label="soma" parent="5"/>
   <Point id="1010" x="-8.700" y="2.262" z="0.750" r="3.750" label="soma" parent="1009"/>
   <Point id="7" x="5.949" y="-0.224" z="0.750" r="3.940" label="soma" parent="6"/>
   <Point id="1011" x="-9.837" y="2.487" z="0.750" r="3.570" label="soma" parent="1010"/>
   <Point id="8" x="6.862" y="0.224" z="0.750" r="3.390" label="soma" parent="7"/>
   <Point id="1012" x="-10.987" y="3.162" z="0.750" r="3.390" label="soma" parent="1011"/>
   <Point id="9" x="8.012" y="0.224" z="0.750" r="3.200" label="soma" parent="8"/>
   <Point id="1013" x="-12.137" y="3.837" z="0.750" r="3.200" label="soma" parent="1012"/>
   <Point id="10" x="8.924" y="0.449" z="0.750" r="2.840" label="soma" parent="9"/>
   <Point id="1014" x="-13.049" y="4.287" z="0.750" r="2.660" label="soma" parent="1013"/>
   <Point id="11" x="10.075" y="0.899" z="0.750" r="1.920" label="soma" parent="10"/>
   <Point id="1015" x="-12.812" y="4.287" z="0.750" r="2.660" label="soma" parent="1014"/>
   <Point id="12" x="11.450" y="0.899" z="0.750" r="1.740" label="soma" parent="11"/>
   <Point id="1016" x="-13.737" y="4.512" z="0.750" r="2.290" label="soma" parent="1015"/>
   <Point id="13" x="12.362" y="0.675" z="0.750" r="1.370" label="soma" parent="12"/>
   <Point id="1017" x="-14.187" y="4.512" z="0.750" r="2.290" label="soma" parent="1016"/>
   <Point id="14" x="16.024" y="1.350" z="5.875" r="1.370" label="soma" parent="13"/>
   <Point id="1018" x="-14.650" y="4.512" z="0.750" r="2.290" label="soma" parent="1017"/>
   <Point id="15" x="20.137" y="1.575" z="7.875" r="1.370" label="soma" parent="14"/>
   <Point id="1019" x="-15.112" y="5.649" z="0.750" r="1.370" label="soma" parent="1018"/>
   <Point id="16" x="23.575" y="1.575" z="9.375" r="1.370" parent="15"/>
   <Point id="1020" x="-15.562" y="5.649" z="0.750" r="1.190" parent="1019"/>
   <Point id="17" x="26.549" y="0.899" z="11.500" r="1.370" parent="16"/>
   <Point id="1021" x="-16.024" y="6.550" z="0.750" r="0.830" parent="1020"/>
   <Point id="18" x="27.700" y="1.350" z="10.750" r="1.370" parent="17"/>
   <Point id="1022" x="-16.475" y="6.775" z="0.750" r="0.830" parent="1021"/>
   <Point id="19" x="32.049" y="0.899" z="11.375" r="1.190" parent="18"/>
   <Point id="731" x="29.300" y="3.837" z="10.725" r="0.830" parent="18"/>
   <Point id="1023" x="-16.937" y="6.775" z="0.762" r="0.830" parent="1022"/>
   <Point id="20" x="35.937" y="0.675" z="15.500" r="1.190" parent="19"/>
   <Point id="732" x="33.425" y="4.962" z="10.850" r="0.830" parent="731"/>
   <Point id="1024" x="-17.162" y="7.225" z="0.750" r="0.090" parent="1023"/>
   <Point id="21" x="40.975" y="0.000" z="15.375" r="1.190" parent="20"/>
   <Point id="733" x="39.600" y="5.649" z="10.600" r="0.830" parent="732"/>
   <Point id="22" x="46.462" y="-1.575" z="15.375" r="1.190" parent="21"/>
   <Point id="734" x="39.825" y="5.649" z="10.475" r="0.830" parent="733"/>
   <Point id="23" x="46.462" y="-1.799" z="15.375" r="1.190" parent="22"/>
   <Point id="735" x="44.412" y="5.875" z="12.850" r="0.830" parent="734"/>
   <Point id="24" x="48.075" y="-2.037" z="15.375" r="1.190" parent="23"/>
   <Point id="736" x="44.412" y="6.100" z="12.975" r="0.830" parent="735"/>
   <Point id="25" x="48.075" y="-2.712" z="15.375" r="1.190" parent="24"/>
   <Point id="737" x="46.925" y="8.800" z="13.475" r="0.830" parent="736"/>
   <Point id="26" x="51.962" y="-0.899" z="16.000" r="0.830" parent="25"/>
   <Point id="216" x="47.837" y="-2.712" z="15.375" r="1.190" parent="25"/>
   <Point id="738" x="49.212" y="10.162" z="13.725" r="0.830" parent="737"/>
   <Point id="27" x="55.162" y="-0.675" z="16.000" r="0.830" parent="26"/>
   <Point id="217" x="50.587" y="-4.962" z="15.375" r="1.190" parent="216"/>
   <Point id="739" x="49.212" y="10.387" z="13.725" r="0.830" parent="738"/>
   <Point id="28" x="59.062" y="0.899" z="20.625" r="0.830" parent="27"/>
   <Point id="218" x="51.962" y="-5.875" z="11.000" r="1.010" parent="217"/>
   <Point id="740" x="54.937" y="10.837" z="14.600" r="0.830" parent="739"/>
   <Point id="29" x="64.087" y="2.487" z="21.250" r="0.830" parent="28"/>
   <Point id="219" x="57.225" y="-9.712" z="11.125" r="1.010" parent="218"/>
   <Point id="741" x="58.137" y="11.737" z="14.725" r="0.830" parent="740"/>
   <Point id="30" x="67.987" y="4.062" z="28.875" r="0.830" parent="29"/>
   <Point id="220" x="57.912" y="-10.162" z="19.375" r="1.010" parent="219"/>
   <Point id="742" x="59.512" y="14.000" z="14.725" r="0.830" parent="741"/>
   <Point id="31" x="73.250" y="6.324" z="29.125" r="0.830" parent="30"/>
   <Point id="221" x="60.887" y="-11.062" z="25.125" r="1.010" parent="220"/>
   <Point id="743" x="65.012" y="13.774" z="14.975" r="0.830" parent="742"/>
   <Point id="32" x="77.362" y="7.900" z="33.250" r="0.830" parent="31"/>
   <Point id="222" x="63.862" y="-13.100" z="23.875" r="1.010" parent="221"/>
   <Point id="744" x="65.012" y="13.550" z="14.850" r="0.830" parent="743"/>
   <Point id="33" x="81.487" y="9.487" z="35.125" r="0.830" parent="32"/>
   <Point id="223" x="68.212" y="-14.450" z="19.250" r="1.010" parent="222"/>
   <Point id="745" x="67.750" y="11.737" z="15.350" r="0.640" parent="744"/>
   <Point id="818" x="67.750" y="14.450" z="14.850" r="0.640" parent="744"/>
   <Point id="34" x="87.212" y="11.512" z="39.125" r="0.830" parent="33"/>
   <Point id="224" x="71.650" y="-15.575" z="22.375" r="1.010" parent="223"/>
   <Point id="746" x="71.412" y="11.062" z="8.975" r="0.640" parent="745"/>
   <Point id="819" x="67.525" y="14.450" z="14.850" r="0.640" parent="818"/>
   <Point id="35" x="93.162" y="14.450" z="39.375" r="0.830" parent="34"/>
   <Point id="225" x="73.475" y="-16.475" z="29.375" r="1.010" parent="224"/>
   <Point id="747" x="79.887" y="13.100" z="8.225" r="0.640" parent="746"/>
   <Point id="820" x="70.275" y="16.024" z="14.975" r="0.640" parent="819"/>
   <Point id="36" x="103.925" y="20.550" z="41.250" r="0.830" parent="35"/>
   <Point id="226" x="78.512" y="-18.737" z="31.000" r="1.010" parent="225"/>
   <Point id="748" x="85.612" y="14.900" z="3.725" r="0.640" parent="747"/>
   <Point id="821" x="72.337" y="16.475" z="24.600" r="0.460" parent="820"/>
   <Point id="37" x="103.687" y="20.550" z="41.250" r="0.830" parent="36"/>
   <Point id="227" x="82.862" y="-20.087" z="36.875" r="1.010" parent="226"/>
   <Point id="749" x="85.612" y="15.125" z="3.599" r="0.640" parent="748"/>
   <Point id="822" x="76.687" y="16.937" z="23.599" r="0.460" parent="821"/>
   <Point id="38" x="108.037" y="22.349" z="50.000" r="0.830" parent="37"/>
   <Point id="228" x="87.675" y="-21.900" z="37.125" r="1.010" parent="227"/>
   <Point id="750" x="88.587" y="14.675" z="2.849" r="0.640" parent="749"/>
   <Point id="823" x="76.912" y="16.937" z="23.599" r="0.460" parent="822"/>
   <Point id="39" x="110.787" y="23.925" z="53.625" r="0.830" parent="38"/>
   <Point id="229" x="92.250" y="-23.025" z="37.125" r="1.190" parent="228"/>
   <Point id="751" x="88.812" y="14.675" z="2.600" r="0.640" parent="750"/>
   <Point id="824" x="84.462" y="20.087" z="23.725" r="0.460" parent="823"/>
   <Point id="40" x="114.450" y="23.700" z="57.000" r="0.830" parent="39"/>
   <Point id="230" x="93.850" y="-23.700" z="33.625" r="1.190" parent="229"/>
   <Point id="752" x="94.537" y="15.575" z="0.100" r="0.640" parent="751"/>
   <Point id="825" x="84.687" y="20.087" z="23.725" r="0.460" parent="824"/>
   <Point id="41" x="116.962" y="24.150" z="58.375" r="0.830" parent="40"/>
   <Point id="231" x="95.912" y="-24.612" z="33.625" r="1.190" parent="230"/>
   <Point id="753" x="94.537" y="15.800" z="0.100" r="0.640" parent="752"/>
   <Point id="826" x="90.412" y="23.025" z="26.349" r="0.460" parent="825"/>
   <Point id="42" x="117.200" y="24.150" z="58.375" r="0.830" parent="41"/>
   <Point id="232" x="97.287" y="-25.062" z="33.625" r="1.190" parent="231"/>
   <Point id="754" x="100.262" y="15.800" z="-0.400" r="0.640" parent="753"/>
   <Point id="827" x="90.649" y="23.025" z="26.349" r="0.460" parent="826"/>
   <Point id="43" x="120.625" y="24.387" z="58.375" r="0.830" parent="42"/>
   <Point id="233" x="103.000" y="-28.900" z="48.375" r="1.010" parent="232"/>
   <Point id="395" x="100.487" y="-26.187" z="33.625" r="1.190" parent="232"/>
   <Point id="755" x="100.487" y="15.800" z="-0.525" r="0.640" parent="754"/>
   <Point id="828" x="94.987" y="23.925" z="28.224" r="0.460" parent="827"/>
   <Point id="44" x="120.862" y="24.387" z="58.250" r="0.830" parent="43"/>
   <Point id="234" x="106.662" y="-34.312" z="48.125" r="1.010" parent="233"/>
   <Point id="396" x="103.687" y="-27.537" z="38.500" r="1.190" parent="395"/>
   <Point id="756" x="103.687" y="14.900" z="-0.650" r="0.640" parent="755"/>
   <Point id="829" x="99.574" y="24.150" z="28.975" r="0.460" parent="828"/>
   <Point id="45" x="121.775" y="24.150" z="58.250" r="0.830" parent="44"/>
   <Point id="235" x="112.162" y="-37.475" z="54.250" r="1.010" parent="234"/>
   <Point id="397" x="108.725" y="-28.675" z="41.250" r="1.190" parent="396"/>
   <Point id="757" x="109.412" y="16.475" z="-1.275" r="0.640" parent="756"/>
   <Point id="830" x="99.800" y="24.150" z="28.975" r="0.460" parent="829"/>
   <Point id="46" x="126.087" y="25.587" z="58.250" r="0.640" parent="45"/>
   <Point id="236" x="117.200" y="-40.187" z="56.750" r="1.010" parent="235"/>
   <Point id="398" x="113.537" y="-30.025" z="43.250" r="1.190" parent="397"/>
   <Point id="758" x="113.537" y="16.937" z="-0.525" r="0.460" parent="757"/>
   <Point id="831" x="103.237" y="26.862" z="30.474" r="0.460" parent="830"/>
   <Point id="47" x="129.262" y="25.987" z="58.500" r="0.640" parent="46"/>
   <Point id="237" x="117.200" y="-40.412" z="56.875" r="1.010" parent="236"/>
   <Point id="399" x="115.600" y="-31.837" z="38.625" r="1.190" parent="398"/>
   <Point id="548" x="116.112" y="-30.687" z="50.250" r="0.640" parent="398"/>
   <Point id="759" x="118.112" y="19.187" z="-1.025" r="0.460" parent="758"/>
   <Point id="832" x="107.587" y="28.675" z="29.975" r="0.460" parent="831"/>
   <Point id="48" x="131.537" y="26.275" z="58.500" r="0.640" parent="47"/>
   <Point id="238" x="121.087" y="-43.350" z="57.375" r="1.010" parent="237"/>
   <Point id="400" x="118.575" y="-33.412" z="38.625" r="0.830" parent="399"/>
   <Point id="549" x="115.875" y="-30.724" z="50.250" r="0.640" parent="548"/>
   <Point id="760" x="122.925" y="20.087" z="-4.149" r="0.460" parent="759"/>
   <Point id="833" x="108.962" y="31.375" z="36.349" r="0.460" parent="832"/>
   <Point id="49" x="131.987" y="26.325" z="57.750" r="0.640" parent="48"/>
   <Point id="239" x="126.350" y="-46.962" z="57.375" r="1.010" parent="238"/>
   <Point id="401" x="125.662" y="-37.475" z="38.500" r="0.830" parent="400"/>
   <Point id="550" x="118.262" y="-31.337" z="50.250" r="0.640" parent="549"/>
   <Point id="761" x="122.925" y="20.312" z="-4.025" r="0.460" parent="760"/>
   <Point id="834" x="112.162" y="32.062" z="37.599" r="0.460" parent="833"/>
   <Point id="50" x="136.162" y="27.987" z="58.250" r="0.460" parent="49"/>
   <Point id="133" x="134.287" y="24.562" z="62.875" r="0.460" parent="49"/>
   <Point id="240" x="126.125" y="-46.275" z="56.500" r="1.010" parent="239"/>
   <Point id="402" x="131.387" y="-40.862" z="38.500" r="0.830" parent="401"/>
   <Point id="551" x="123.000" y="-32.337" z="50.250" r="0.640" parent="550"/>
   <Point id="762" x="129.562" y="20.312" z="-4.025" r="0.460" parent="761"/>
   <Point id="835" x="112.625" y="32.287" z="37.975" r="0.460" parent="834"/>
   <Point id="51" x="136.200" y="27.762" z="58.375" r="0.460" parent="50"/>
   <Point id="134" x="137.375" y="23.812" z="68.750" r="0.460" parent="133"/>
   <Point id="241" x="129.137" y="-47.800" z="56.500" r="0.640" parent="240"/>
   <Point id="403" x="131.612" y="-40.862" z="38.500" r="0.830" parent="402"/>
   <Point id="552" x="122.775" y="-32.362" z="50.250" r="0.640" parent="551"/>
   <Point id="763" x="129.787" y="20.312" z="-4.025" r="0.460" parent="762"/>
   <Point id="836" x="116.512" y="31.375" z="38.475" r="0.460" parent="835"/>
   <Point id="906" x="123.375" y="32.512" z="37.975" r="0.460" parent="835"/>
   <Point id="52" x="139.600" y="28.187" z="62.000" r="0.460" parent="51"/>
   <Point id="135" x="137.637" y="23.612" z="69.000" r="0.460" parent="134"/>
   <Point id="242" x="130.525" y="-47.862" z="56.500" r="0.640" parent="241"/>
   <Point id="404" x="139.400" y="-47.187" z="38.500" r="0.830" parent="403"/>
   <Point id="553" x="126.800" y="-33.224" z="49.875" r="0.640" parent="552"/>
   <Point id="764" x="134.587" y="19.862" z="-4.400" r="0.460" parent="763"/>
   <Point id="837" x="120.399" y="31.600" z="40.350" r="0.460" parent="836"/>
   <Point id="907" x="127.262" y="32.512" z="37.975" r="0.460" parent="906"/>
   <Point id="53" x="143.700" y="30.512" z="66.750" r="0.460" parent="52"/>
   <Point id="136" x="141.012" y="22.450" z="69.750" r="0.460" parent="135"/>
   <Point id="243" x="130.750" y="-47.824" z="56.500" r="0.640" parent="242"/>
   <Point id="405" x="143.287" y="-50.350" z="38.500" r="0.830" parent="404"/>
   <Point id="554" x="127.025" y="-33.199" z="49.625" r="0.640" parent="553"/>
   <Point id="765" x="134.825" y="19.862" z="-4.400" r="0.460" parent="764"/>
   <Point id="838" x="124.750" y="31.375" z="46.475" r="0.460" parent="837"/>
   <Point id="908" x="129.562" y="33.412" z="37.975" r="0.460" parent="907"/>
   <Point id="54" x="143.662" y="30.737" z="66.875" r="0.460" parent="53"/>
   <Point id="137" x="141.237" y="22.475" z="69.750" r="0.460" parent="136"/>
   <Point id="244" x="132.000" y="-48.587" z="56.500" r="0.640" parent="243"/>
   <Point id="406" x="143.287" y="-50.575" z="38.500" r="0.830" parent="405"/>
   <Point id="555" x="130.299" y="-33.475" z="53.000" r="0.640" parent="554"/>
   <Point id="766" x="142.150" y="19.862" z="-5.274" r="0.460" parent="765"/>
   <Point id="839" x="124.975" y="31.375" z="46.725" r="0.460" parent="838"/>
   <Point id="909" x="129.787" y="33.637" z="37.975" r="0.460" parent="908"/>
   <Point id="55" x="147.675" y="31.924" z="68.125" r="0.460" parent="54"/>
   <Point id="138" x="143.075" y="20.662" z="73.000" r="0.460" parent="137"/>
   <Point id="245" x="135.700" y="-51.162" z="62.750" r="0.280" parent="244"/>
   <Point id="303" x="131.775" y="-48.612" z="56.500" r="0.640" parent="244"/>
   <Point id="407" x="146.500" y="-53.275" z="38.500" r="0.830" parent="406"/>
   <Point id="556" x="132.787" y="-34.987" z="60.250" r="0.640" parent="555"/>
   <Point id="767" x="142.375" y="19.862" z="-5.400" r="0.460" parent="766"/>
   <Point id="840" x="130.250" y="30.474" z="48.099" r="0.460" parent="839"/>
   <Point id="910" x="133.450" y="34.312" z="37.975" r="0.460" parent="909"/>
   <Point id="56" x="151.962" y="32.687" z="71.250" r="0.460" parent="55"/>
   <Point id="139" x="147.337" y="19.825" z="74.125" r="0.460" parent="138"/>
   <Point id="246" x="136.437" y="-53.337" z="62.750" r="0.280" parent="245"/>
   <Point id="304" x="134.262" y="-50.125" z="62.875" r="0.460" parent="303"/>
   <Point id="408" x="146.262" y="-53.275" z="38.500" r="0.830" parent="407"/>
   <Point id="557" x="133.012" y="-34.950" z="60.375" r="0.640" parent="556"/>
   <Point id="768" x="152.450" y="20.312" z="2.349" r="0.460" parent="767"/>
   <Point id="841" x="130.475" y="30.700" z="48.350" r="0.460" parent="840"/>
   <Point id="911" x="139.400" y="34.087" z="37.975" r="0.460" parent="910"/>
   <Point id="57" x="152.187" y="32.712" z="71.250" r="0.460" parent="56"/>
   <Point id="140" x="147.562" y="19.850" z="74.375" r="0.460" parent="139"/>
   <Point id="247" x="136.462" y="-53.562" z="62.750" r="0.280" parent="246"/>
   <Point id="305" x="137.412" y="-51.325" z="64.000" r="0.460" parent="304"/>
   <Point id="409" x="146.725" y="-53.724" z="39.250" r="0.830" parent="408"/>
   <Point id="558" x="135.712" y="-36.212" z="63.750" r="0.640" parent="557"/>
   <Point id="769" x="159.774" y="20.550" z="2.600" r="0.460" parent="768"/>
   <Point id="842" x="134.825" y="30.700" z="48.849" r="0.460" parent="841"/>
   <Point id="912" x="147.412" y="32.962" z="42.474" r="0.460" parent="911"/>
   <Point id="58" x="158.212" y="34.375" z="65.750" r="0.460" parent="57"/>
   <Point id="141" x="149.975" y="19.012" z="80.250" r="0.460" parent="140"/>
   <Point id="248" x="137.000" y="-56.000" z="62.750" r="0.280" parent="247"/>
   <Point id="306" x="137.637" y="-51.300" z="64.125" r="0.460" parent="305"/>
   <Point id="410" x="148.787" y="-55.537" z="39.250" r="0.640" parent="409"/>
   <Point id="484" x="150.387" y="-56.437" z="48.000" r="0.640" parent="409"/>
   <Point id="559" x="137.100" y="-36.262" z="63.875" r="0.640" parent="558"/>
   <Point id="770" x="163.887" y="20.087" z="2.600" r="0.460" parent="769"/>
   <Point id="843" x="135.050" y="30.700" z="49.225" r="0.460" parent="842"/>
   <Point id="913" x="152.675" y="33.637" z="44.474" r="0.460" parent="912"/>
   <Point id="59" x="158.175" y="34.600" z="65.875" r="0.460" parent="58"/>
   <Point id="142" x="150.000" y="18.787" z="80.500" r="0.460" parent="141"/>
   <Point id="249" x="137.025" y="-56.224" z="62.750" r="0.280" parent="248"/>
   <Point id="307" x="141.637" y="-53.750" z="64.500" r="0.460" parent="306"/>
   <Point id="411" x="151.762" y="-56.212" z="39.250" r="0.640" parent="410"/>
   <Point id="485" x="152.225" y="-58.025" z="49.000" r="0.640" parent="484"/>
   <Point id="560" x="136.850" y="-36.075" z="64.250" r="0.640" parent="559"/>
   <Point id="771" x="163.887" y="19.862" z="2.600" r="0.460" parent="770"/>
   <Point id="844" x="138.937" y="29.800" z="50.225" r="0.460" parent="843"/>
   <Point id="914" x="152.675" y="33.862" z="44.725" r="0.460" parent="913"/>
   <Point id="60" x="161.962" y="35.750" z="68.125" r="0.460" parent="59"/>
   <Point id="143" x="155.337" y="16.725" z="81.375" r="0.460" parent="142"/>
   <Point id="250" x="140.200" y="-59.474" z="67.375" r="0.280" parent="249"/>
   <Point id="308" x="141.662" y="-53.975" z="64.500" r="0.460" parent="307"/>
   <Point id="412" x="154.962" y="-55.987" z="37.875" r="0.640" parent="411"/>
   <Point id="486" x="153.825" y="-60.050" z="53.000" r="0.640" parent="485"/>
   <Point id="561" x="140.137" y="-36.575" z="61.500" r="0.640" parent="560"/>
   <Point id="638" x="140.312" y="-34.100" z="64.250" r="0.460" parent="560"/>
   <Point id="772" x="168.924" y="16.250" z="2.600" r="0.460" parent="771"/>
   <Point id="845" x="139.175" y="29.800" z="50.225" r="0.460" parent="844"/>
   <Point id="915" x="157.937" y="36.575" z="46.725" r="0.460" parent="914"/>
   <Point id="61" x="162.187" y="35.775" z="69.625" r="0.460" parent="60"/>
   <Point id="144" x="158.175" y="16.162" z="85.375" r="0.460" parent="143"/>
   <Point id="251" x="142.274" y="-61.262" z="58.875" r="0.280" parent="250"/>
   <Point id="309" x="146.262" y="-55.675" z="69.125" r="0.460" parent="308"/>
   <Point id="413" x="159.774" y="-58.475" z="37.875" r="0.640" parent="412"/>
   <Point id="487" x="157.025" y="-63.437" z="53.750" r="0.640" parent="486"/>
   <Point id="562" x="145.962" y="-36.987" z="59.500" r="0.640" parent="561"/>
   <Point id="639" x="144.400" y="-33.600" z="68.250" r="0.460" parent="638"/>
   <Point id="773" x="169.162" y="16.250" z="2.600" r="0.460" parent="772"/>
   <Point id="846" x="144.662" y="28.000" z="52.725" r="0.460" parent="845"/>
   <Point id="916" x="158.175" y="36.575" z="46.974" r="0.460" parent="915"/>
   <Point id="62" x="164.662" y="36.312" z="74.375" r="0.460" parent="61"/>
   <Point id="145" x="160.975" y="14.012" z="89.875" r="0.460" parent="144"/>
   <Point id="252" x="143.887" y="-63.112" z="65.750" r="0.280" parent="251"/>
   <Point id="310" x="146.287" y="-55.900" z="69.125" r="0.460" parent="309"/>
   <Point id="414" x="163.437" y="-58.250" z="37.875" r="0.640" parent="413"/>
   <Point id="488" x="160.225" y="-65.700" z="54.750" r="0.640" parent="487"/>
   <Point id="563" x="149.275" y="-37.712" z="64.250" r="0.640" parent="562"/>
   <Point id="640" x="148.775" y="-33.512" z="76.000" r="0.460" parent="639"/>
   <Point id="774" x="174.650" y="16.475" z="2.600" r="0.460" parent="773"/>
   <Point id="847" x="148.100" y="28.224" z="52.850" r="0.460" parent="846"/>
   <Point id="917" x="164.350" y="38.375" z="51.224" r="0.460" parent="916"/>
   <Point id="63" x="168.462" y="37.237" z="76.125" r="0.460" parent="62"/>
   <Point id="146" x="165.775" y="12.562" z="90.250" r="0.460" parent="145"/>
   <Point id="253" x="143.912" y="-63.324" z="65.750" r="0.280" parent="252"/>
   <Point id="311" x="151.537" y="-59.112" z="69.125" r="0.460" parent="310"/>
   <Point id="415" x="168.475" y="-60.949" z="37.500" r="0.640" parent="414"/>
   <Point id="489" x="165.037" y="-69.537" z="55.125" r="0.640" parent="488"/>
   <Point id="564" x="154.300" y="-39.125" z="69.000" r="0.640" parent="563"/>
   <Point id="641" x="149.000" y="-33.475" z="76.125" r="0.460" parent="640"/>
   <Point id="775" x="181.287" y="13.774" z="2.600" r="0.460" parent="774"/>
   <Point id="848" x="154.049" y="26.637" z="57.100" r="0.460" parent="847"/>
   <Point id="918" x="164.575" y="38.375" z="51.224" r="0.460" parent="917"/>
   <Point id="64" x="173.512" y="39.237" z="84.750" r="0.460" parent="63"/>
   <Point id="147" x="166.000" y="12.587" z="90.625" r="0.460" parent="146"/>
   <Point id="254" x="146.887" y="-66.825" z="65.625" r="0.280" parent="253"/>
   <Point id="312" x="156.787" y="-60.512" z="70.375" r="0.460" parent="311"/>
   <Point id="416" x="173.275" y="-60.500" z="36.250" r="0.640" parent="415"/>
   <Point id="490" x="164.812" y="-69.537" z="55.250" r="0.640" parent="489"/>
   <Point id="565" x="154.325" y="-39.350" z="69.000" r="0.640" parent="564"/>
   <Point id="642" x="155.387" y="-32.912" z="76.250" r="0.460" parent="641"/>
   <Point id="776" x="181.287" y="13.550" z="2.600" r="0.460" parent="775"/>
   <Point id="849" x="156.112" y="26.412" z="57.350" r="0.460" parent="848"/>
   <Point id="919" x="169.162" y="39.737" z="51.475" r="0.460" parent="918"/>
   <Point id="65" x="177.212" y="39.237" z="89.500" r="0.460" parent="64"/>
   <Point id="148" x="169.575" y="11.675" z="97.375" r="0.460" parent="147"/>
   <Point id="255" x="147.200" y="-67.475" z="65.625" r="0.280" parent="254"/>
   <Point id="313" x="162.337" y="-62.550" z="71.750" r="0.460" parent="312"/>
   <Point id="417" x="173.275" y="-60.275" z="36.250" r="0.640" parent="416"/>
   <Point id="491" x="165.037" y="-69.987" z="54.750" r="0.640" parent="490"/>
   <Point id="566" x="162.787" y="-40.575" z="69.000" r="0.640" parent="565"/>
   <Point id="643" x="155.612" y="-32.887" z="76.625" r="0.460" parent="642"/>
   <Point id="777" x="184.725" y="14.225" z="2.600" r="0.460" parent="776"/>
   <Point id="850" x="156.337" y="26.412" z="57.350" r="0.460" parent="849"/>
   <Point id="920" x="169.612" y="39.962" z="51.475" r="0.460" parent="919"/>
   <Point id="66" x="181.437" y="38.637" z="90.875" r="0.460" parent="65"/>
   <Point id="149" x="173.850" y="8.800" z="103.250" r="0.460" parent="148"/>
   <Point id="256" x="149.600" y="-68.899" z="68.125" r="0.640" parent="255"/>
   <Point id="314" x="162.375" y="-62.775" z="71.750" r="0.460" parent="313"/>
   <Point id="418" x="177.399" y="-61.862" z="37.875" r="0.640" parent="417"/>
   <Point id="492" x="166.062" y="-70.650" z="54.750" r="0.460" parent="491"/>
   <Point id="567" x="168.062" y="-42.187" z="69.125" r="0.640" parent="566"/>
   <Point id="644" x="160.150" y="-32.312" z="81.875" r="0.460" parent="643"/>
   <Point id="778" x="184.950" y="14.225" z="2.600" r="0.460" parent="777"/>
   <Point id="851" x="157.487" y="26.637" z="57.350" r="0.460" parent="850"/>
   <Point id="921" x="174.424" y="41.762" z="51.600" r="0.460" parent="920"/>
   <Point id="67" x="181.462" y="38.412" z="90.750" r="0.460" parent="66"/>
   <Point id="150" x="178.875" y="7.375" z="106.500" r="0.460" parent="149"/>
   <Point id="257" x="153.800" y="-70.812" z="68.125" r="0.640" parent="256"/>
   <Point id="315" x="168.325" y="-66.125" z="72.750" r="0.460" parent="314"/>
   <Point id="419" x="180.837" y="-61.175" z="38.750" r="0.640" parent="418"/>
   <Point id="493" x="167.800" y="-71.575" z="60.125" r="0.460" parent="492"/>
   <Point id="568" x="171.400" y="-43.137" z="69.250" r="0.460" parent="567"/>
   <Point id="645" x="164.187" y="-33.175" z="84.500" r="0.460" parent="644"/>
   <Point id="779" x="189.075" y="12.862" z="2.600" r="0.460" parent="778"/>
   <Point id="852" x="157.487" y="26.862" z="57.350" r="0.460" parent="851"/>
   <Point id="922" x="174.875" y="41.987" z="51.600" r="0.460" parent="921"/>
   <Point id="68" x="186.062" y="36.712" z="89.750" r="0.460" parent="67"/>
   <Point id="151" x="183.212" y="5.862" z="110.500" r="0.460" parent="150"/>
   <Point id="258" x="154.037" y="-70.774" z="68.125" r="0.640" parent="257"/>
   <Point id="316" x="174.587" y="-68.300" z="77.125" r="0.460" parent="315"/>
   <Point id="420" x="182.437" y="-63.212" z="38.625" r="0.640" parent="419"/>
   <Point id="494" x="169.725" y="-74.062" z="63.500" r="0.460" parent="493"/>
   <Point id="569" x="173.900" y="-42.824" z="73.625" r="0.460" parent="568"/>
   <Point id="646" x="167.562" y="-32.525" z="90.875" r="0.460" parent="645"/>
   <Point id="780" x="198.000" y="11.062" z="2.600" r="0.460" parent="779"/>
   <Point id="853" x="157.487" y="26.637" z="57.474" r="0.460" parent="852"/>
   <Point id="923" x="179.225" y="43.350" z="51.600" r="0.460" parent="922"/>
   <Point id="69" x="189.712" y="33.300" z="94.500" r="0.460" parent="68"/>
   <Point id="152" x="183.437" y="5.899" z="111.750" r="0.460" parent="151"/>
   <Point id="259" x="157.812" y="-72.975" z="70.000" r="0.640" parent="258"/>
   <Point id="317" x="181.712" y="-69.912" z="80.000" r="0.460" parent="316"/>
   <Point id="421" x="182.437" y="-63.437" z="38.625" r="0.640" parent="420"/>
   <Point id="495" x="172.100" y="-76.500" z="68.750" r="0.460" parent="494"/>
   <Point id="570" x="173.937" y="-43.050" z="73.625" r="0.460" parent="569"/>
   <Point id="647" x="170.425" y="-33.312" z="92.875" r="0.460" parent="646"/>
   <Point id="781" x="198.000" y="10.837" z="2.600" r="0.460" parent="780"/>
   <Point id="854" x="159.737" y="26.837" z="57.725" r="0.460" parent="853"/>
   <Point id="924" x="179.225" y="43.575" z="51.600" r="0.460" parent="923"/>
   <Point id="70" x="189.737" y="33.075" z="94.750" r="0.460" parent="69"/>
   <Point id="153" x="186.875" y="6.100" z="106.250" r="0.460" parent="152"/>
   <Point id="260" x="157.837" y="-73.200" z="70.125" r="0.640" parent="259"/>
   <Point id="318" x="181.937" y="-69.887" z="80.125" r="0.460" parent="317"/>
   <Point id="422" x="185.174" y="-63.887" z="38.625" r="0.460" parent="421"/>
   <Point id="496" x="174.587" y="-79.825" z="70.375" r="0.460" parent="495"/>
   <Point id="571" x="174.612" y="-42.962" z="73.625" r="0.460" parent="570"/>
   <Point id="648" x="170.662" y="-33.287" z="92.875" r="0.460" parent="647"/>
   <Point id="782" x="205.787" y="8.350" z="2.600" r="0.460" parent="781"/>
   <Point id="855" x="159.987" y="26.637" z="57.725" r="0.460" parent="854"/>
   <Point id="925" x="184.950" y="43.125" z="49.850" r="0.460" parent="924"/>
   <Point id="983" x="181.350" y="45.487" z="53.975" r="0.280" parent="924"/>
   <Point id="71" x="194.912" y="32.350" z="97.750" r="0.460" parent="70"/>
   <Point id="154" x="191.337" y="5.512" z="109.625" r="0.460" parent="153"/>
   <Point id="261" x="163.850" y="-76.449" z="59.750" r="0.640" parent="260"/>
   <Point id="319" x="186.712" y="-71.112" z="80.125" r="0.460" parent="318"/>
   <Point id="423" x="189.075" y="-64.562" z="38.625" r="0.460" parent="422"/>
   <Point id="497" x="178.225" y="-83.012" z="73.250" r="0.460" parent="496"/>
   <Point id="572" x="177.612" y="-44.862" z="73.750" r="0.460" parent="571"/>
   <Point id="649" x="176.937" y="-31.812" z="92.250" r="0.460" parent="648"/>
   <Point id="783" x="217.912" y="4.287" z="3.599" r="0.460" parent="782"/>
   <Point id="856" x="162.825" y="26.087" z="58.350" r="0.460" parent="855"/>
   <Point id="926" x="185.174" y="43.125" z="49.974" r="0.460" parent="925"/>
   <Point id="984" x="181.375" y="45.262" z="53.975" r="0.280" parent="983"/>
   <Point id="72" x="199.762" y="32.275" z="99.625" r="0.460" parent="71"/>
   <Point id="155" x="195.700" y="3.787" z="117.750" r="0.460" parent="154"/>
   <Point id="262" x="169.087" y="-79.137" z="68.125" r="0.640" parent="261"/>
   <Point id="320" x="191.612" y="-73.462" z="84.000" r="0.460" parent="319"/>
   <Point id="424" x="192.500" y="-65.475" z="41.250" r="0.460" parent="423"/>
   <Point id="498" x="180.537" y="-86.824" z="76.000" r="0.460" parent="497"/>
   <Point id="573" x="181.562" y="-45.062" z="79.375" r="0.460" parent="572"/>
   <Point id="650" x="181.700" y="-33.037" z="96.500" r="0.460" parent="649"/>
   <Point id="784" x="222.262" y="4.287" z="3.599" r="0.460" parent="783"/>
   <Point id="857" x="169.812" y="25.587" z="64.599" r="0.460" parent="856"/>
   <Point id="927" x="188.150" y="43.575" z="55.850" r="0.460" parent="926"/>
   <Point id="985" x="185.750" y="45.350" z="53.975" r="0.280" parent="984"/>
   <Point id="73" x="199.987" y="32.299" z="99.875" r="0.460" parent="72"/>
   <Point id="156" x="195.725" y="3.562" z="118.000" r="0.460" parent="155"/>
   <Point id="263" x="177.000" y="-82.800" z="69.625" r="0.640" parent="262"/>
   <Point id="321" x="199.050" y="-75.725" z="85.625" r="0.460" parent="320"/>
   <Point id="425" x="196.162" y="-66.150" z="35.250" r="0.460" parent="424"/>
   <Point id="499" x="182.912" y="-91.075" z="78.375" r="0.460" parent="498"/>
   <Point id="574" x="184.912" y="-46.000" z="79.000" r="0.460" parent="573"/>
   <Point id="651" x="181.725" y="-33.262" z="96.500" r="0.460" parent="650"/>
   <Point id="785" x="230.049" y="1.350" z="3.599" r="0.460" parent="784"/>
   <Point id="858" x="172.337" y="25.674" z="68.975" r="0.460" parent="857"/>
   <Point id="928" x="192.500" y="44.699" z="56.100" r="0.460" parent="927"/>
   <Point id="986" x="186.000" y="45.150" z="53.975" r="0.280" parent="985"/>
   <Point id="74" x="207.025" y="33.175" z="103.125" r="0.460" parent="73"/>
   <Point id="157" x="200.212" y="0.937" z="119.625" r="0.460" parent="156"/>
   <Point id="264" x="183.562" y="-86.662" z="69.750" r="0.640" parent="263"/>
   <Point id="322" x="201.762" y="-77.200" z="90.875" r="0.460" parent="321"/>
   <Point id="426" x="201.662" y="-68.400" z="33.875" r="0.460" parent="425"/>
   <Point id="500" x="182.937" y="-91.300" z="78.500" r="0.460" parent="499"/>
   <Point id="575" x="185.137" y="-45.975" z="79.000" r="0.460" parent="574"/>
   <Point id="652" x="186.837" y="-33.537" z="97.750" r="0.460" parent="651"/>
   <Point id="786" x="235.312" y="0.000" z="3.725" r="0.460" parent="785"/>
   <Point id="859" x="172.362" y="25.450" z="69.100" r="0.460" parent="858"/>
   <Point id="929" x="195.475" y="46.737" z="56.100" r="0.460" parent="928"/>
   <Point id="987" x="191.112" y="44.875" z="53.975" r="0.280" parent="986"/>
   <Point id="75" x="207.000" y="33.400" z="103.125" r="0.460" parent="74"/>
   <Point id="158" x="200.462" y="0.737" z="119.125" r="0.460" parent="157"/>
   <Point id="265" x="187.087" y="-88.662" z="70.875" r="0.640" parent="264"/>
   <Point id="323" x="204.962" y="-80.662" z="90.750" r="0.460" parent="322"/>
   <Point id="427" x="201.887" y="-68.625" z="33.750" r="0.460" parent="426"/>
   <Point id="501" x="185.375" y="-96.000" z="79.125" r="0.460" parent="500"/>
   <Point id="576" x="189.537" y="-46.112" z="81.500" r="0.460" parent="575"/>
   <Point id="653" x="192.800" y="-33.250" z="105.875" r="0.460" parent="652"/>
   <Point id="787" x="239.662" y="-0.224" z="6.225" r="0.460" parent="786"/>
   <Point id="860" x="176.587" y="24.849" z="75.225" r="0.460" parent="859"/>
   <Point id="930" x="195.475" y="46.962" z="56.224" r="0.460" parent="929"/>
   <Point id="988" x="191.337" y="44.912" z="53.975" r="0.280" parent="987"/>
   <Point id="76" x="211.625" y="33.300" z="102.125" r="0.460" parent="75"/>
   <Point id="159" x="204.549" y="1.250" z="122.625" r="0.460" parent="158"/>
   <Point id="266" x="194.712" y="-91.925" z="71.000" r="0.640" parent="265"/>
   <Point id="324" x="208.712" y="-81.112" z="90.500" r="0.460" parent="323"/>
   <Point id="428" x="209.212" y="-70.887" z="33.500" r="0.460" parent="427"/>
   <Point id="502" x="187.987" y="-98.400" z="81.125" r="0.460" parent="501"/>
   <Point id="577" x="194.075" y="-47.362" z="84.250" r="0.460" parent="576"/>
   <Point id="654" x="193.024" y="-33.224" z="106.000" r="0.460" parent="653"/>
   <Point id="788" x="239.887" y="-0.224" z="6.225" r="0.460" parent="787"/>
   <Point id="861" x="181.212" y="24.737" z="76.975" r="0.460" parent="860"/>
   <Point id="931" x="202.800" y="50.112" z="57.350" r="0.460" parent="930"/>
   <Point id="989" x="194.950" y="45.587" z="54.100" r="0.280" parent="988"/>
   <Point id="77" x="212.875" y="30.724" z="103.875" r="0.460" parent="76"/>
   <Point id="160" x="208.100" y="0.550" z="127.500" r="0.460" parent="159"/>
   <Point id="267" x="194.737" y="-92.137" z="71.125" r="0.640" parent="266"/>
   <Point id="325" x="208.737" y="-81.337" z="90.625" r="0.460" parent="324"/>
   <Point id="429" x="214.250" y="-71.562" z="41.500" r="0.460" parent="428"/>
   <Point id="503" x="188.012" y="-98.625" z="81.250" r="0.460" parent="502"/>
   <Point id="578" x="194.100" y="-47.587" z="84.375" r="0.460" parent="577"/>
   <Point id="655" x="197.625" y="-34.925" z="110.000" r="0.460" parent="654"/>
   <Point id="789" x="243.550" y="-0.224" z="6.350" r="0.460" parent="788"/>
   <Point id="862" x="181.637" y="25.025" z="77.100" r="0.460" parent="861"/>
   <Point id="932" x="202.800" y="50.337" z="57.350" r="0.460" parent="931"/>
   <Point id="990" x="195.174" y="45.612" z="54.100" r="0.280" parent="989"/>
   <Point id="78" x="212.899" y="30.500" z="104.000" r="0.460" parent="77"/>
   <Point id="161" x="208.325" y="0.575" z="127.750" r="0.460" parent="160"/>
   <Point id="268" x="200.625" y="-92.899" z="73.625" r="0.640" parent="267"/>
   <Point id="326" x="215.775" y="-84.100" z="91.375" r="0.460" parent="325"/>
   <Point id="430" x="218.600" y="-72.925" z="42.375" r="0.460" parent="429"/>
   <Point id="504" x="192.200" y="-102.650" z="82.375" r="0.460" parent="503"/>
   <Point id="579" x="200.312" y="-49.312" z="84.500" r="0.460" parent="578"/>
   <Point id="656" x="197.850" y="-34.900" z="110.125" r="0.460" parent="655"/>
   <Point id="790" x="243.775" y="-0.224" z="6.350" r="0.460" parent="789"/>
   <Point id="863" x="187.150" y="25.250" z="80.600" r="0.460" parent="862"/>
   <Point id="933" x="208.524" y="51.925" z="59.974" r="0.460" parent="932"/>
   <Point id="991" x="199.950" y="46.212" z="54.100" r="0.280" parent="990"/>
   <Point id="79" x="216.812" y="28.712" z="108.125" r="0.460" parent="78"/>
   <Point id="162" x="211.525" y="-1.075" z="129.750" r="0.460" parent="161"/>
   <Point id="269" x="207.600" y="-99.675" z="81.250" r="0.640" parent="268"/>
   <Point id="327" x="215.799" y="-84.324" z="91.375" r="0.460" parent="326"/>
   <Point id="431" x="227.525" y="-76.300" z="44.125" r="0.460" parent="430"/>
   <Point id="505" x="192.225" y="-102.875" z="82.625" r="0.460" parent="504"/>
   <Point id="580" x="202.274" y="-52.037" z="89.625" r="0.460" parent="579"/>
   <Point id="657" x="202.212" y="-36.625" z="110.500" r="0.460" parent="656"/>
   <Point id="791" x="248.362" y="-2.487" z="6.350" r="0.460" parent="790"/>
   <Point id="864" x="187.375" y="25.275" z="80.850" r="0.460" parent="863"/>
   <Point id="934" x="208.762" y="51.925" z="60.099" r="0.460" parent="933"/>
   <Point id="992" x="200.375" y="46.487" z="54.100" r="0.280" parent="991"/>
   <Point id="80" x="217.062" y="28.512" z="108.375" r="0.460" parent="79"/>
   <Point id="163" x="211.750" y="-1.037" z="129.875" r="0.460" parent="162"/>
   <Point id="270" x="210.500" y="-102.225" z="84.500" r="0.640" parent="269"/>
   <Point id="328" x="218.475" y="-85.350" z="96.125" r="0.460" parent="327"/>
   <Point id="432" x="230.737" y="-77.887" z="44.000" r="0.460" parent="431"/>
   <Point id="506" x="195.375" y="-105.900" z="87.500" r="0.460" parent="505"/>
   <Point id="581" x="207.100" y="-51.887" z="90.250" r="0.460" parent="580"/>
   <Point id="658" x="203.912" y="-37.325" z="115.500" r="0.460" parent="657"/>
   <Point id="792" x="255.225" y="-4.512" z="7.975" r="0.460" parent="791"/>
   <Point id="865" x="191.600" y="24.662" z="85.100" r="0.460" parent="864"/>
   <Point id="935" x="216.537" y="53.724" z="50.724" r="0.460" parent="934"/>
   <Point id="993" x="204.975" y="48.425" z="54.100" r="0.280" parent="992"/>
   <Point id="81" x="220.987" y="26.724" z="109.000" r="0.460" parent="80"/>
   <Point id="164" x="216.900" y="0.287" z="137.250" r="0.460" parent="163"/>
   <Point id="271" x="210.537" y="-102.449" z="84.875" r="0.640" parent="270"/>
   <Point id="329" x="221.512" y="-85.662" z="97.500" r="0.460" parent="328"/>
   <Point id="433" x="235.075" y="-77.887" z="44.375" r="0.460" parent="432"/>
   <Point id="507" x="198.962" y="-112.500" z="88.250" r="0.460" parent="506"/>
   <Point id="582" x="209.475" y="-52.500" z="94.500" r="0.460" parent="581"/>
   <Point id="659" x="206.875" y="-36.962" z="118.500" r="0.460" parent="658"/>
   <Point id="793" x="258.662" y="-6.100" z="9.100" r="0.460" parent="792"/>
   <Point id="866" x="191.862" y="24.474" z="85.725" r="0.460" parent="865"/>
   <Point id="936" x="222.487" y="52.150" z="50.975" r="0.460" parent="935"/>
   <Point id="994" x="205.174" y="48.675" z="54.100" r="0.280" parent="993"/>
   <Point id="82" x="221.212" y="26.750" z="109.125" r="0.460" parent="81"/>
   <Point id="165" x="219.087" y="1.237" z="145.375" r="0.460" parent="164"/>
   <Point id="272" x="212.762" y="-105.100" z="97.000" r="0.640" parent="271"/>
   <Point id="330" x="224.000" y="-87.175" z="100.000" r="0.460" parent="329"/>
   <Point id="434" x="239.662" y="-79.912" z="42.500" r="0.460" parent="433"/>
   <Point id="508" x="203.649" y="-114.875" z="93.000" r="0.460" parent="507"/>
   <Point id="583" x="215.212" y="-54.062" z="94.750" r="0.460" parent="582"/>
   <Point id="660" x="207.100" y="-36.925" z="118.750" r="0.460" parent="659"/>
   <Point id="794" x="258.662" y="-6.324" z="9.225" r="0.460" parent="793"/>
   <Point id="867" x="197.650" y="24.287" z="85.850" r="0.460" parent="866"/>
   <Point id="937" x="222.725" y="52.150" z="50.975" r="0.460" parent="936"/>
   <Point id="995" x="208.187" y="50.425" z="54.100" r="0.280" parent="994"/>
   <Point id="83" x="226.175" y="25.775" z="108.625" r="0.460" parent="82"/>
   <Point id="166" x="222.975" y="1.487" z="151.750" r="0.460" parent="165"/>
   <Point id="273" x="215.737" y="-106.500" z="102.625" r="0.640" parent="272"/>
   <Point id="331" x="226.612" y="-89.574" z="102.375" r="0.460" parent="330"/>
   <Point id="435" x="244.012" y="-79.912" z="49.625" r="0.460" parent="434"/>
   <Point id="509" x="203.675" y="-115.100" z="93.250" r="0.460" parent="508"/>
   <Point id="584" x="221.612" y="-57.362" z="97.350" r="0.460" parent="583"/>
   <Point id="661" x="208.987" y="-39.200" z="121.250" r="0.460" parent="660"/>
   <Point id="795" x="263.237" y="-7.000" z="9.225" r="0.460" parent="794"/>
   <Point id="868" x="197.875" y="24.312" z="86.225" r="0.460" parent="867"/>
   <Point id="938" x="226.612" y="50.575" z="52.100" r="0.460" parent="937"/>
   <Point id="996" x="208.412" y="50.450" z="54.100" r="0.280" parent="995"/>
   <Point id="84" x="231.400" y="24.612" z="111.875" r="0.460" parent="83"/>
   <Point id="167" x="225.350" y="0.875" z="153.375" r="0.460" parent="166"/>
   <Point id="274" x="215.762" y="-106.725" z="102.875" r="0.640" parent="273"/>
   <Point id="332" x="229.500" y="-90.574" z="103.875" r="0.460" parent="331"/>
   <Point id="436" x="251.100" y="-80.824" z="51.000" r="0.460" parent="435"/>
   <Point id="510" x="207.525" y="-118.262" z="95.625" r="0.460" parent="509"/>
   <Point id="585" x="225.700" y="-58.662" z="103.725" r="0.460" parent="584"/>
   <Point id="662" x="212.087" y="-39.950" z="125.000" r="0.460" parent="661"/>
   <Point id="796" x="266.675" y="-8.125" z="10.475" r="0.460" parent="795"/>
   <Point id="869" x="203.037" y="23.587" z="93.225" r="0.460" parent="868"/>
   <Point id="939" x="227.075" y="50.337" z="52.100" r="0.460" parent="938"/>
   <Point id="997" x="211.649" y="50.400" z="54.100" r="0.280" parent="996"/>
   <Point id="85" x="231.625" y="24.637" z="111.875" r="0.460" parent="84"/>
   <Point id="168" x="225.612" y="0.687" z="153.250" r="0.460" parent="167"/>
   <Point id="275" x="217.562" y="-109.662" z="105.875" r="0.640" parent="274"/>
   <Point id="333" x="229.725" y="-90.550" z="104.125" r="0.460" parent="332"/>
   <Point id="437" x="253.625" y="-81.500" z="51.750" r="0.460" parent="436"/>
   <Point id="511" x="207.549" y="-118.487" z="95.625" r="0.460" parent="510"/>
   <Point id="586" x="230.837" y="-60.987" z="103.475" r="0.460" parent="585"/>
   <Point id="663" x="212.312" y="-39.925" z="125.625" r="0.460" parent="662"/>
   <Point id="797" x="266.900" y="-8.125" z="10.600" r="0.460" parent="796"/>
   <Point id="870" x="207.075" y="22.725" z="96.100" r="0.460" parent="869"/>
   <Point id="940" x="231.875" y="48.087" z="52.100" r="0.460" parent="939"/>
   <Point id="998" x="214.637" y="52.362" z="52.474" r="0.280" parent="997"/>
   <Point id="86" x="234.650" y="22.512" z="113.250" r="0.460" parent="85"/>
   <Point id="169" x="229.500" y="-0.875" z="157.125" r="0.460" parent="168"/>
   <Point id="276" x="217.600" y="-109.887" z="106.375" r="0.640" parent="275"/>
   <Point id="334" x="232.312" y="-90.912" z="104.375" r="0.460" parent="333"/>
   <Point id="438" x="254.312" y="-81.050" z="51.500" r="0.460" parent="437"/>
   <Point id="512" x="207.862" y="-120.950" z="96.875" r="0.460" parent="511"/>
   <Point id="587" x="230.862" y="-61.212" z="103.975" r="0.460" parent="586"/>
   <Point id="664" x="217.049" y="-42.737" z="127.375" r="0.460" parent="663"/>
   <Point id="798" x="271.012" y="-9.712" z="10.725" r="0.460" parent="797"/>
   <Point id="871" x="211.950" y="24.250" z="97.475" r="0.460" parent="870"/>
   <Point id="941" x="232.337" y="48.087" z="52.100" r="0.460" parent="940"/>
   <Point id="999" x="214.862" y="52.387" z="52.474" r="0.280" parent="998"/>
   <Point id="87" x="235.137" y="22.349" z="113.250" r="0.460" parent="86"/>
   <Point id="170" x="229.525" y="-1.100" z="157.125" r="0.460" parent="169"/>
   <Point id="277" x="220.762" y="-111.024" z="112.750" r="0.640" parent="276"/>
   <Point id="335" x="232.537" y="-90.887" z="104.375" r="0.460" parent="334"/>
   <Point id="439" x="255.912" y="-82.400" z="54.500" r="0.460" parent="438"/>
   <Point id="472" x="256.600" y="-78.112" z="51.625" r="0.460" parent="438"/>
   <Point id="513" x="211.175" y="-123.500" z="100.125" r="0.460" parent="512"/>
   <Point id="588" x="231.662" y="-62.025" z="111.475" r="0.460" parent="587"/>
   <Point id="665" x="220.962" y="-42.712" z="132.000" r="0.460" parent="664"/>
   <Point id="799" x="277.200" y="-9.250" z="10.850" r="0.460" parent="798"/>
   <Point id="872" x="216.837" y="23.950" z="108.850" r="0.460" parent="871"/>
   <Point id="942" x="241.262" y="46.962" z="52.100" r="0.460" parent="941"/>
   <Point id="1000" x="217.587" y="52.725" z="53.224" r="0.280" parent="999"/>
   <Point id="88" x="240.125" y="21.150" z="115.375" r="0.460" parent="87"/>
   <Point id="171" x="229.274" y="-0.912" z="157.125" r="0.460" parent="170"/>
   <Point id="278" x="225.875" y="-114.412" z="123.125" r="0.640" parent="277"/>
   <Point id="336" x="232.937" y="-90.375" z="104.500" r="0.460" parent="335"/>
   <Point id="440" x="255.912" y="-82.625" z="54.625" r="0.460" parent="439"/>
   <Point id="473" x="258.200" y="-74.725" z="47.125" r="0.280" parent="472"/>
   <Point id="514" x="213.950" y="-129.062" z="102.500" r="0.460" parent="513"/>
   <Point id="589" x="232.587" y="-62.125" z="111.100" r="0.460" parent="588"/>
   <Point id="666" x="226.212" y="-45.925" z="135.750" r="0.460" parent="665"/>
   <Point id="800" x="277.425" y="-9.250" z="10.850" r="0.460" parent="799"/>
   <Point id="873" x="217.287" y="24.000" z="109.100" r="0.460" parent="872"/>
   <Point id="943" x="243.775" y="48.537" z="48.600" r="0.460" parent="942"/>
   <Point id="1001" x="217.812" y="52.762" z="53.224" r="0.280" parent="1000"/>
   <Point id="89" x="240.162" y="20.924" z="115.375" r="0.460" parent="88"/>
   <Point id="172" x="229.899" y="-1.137" z="157.125" r="0.820" parent="171"/>
   <Point id="279" x="229.487" y="-117.087" z="134.250" r="0.640" parent="278"/>
   <Point id="337" x="235.712" y="-90.487" z="105.625" r="0.460" parent="336"/>
   <Point id="363" x="235.037" y="-92.387" z="102.375" r="0.460" parent="336"/>
   <Point id="441" x="259.112" y="-81.950" z="55.000" r="0.460" parent="440"/>
   <Point id="474" x="259.112" y="-72.925" z="56.000" r="0.280" parent="473"/>
   <Point id="515" x="213.975" y="-129.287" z="102.625" r="0.460" parent="514"/>
   <Point id="590" x="233.725" y="-63.812" z="114.350" r="0.460" parent="589"/>
   <Point id="615" x="234.825" y="-62.687" z="111.475" r="0.460" parent="589"/>
   <Point id="667" x="230.212" y="-46.562" z="142.000" r="0.460" parent="666"/>
   <Point id="801" x="285.212" y="-9.712" z="12.600" r="0.460" parent="800"/>
   <Point id="874" x="222.912" y="25.162" z="110.225" r="0.460" parent="873"/>
   <Point id="944" x="244.700" y="51.025" z="52.350" r="0.460" parent="943"/>
   <Point id="1002" x="218.975" y="52.675" z="53.350" r="0.280" parent="1001"/>
   <Point id="90" x="247.737" y="19.362" z="116.750" r="0.460" parent="89"/>
   <Point id="173" x="230.150" y="-2.937" z="157.250" r="0.640" parent="172"/>
   <Point id="190" x="232.300" y="-0.125" z="157.000" r="0.640" parent="172"/>
   <Point id="280" x="230.900" y="-120.537" z="139.250" r="0.640" parent="279"/>
   <Point id="338" x="235.950" y="-90.462" z="106.125" r="0.460" parent="337"/>
   <Point id="364" x="237.250" y="-93.487" z="102.875" r="0.460" parent="363"/>
   <Point id="442" x="259.349" y="-81.950" z="55.125" r="0.460" parent="441"/>
   <Point id="475" x="259.112" y="-72.687" z="56.000" r="0.280" parent="474"/>
   <Point id="516" x="217.125" y="-132.312" z="108.000" r="0.460" parent="515"/>
   <Point id="591" x="233.787" y="-64.262" z="114.350" r="0.460" parent="590"/>
   <Point id="616" x="235.787" y="-63.025" z="119.225" r="0.460" parent="615"/>
   <Point id="668" x="235.025" y="-50.062" z="143.625" r="0.460" parent="667"/>
   <Point id="802" x="285.212" y="-9.487" z="12.600" r="0.460" parent="801"/>
   <Point id="875" x="223.112" y="25.412" z="110.225" r="0.460" parent="874"/>
   <Point id="945" x="244.925" y="51.025" z="52.975" r="0.460" parent="944"/>
   <Point id="1003" x="219.237" y="52.474" z="53.350" r="0.280" parent="1002"/>
   <Point id="91" x="247.962" y="19.400" z="116.875" r="0.460" parent="90"/>
   <Point id="174" x="231.187" y="-5.300" z="161.000" r="0.640" parent="173"/>
   <Point id="191" x="232.325" y="-0.337" z="156.750" r="0.640" parent="190"/>
   <Point id="281" x="230.925" y="-120.762" z="139.250" r="0.640" parent="280"/>
   <Point id="339" x="239.262" y="-91.187" z="101.000" r="0.460" parent="338"/>
   <Point id="365" x="237.475" y="-93.450" z="103.375" r="0.460" parent="364"/>
   <Point id="443" x="264.612" y="-83.524" z="55.000" r="0.460" parent="442"/>
   <Point id="476" x="260.487" y="-69.312" z="56.125" r="0.280" parent="475"/>
   <Point id="517" x="220.612" y="-134.375" z="112.375" r="0.460" parent="516"/>
   <Point id="592" x="236.212" y="-67.137" z="114.725" r="0.460" parent="591"/>
   <Point id="617" x="241.600" y="-65.262" z="122.350" r="0.460" parent="616"/>
   <Point id="669" x="236.387" y="-51.712" z="145.000" r="0.460" parent="668"/>
   <Point id="803" x="289.787" y="-11.062" z="12.725" r="0.460" parent="802"/>
   <Point id="876" x="227.200" y="25.924" z="118.725" r="0.460" parent="875"/>
   <Point id="946" x="248.125" y="51.925" z="55.850" r="0.460" parent="945"/>
   <Point id="1004" x="219.462" y="52.512" z="53.350" r="0.280" parent="1003"/>
   <Point id="92" x="252.475" y="20.187" z="121.875" r="0.460" parent="91"/>
   <Point id="175" x="232.337" y="-6.949" z="166.875" r="0.640" parent="174"/>
   <Point id="192" x="234.787" y="0.237" z="165.000" r="0.640" parent="191"/>
   <Point id="282" x="234.575" y="-125.262" z="152.000" r="0.640" parent="281"/>
   <Point id="340" x="244.000" y="-92.187" z="101.125" r="0.460" parent="339"/>
   <Point id="366" x="239.175" y="-94.149" z="108.750" r="0.460" parent="365"/>
   <Point id="444" x="268.962" y="-82.400" z="55.125" r="0.460" parent="443"/>
   <Point id="477" x="260.487" y="-69.087" z="56.125" r="0.280" parent="476"/>
   <Point id="518" x="220.637" y="-134.600" z="112.375" r="0.460" parent="517"/>
   <Point id="593" x="238.137" y="-69.625" z="108.975" r="0.460" parent="592"/>
   <Point id="618" x="241.637" y="-65.487" z="122.850" r="0.460" parent="617"/>
   <Point id="670" x="236.637" y="-51.900" z="145.250" r="0.460" parent="669"/>
   <Point id="804" x="299.175" y="-16.937" z="14.700" r="0.460" parent="803"/>
   <Point id="877" x="232.337" y="25.425" z="121.600" r="0.460" parent="876"/>
   <Point id="947" x="248.362" y="52.150" z="55.975" r="0.460" parent="946"/>
   <Point id="1005" x="219.487" y="52.287" z="53.224" r="0.280" parent="1004"/>
   <Point id="93" x="256.587" y="20.474" z="125.625" r="0.460" parent="92"/>
   <Point id="176" x="232.375" y="-7.175" z="167.250" r="0.640" parent="175"/>
   <Point id="193" x="238.287" y="0.050" z="170.750" r="0.640" parent="192"/>
   <Point id="283" x="237.562" y="-133.275" z="153.375" r="0.640" parent="282"/>
   <Point id="341" x="246.637" y="-92.987" z="104.500" r="0.460" parent="340"/>
   <Point id="367" x="242.200" y="-96.274" z="110.500" r="0.460" parent="366"/>
   <Point id="445" x="274.225" y="-86.462" z="54.250" r="0.460" parent="444"/>
   <Point id="478" x="261.399" y="-66.825" z="56.125" r="0.280" parent="477"/>
   <Point id="519" x="224.825" y="-138.625" z="112.625" r="0.460" parent="518"/>
   <Point id="594" x="240.712" y="-73.637" z="107.350" r="0.460" parent="593"/>
   <Point id="619" x="244.437" y="-67.637" z="124.850" r="0.460" parent="618"/>
   <Point id="671" x="240.587" y="-52.087" z="149.250" r="0.460" parent="670"/>
   <Point id="805" x="307.187" y="-19.412" z="16.575" r="0.460" parent="804"/>
   <Point id="878" x="233.075" y="25.062" z="121.850" r="0.460" parent="877"/>
   <Point id="948" x="251.562" y="54.862" z="59.225" r="0.460" parent="947"/>
   <Point id="94" x="256.675" y="19.800" z="125.375" r="0.460" parent="93"/>
   <Point id="177" x="233.275" y="-10.237" z="170.750" r="0.640" parent="176"/>
   <Point id="194" x="241.137" y="-0.462" z="177.250" r="0.640" parent="193"/>
   <Point id="284" x="243.537" y="-136.312" z="158.250" r="0.640" parent="283"/>
   <Point id="342" x="252.825" y="-96.312" z="107.875" r="0.460" parent="341"/>
   <Point id="368" x="245.500" y="-98.600" z="110.625" r="0.460" parent="367"/>
   <Point id="446" x="276.975" y="-85.562" z="58.125" r="0.460" parent="445"/>
   <Point id="479" x="265.062" y="-67.050" z="56.125" r="0.280" parent="478"/>
   <Point id="520" x="228.225" y="-145.487" z="117.375" r="0.460" parent="519"/>
   <Point id="595" x="240.750" y="-73.850" z="107.350" r="0.460" parent="594"/>
   <Point id="620" x="248.150" y="-69.675" z="126.350" r="0.460" parent="619"/>
   <Point id="672" x="244.774" y="-56.125" z="152.125" r="0.460" parent="671"/>
   <Point id="806" x="307.412" y="-19.412" z="16.700" r="0.460" parent="805"/>
   <Point id="879" x="239.437" y="24.037" z="121.350" r="0.460" parent="878"/>
   <Point id="949" x="251.787" y="55.087" z="59.225" r="0.460" parent="948"/>
   <Point id="95" x="259.462" y="19.687" z="127.125" r="0.460" parent="94"/>
   <Point id="117" x="257.887" y="17.450" z="122.375" r="0.640" parent="94"/>
   <Point id="178" x="235.174" y="-10.662" z="178.625" r="0.640" parent="177"/>
   <Point id="195" x="244.137" y="-0.500" z="180.250" r="0.640" parent="194"/>
   <Point id="285" x="243.762" y="-136.275" z="158.750" r="0.640" parent="284"/>
   <Point id="343" x="257.649" y="-97.987" z="112.375" r="0.460" parent="342"/>
   <Point id="369" x="245.524" y="-98.825" z="110.750" r="0.460" parent="368"/>
   <Point id="447" x="277.200" y="-85.562" z="58.125" r="0.460" parent="446"/>
   <Point id="480" x="265.300" y="-67.050" z="56.125" r="0.280" parent="479"/>
   <Point id="521" x="230.025" y="-150.725" z="121.750" r="0.460" parent="520"/>
   <Point id="596" x="244.274" y="-80.012" z="107.350" r="0.460" parent="595"/>
   <Point id="621" x="251.975" y="-72.612" z="131.975" r="0.460" parent="620"/>
   <Point id="673" x="244.812" y="-56.349" z="152.125" r="0.460" parent="672"/>
   <Point id="807" x="311.537" y="-23.025" z="18.450" r="0.460" parent="806"/>
   <Point id="880" x="240.375" y="23.925" z="121.600" r="0.460" parent="879"/>
   <Point id="950" x="256.137" y="57.112" z="58.975" r="0.460" parent="949"/>
   <Point id="96" x="261.587" y="19.275" z="133.375" r="0.460" parent="95"/>
   <Point id="118" x="259.899" y="16.112" z="122.500" r="0.460" parent="117"/>
   <Point id="179" x="238.537" y="-11.550" z="181.000" r="0.640" parent="178"/>
   <Point id="196" x="246.250" y="-0.650" z="184.125" r="0.640" parent="195"/>
   <Point id="286" x="248.237" y="-141.800" z="162.250" r="0.640" parent="285"/>
   <Point id="344" x="262.862" y="-99.162" z="115.125" r="0.460" parent="343"/>
   <Point id="370" x="249.100" y="-99.737" z="112.375" r="0.460" parent="369"/>
   <Point id="448" x="279.950" y="-87.137" z="58.125" r="0.460" parent="447"/>
   <Point id="481" x="266.212" y="-66.825" z="56.125" r="0.280" parent="480"/>
   <Point id="522" x="233.787" y="-155.025" z="124.625" r="0.460" parent="521"/>
   <Point id="597" x="247.712" y="-83.450" z="105.975" r="0.460" parent="596"/>
   <Point id="622" x="255.262" y="-76.750" z="124.100" r="0.460" parent="621"/>
   <Point id="674" x="247.787" y="-58.025" z="158.500" r="0.460" parent="673"/>
   <Point id="808" x="311.537" y="-23.250" z="18.450" r="0.460" parent="807"/>
   <Point id="881" x="245.049" y="23.362" z="127.975" r="0.460" parent="880"/>
   <Point id="951" x="256.362" y="57.112" z="59.225" r="0.460" parent="950"/>
   <Point id="97" x="265.212" y="17.900" z="137.125" r="0.460" parent="96"/>
   <Point id="119" x="263.450" y="13.587" z="117.250" r="0.460" parent="118"/>
   <Point id="180" x="238.575" y="-11.775" z="181.250" r="0.640" parent="179"/>
   <Point id="197" x="249.212" y="-2.050" z="188.125" r="0.640" parent="196"/>
   <Point id="287" x="248.050" y="-142.050" z="162.375" r="0.640" parent="286"/>
   <Point id="345" x="265.675" y="-99.487" z="115.750" r="0.460" parent="344"/>
   <Point id="371" x="253.662" y="-103.037" z="115.750" r="0.460" parent="370"/>
   <Point id="449" x="280.174" y="-87.137" z="58.125" r="0.460" parent="448"/>
   <Point id="482" x="266.437" y="-66.825" z="56.125" r="0.280" parent="481"/>
   <Point id="523" x="233.825" y="-155.250" z="124.875" r="0.460" parent="522"/>
   <Point id="598" x="253.712" y="-89.075" z="105.850" r="0.460" parent="597"/>
   <Point id="623" x="257.525" y="-78.287" z="133.975" r="0.460" parent="622"/>
   <Point id="675" x="252.837" y="-59.662" z="163.625" r="0.460" parent="674"/>
   <Point id="809" x="316.112" y="-25.737" z="19.700" r="0.460" parent="808"/>
   <Point id="882" x="245.500" y="23.424" z="128.100" r="0.460" parent="881"/>
   <Point id="952" x="259.800" y="56.887" z="59.474" r="0.460" parent="951"/>
   <Point id="98" x="268.762" y="17.212" z="141.625" r="0.460" parent="97"/>
   <Point id="120" x="265.887" y="10.712" z="118.125" r="0.460" parent="119"/>
   <Point id="181" x="241.350" y="-13.425" z="182.000" r="0.640" parent="180"/>
   <Point id="198" x="249.450" y="-2.025" z="188.375" r="0.640" parent="197"/>
   <Point id="288" x="248.750" y="-145.375" z="163.750" r="0.640" parent="287"/>
   <Point id="346" x="265.900" y="-99.462" z="115.750" r="0.460" parent="345"/>
   <Point id="372" x="259.437" y="-108.687" z="119.000" r="0.460" parent="371"/>
   <Point id="450" x="281.550" y="-87.362" z="59.625" r="0.460" parent="449"/>
   <Point id="483" x="266.212" y="-66.600" z="55.625" r="0.280" parent="482"/>
   <Point id="524" x="237.274" y="-158.925" z="130.875" r="0.460" parent="523"/>
   <Point id="599" x="258.475" y="-93.937" z="105.850" r="0.460" parent="598"/>
   <Point id="624" x="259.987" y="-81.400" z="138.475" r="0.460" parent="623"/>
   <Point id="676" x="252.862" y="-59.887" z="163.500" r="0.460" parent="675"/>
   <Point id="810" x="319.549" y="-27.762" z="19.700" r="0.460" parent="809"/>
   <Point id="883" x="254.225" y="23.825" z="127.475" r="0.460" parent="882"/>
   <Point id="953" x="260.025" y="56.887" z="59.474" r="0.460" parent="952"/>
   <Point id="99" x="272.875" y="13.850" z="142.750" r="0.460" parent="98"/>
   <Point id="121" x="265.912" y="10.487" z="118.125" r="0.460" parent="120"/>
   <Point id="182" x="245.524" y="-13.525" z="184.875" r="0.640" parent="181"/>
   <Point id="199" x="252.525" y="-0.899" z="189.375" r="0.640" parent="198"/>
   <Point id="289" x="248.812" y="-145.825" z="164.000" r="0.640" parent="288"/>
   <Point id="347" x="269.187" y="-99.962" z="117.000" r="0.460" parent="346"/>
   <Point id="373" x="264.175" y="-113.324" z="119.750" r="0.460" parent="372"/>
   <Point id="451" x="281.775" y="-87.362" z="59.875" r="0.460" parent="450"/>
   <Point id="525" x="240.500" y="-162.612" z="133.250" r="0.460" parent="524"/>
   <Point id="600" x="258.500" y="-94.162" z="105.850" r="0.460" parent="599"/>
   <Point id="625" x="261.712" y="-84.137" z="140.600" r="0.460" parent="624"/>
   <Point id="677" x="256.575" y="-60.112" z="164.875" r="0.460" parent="676"/>
   <Point id="811" x="319.775" y="-27.762" z="19.950" r="0.460" parent="810"/>
   <Point id="884" x="261.712" y="22.937" z="132.600" r="0.460" parent="883"/>
   <Point id="954" x="262.087" y="58.700" z="58.600" r="0.460" parent="953"/>
   <Point id="100" x="272.900" y="13.637" z="142.875" r="0.460" parent="99"/>
   <Point id="122" x="269.225" y="7.937" z="117.125" r="0.460" parent="121"/>
   <Point id="183" x="248.462" y="-14.700" z="186.625" r="0.640" parent="182"/>
   <Point id="200" x="253.562" y="-0.075" z="190.500" r="0.640" parent="199"/>
   <Point id="290" x="249.650" y="-146.837" z="164.375" r="0.640" parent="289"/>
   <Point id="348" x="269.425" y="-99.937" z="117.000" r="0.460" parent="347"/>
   <Point id="374" x="264.200" y="-113.550" z="119.750" r="0.460" parent="373"/>
   <Point id="452" x="284.750" y="-89.175" z="60.000" r="0.460" parent="451"/>
   <Point id="526" x="240.524" y="-162.837" z="133.125" r="0.460" parent="525"/>
   <Point id="601" x="262.600" y="-99.337" z="104.725" r="0.460" parent="600"/>
   <Point id="626" x="261.750" y="-84.362" z="141.350" r="0.460" parent="625"/>
   <Point id="678" x="256.812" y="-60.087" z="166.750" r="0.460" parent="677"/>
   <Point id="812" x="322.975" y="-28.675" z="22.075" r="0.460" parent="811"/>
   <Point id="885" x="266.025" y="19.837" z="133.100" r="0.460" parent="884"/>
   <Point id="955" x="262.087" y="58.925" z="58.600" r="0.460" parent="954"/>
   <Point id="101" x="277.750" y="13.550" z="149.750" r="0.460" parent="100"/>
   <Point id="123" x="269.450" y="7.975" z="117.000" r="0.460" parent="122"/>
   <Point id="184" x="248.500" y="-14.924" z="186.750" r="0.640" parent="183"/>
   <Point id="201" x="254.050" y="-0.237" z="190.750" r="0.640" parent="200"/>
   <Point id="291" x="252.399" y="-148.275" z="166.375" r="0.640" parent="290"/>
   <Point id="349" x="271.800" y="-100.550" z="118.125" r="0.460" parent="348"/>
   <Point id="375" x="266.687" y="-116.887" z="126.250" r="0.460" parent="374"/>
   <Point id="453" x="284.974" y="-89.175" z="60.250" r="0.460" parent="452"/>
   <Point id="527" x="243.187" y="-165.687" z="136.000" r="0.460" parent="526"/>
   <Point id="602" x="265.350" y="-102.862" z="112.850" r="0.460" parent="601"/>
   <Point id="627" x="264.662" y="-85.587" z="145.725" r="0.460" parent="626"/>
   <Point id="679" x="258.225" y="-62.175" z="170.375" r="0.460" parent="678"/>
   <Point id="813" x="323.212" y="-28.675" z="22.075" r="0.460" parent="812"/>
   <Point id="886" x="265.987" y="20.062" z="133.100" r="0.460" parent="885"/>
   <Point id="956" x="266.212" y="62.312" z="58.600" r="0.460" parent="955"/>
   <Point id="102" x="277.975" y="13.587" z="137.500" r="0.460" parent="101"/>
   <Point id="124" x="273.987" y="4.900" z="116.000" r="0.460" parent="123"/>
   <Point id="185" x="251.625" y="-17.450" z="186.875" r="0.640" parent="184"/>
   <Point id="202" x="257.337" y="-2.275" z="194.250" r="0.640" parent="201"/>
   <Point id="292" x="252.425" y="-148.500" z="166.250" r="0.640" parent="291"/>
   <Point id="350" x="272.025" y="-100.525" z="118.250" r="0.460" parent="349"/>
   <Point id="376" x="269.887" y="-120.350" z="130.500" r="0.460" parent="375"/>
   <Point id="454" x="289.562" y="-90.525" z="61.375" r="0.460" parent="453"/>
   <Point id="528" x="243.225" y="-165.912" z="136.125" r="0.460" parent="527"/>
   <Point id="603" x="268.800" y="-108.350" z="108.100" r="0.460" parent="602"/>
   <Point id="628" x="264.900" y="-85.562" z="145.850" r="0.460" parent="627"/>
   <Point id="680" x="258.250" y="-62.400" z="170.375" r="0.460" parent="679"/>
   <Point id="814" x="326.637" y="-31.375" z="15.700" r="0.460" parent="813"/>
   <Point id="887" x="270.650" y="19.737" z="136.100" r="0.460" parent="886"/>
   <Point id="957" x="266.212" y="62.537" z="58.600" r="0.460" parent="956"/>
   <Point id="103" x="281.675" y="13.587" z="139.875" r="0.460" parent="102"/>
   <Point id="125" x="274.012" y="4.675" z="116.375" r="0.460" parent="124"/>
   <Point id="186" x="251.662" y="-17.675" z="187.000" r="0.640" parent="185"/>
   <Point id="203" x="257.600" y="-2.462" z="194.875" r="0.640" parent="202"/>
   <Point id="293" x="253.812" y="-150.125" z="170.125" r="0.640" parent="292"/>
   <Point id="351" x="277.762" y="-100.262" z="118.625" r="0.460" parent="350"/>
   <Point id="377" x="272.400" y="-125.725" z="133.000" r="0.460" parent="376"/>
   <Point id="455" x="289.787" y="-90.525" z="61.625" r="0.460" parent="454"/>
   <Point id="529" x="244.637" y="-168.012" z="139.125" r="0.460" parent="528"/>
   <Point id="604" x="271.037" y="-113.300" z="108.100" r="0.460" parent="603"/>
   <Point id="629" x="266.937" y="-88.949" z="146.225" r="0.460" parent="628"/>
   <Point id="681" x="260.375" y="-64.637" z="171.375" r="0.460" parent="680"/>
   <Point id="815" x="329.162" y="-34.087" z="15.075" r="0.460" parent="814"/>
   <Point id="888" x="275.325" y="19.175" z="138.725" r="0.460" parent="887"/>
   <Point id="958" x="266.437" y="63.437" z="58.224" r="0.460" parent="957"/>
   <Point id="104" x="281.900" y="13.612" z="140.125" r="0.460" parent="103"/>
   <Point id="126" x="278.275" y="2.012" z="124.375" r="0.460" parent="125"/>
   <Point id="187" x="255.637" y="-19.612" z="187.000" r="0.640" parent="186"/>
   <Point id="204" x="260.212" y="-3.000" z="198.500" r="0.640" parent="203"/>
   <Point id="294" x="253.850" y="-150.350" z="170.750" r="0.640" parent="293"/>
   <Point id="352" x="281.424" y="-100.037" z="122.375" r="0.460" parent="351"/>
   <Point id="378" x="275.950" y="-128.237" z="139.250" r="0.460" parent="377"/>
   <Point id="456" x="293.912" y="-93.462" z="62.250" r="0.460" parent="455"/>
   <Point id="530" x="246.450" y="-169.600" z="145.625" r="0.460" parent="529"/>
   <Point id="605" x="272.987" y="-117.837" z="114.975" r="0.460" parent="604"/>
   <Point id="630" x="268.912" y="-91.887" z="157.475" r="0.460" parent="629"/>
   <Point id="682" x="261.700" y="-66.075" z="177.125" r="0.460" parent="681"/>
   <Point id="816" x="332.825" y="-38.375" z="15.200" r="0.460" parent="815"/>
   <Point id="889" x="281.350" y="17.200" z="146.475" r="0.460" parent="888"/>
   <Point id="959" x="268.837" y="63.512" z="57.850" r="0.280" parent="958"/>
   <Point id="105" x="284.937" y="13.312" z="142.000" r="0.460" parent="104"/>
   <Point id="127" x="278.299" y="1.787" z="124.500" r="0.460" parent="126"/>
   <Point id="188" x="255.862" y="-19.587" z="187.125" r="0.640" parent="187"/>
   <Point id="205" x="260.450" y="-2.974" z="199.375" r="0.640" parent="204"/>
   <Point id="295" x="257.399" y="-154.175" z="173.375" r="0.640" parent="294"/>
   <Point id="353" x="281.650" y="-100.000" z="122.625" r="0.460" parent="352"/>
   <Point id="379" x="277.762" y="-131.662" z="139.625" r="0.460" parent="378"/>
   <Point id="457" x="294.137" y="-93.462" z="62.250" r="0.460" parent="456"/>
   <Point id="531" x="249.424" y="-173.100" z="147.125" r="0.460" parent="530"/>
   <Point id="606" x="275.762" y="-117.950" z="117.975" r="0.460" parent="605"/>
   <Point id="631" x="272.000" y="-94.462" z="155.600" r="0.460" parent="630"/>
   <Point id="683" x="263.237" y="-67.250" z="176.500" r="0.460" parent="682"/>
   <Point id="817" x="332.587" y="-38.150" z="15.825" r="0.460" parent="816"/>
   <Point id="890" x="281.375" y="16.975" z="146.600" r="0.460" parent="889"/>
   <Point id="960" x="269.062" y="63.537" z="57.850" r="0.280" parent="959"/>
   <Point id="106" x="284.962" y="13.087" z="141.625" r="0.460" parent="105"/>
   <Point id="128" x="282.800" y="-1.062" z="125.000" r="0.460" parent="127"/>
   <Point id="189" x="255.825" y="-19.362" z="187.250" r="0.640" parent="188"/>
   <Point id="206" x="263.262" y="-1.662" z="200.000" r="0.640" parent="205"/>
   <Point id="296" x="257.649" y="-154.375" z="173.625" r="0.640" parent="295"/>
   <Point id="354" x="285.975" y="-99.462" z="123.750" r="0.460" parent="353"/>
   <Point id="380" x="277.787" y="-131.887" z="139.875" r="0.460" parent="379"/>
   <Point id="458" x="299.862" y="-95.725" z="64.750" r="0.460" parent="457"/>
   <Point id="532" x="251.212" y="-174.475" z="153.625" r="0.460" parent="531"/>
   <Point id="607" x="275.450" y="-120.950" z="118.475" r="0.460" parent="606"/>
   <Point id="632" x="272.025" y="-94.687" z="156.600" r="0.460" parent="631"/>
   <Point id="684" x="263.825" y="-68.312" z="176.500" r="0.460" parent="683"/>
   <Point id="891" x="286.962" y="14.712" z="148.600" r="0.460" parent="890"/>
   <Point id="961" x="270.537" y="64.625" z="58.099" r="0.280" parent="960"/>
   <Point id="107" x="287.175" y="12.000" z="149.000" r="0.460" parent="106"/>
   <Point id="129" x="284.725" y="-3.550" z="126.125" r="0.460" parent="128"/>
   <Point id="207" x="267.075" y="-2.487" z="203.250" r="0.640" parent="206"/>
   <Point id="297" x="258.875" y="-158.075" z="180.875" r="0.640" parent="296"/>
   <Point id="355" x="286.200" y="-99.437" z="124.000" r="0.460" parent="354"/>
   <Point id="381" x="279.712" y="-134.375" z="141.250" r="0.460" parent="380"/>
   <Point id="459" x="299.862" y="-95.950" z="64.750" r="0.460" parent="458"/>
   <Point id="533" x="250.975" y="-174.500" z="153.875" r="0.460" parent="532"/>
   <Point id="608" x="276.975" y="-123.937" z="127.100" r="0.460" parent="607"/>
   <Point id="633" x="275.512" y="-96.750" z="153.600" r="0.460" parent="632"/>
   <Point id="685" x="264.225" y="-68.287" z="176.475" r="0.640" parent="684"/>
   <Point id="892" x="287.187" y="14.737" z="148.850" r="0.460" parent="891"/>
   <Point id="962" x="270.762" y="64.662" z="57.850" r="0.280" parent="961"/>
   <Point id="108" x="287.200" y="11.775" z="149.375" r="0.460" parent="107"/>
   <Point id="130" x="286.287" y="-4.950" z="126.125" r="0.460" parent="129"/>
   <Point id="208" x="267.312" y="-2.462" z="203.750" r="0.640" parent="207"/>
   <Point id="298" x="258.987" y="-163.762" z="184.225" r="0.640" parent="297"/>
   <Point id="356" x="288.812" y="-98.200" z="124.375" r="0.460" parent="355"/>
   <Point id="382" x="280.700" y="-136.750" z="145.500" r="0.460" parent="381"/>
   <Point id="460" x="304.662" y="-99.112" z="54.250" r="0.460" parent="459"/>
   <Point id="534" x="249.212" y="-177.000" z="157.125" r="0.460" parent="533"/>
   <Point id="609" x="280.062" y="-126.512" z="130.725" r="0.460" parent="608"/>
   <Point id="634" x="279.000" y="-102.462" z="159.725" r="0.460" parent="633"/>
   <Point id="686" x="266.675" y="-70.550" z="176.475" r="0.640" parent="685"/>
   <Point id="893" x="291.050" y="13.400" z="153.475" r="0.460" parent="892"/>
   <Point id="963" x="271.937" y="66.399" z="63.849" r="0.280" parent="962"/>
   <Point id="109" x="291.250" y="8.862" z="150.000" r="0.460" parent="108"/>
   <Point id="131" x="286.312" y="-5.175" z="126.125" r="0.460" parent="130"/>
   <Point id="209" x="268.625" y="-3.637" z="206.250" r="0.640" parent="208"/>
   <Point id="299" x="260.037" y="-166.350" z="188.100" r="0.640" parent="298"/>
   <Point id="357" x="288.537" y="-95.962" z="124.500" r="0.460" parent="356"/>
   <Point id="383" x="281.849" y="-140.475" z="150.750" r="0.460" parent="382"/>
   <Point id="461" x="307.637" y="-101.362" z="64.625" r="0.460" parent="460"/>
   <Point id="535" x="249.250" y="-177.225" z="158.125" r="0.460" parent="534"/>
   <Point id="610" x="282.750" y="-129.587" z="133.475" r="0.460" parent="609"/>
   <Point id="635" x="281.887" y="-103.462" z="166.850" r="0.460" parent="634"/>
   <Point id="687" x="269.737" y="-72.625" z="178.725" r="0.640" parent="686"/>
   <Point id="894" x="295.912" y="9.462" z="154.725" r="0.460" parent="893"/>
   <Point id="964" x="275.025" y="67.462" z="64.225" r="0.280" parent="963"/>
   <Point id="110" x="295.425" y="6.887" z="154.000" r="0.460" parent="109"/>
   <Point id="132" x="286.887" y="-6.012" z="126.125" r="0.460" parent="131"/>
   <Point id="210" x="268.662" y="-3.862" z="206.625" r="0.640" parent="209"/>
   <Point id="300" x="262.037" y="-169.025" z="188.100" r="0.640" parent="299"/>
   <Point id="358" x="290.612" y="-92.287" z="126.250" r="0.460" parent="357"/>
   <Point id="384" x="282.900" y="-145.125" z="151.875" r="0.460" parent="383"/>
   <Point id="462" x="310.850" y="-103.850" z="52.750" r="0.460" parent="461"/>
   <Point id="536" x="249.162" y="-178.362" z="164.875" r="0.460" parent="535"/>
   <Point id="611" x="283.875" y="-133.087" z="133.350" r="0.460" parent="610"/>
   <Point id="636" x="281.912" y="-103.687" z="166.850" r="0.460" parent="635"/>
   <Point id="688" x="272.062" y="-74.350" z="185.600" r="0.640" parent="687"/>
   <Point id="895" x="299.437" y="7.162" z="159.850" r="0.460" parent="894"/>
   <Point id="965" x="280.425" y="66.775" z="65.725" r="0.280" parent="964"/>
   <Point id="111" x="299.087" y="5.287" z="156.500" r="0.460" parent="110"/>
   <Point id="211" x="268.625" y="-5.237" z="210.125" r="0.640" parent="210"/>
   <Point id="301" x="262.075" y="-169.250" z="188.225" r="0.640" parent="300"/>
   <Point id="359" x="290.837" y="-92.262" z="126.250" r="0.460" parent="358"/>
   <Point id="385" x="282.925" y="-145.350" z="151.875" r="0.460" parent="384"/>
   <Point id="463" x="316.112" y="-107.012" z="50.125" r="0.460" parent="462"/>
   <Point id="537" x="249.187" y="-178.587" z="165.125" r="0.460" parent="536"/>
   <Point id="612" x="283.687" y="-133.337" z="133.350" r="0.460" parent="611"/>
   <Point id="637" x="282.575" y="-103.375" z="165.975" r="0.460" parent="636"/>
   <Point id="689" x="274.287" y="-78.600" z="186.475" r="0.640" parent="688"/>
   <Point id="896" x="304.850" y="2.612" z="161.850" r="0.460" parent="895"/>
   <Point id="966" x="283.612" y="68.987" z="69.225" r="0.280" parent="965"/>
   <Point id="112" x="301.400" y="3.312" z="169.375" r="0.460" parent="111"/>
   <Point id="212" x="268.400" y="-5.262" z="210.375" r="0.640" parent="211"/>
   <Point id="302" x="262.850" y="-169.825" z="188.600" r="0.640" parent="301"/>
   <Point id="360" x="294.112" y="-87.074" z="126.250" r="0.460" parent="359"/>
   <Point id="386" x="283.387" y="-150.975" z="152.875" r="0.460" parent="385"/>
   <Point id="464" x="322.287" y="-108.812" z="50.125" r="0.460" parent="463"/>
   <Point id="538" x="249.100" y="-179.737" z="168.375" r="0.460" parent="537"/>
   <Point id="613" x="283.724" y="-137.437" z="133.350" r="0.460" parent="612"/>
   <Point id="690" x="275.562" y="-82.750" z="191.350" r="0.640" parent="689"/>
   <Point id="897" x="304.875" y="2.387" z="162.225" r="0.460" parent="896"/>
   <Point id="967" x="283.575" y="69.212" z="69.350" r="0.280" parent="966"/>
   <Point id="113" x="301.087" y="0.312" z="173.000" r="0.460" parent="112"/>
   <Point id="213" x="267.387" y="-6.324" z="211.375" r="0.640" parent="212"/>
   <Point id="361" x="294.087" y="-86.850" z="126.250" r="0.460" parent="360"/>
   <Point id="387" x="283.425" y="-151.200" z="152.875" r="0.460" parent="386"/>
   <Point id="465" x="322.525" y="-108.812" z="50.000" r="0.460" parent="464"/>
   <Point id="539" x="249.125" y="-179.962" z="168.375" r="0.460" parent="538"/>
   <Point id="614" x="283.500" y="-137.462" z="133.725" r="0.460" parent="613"/>
   <Point id="691" x="275.599" y="-82.975" z="191.475" r="0.640" parent="690"/>
   <Point id="898" x="307.674" y="0.237" z="163.600" r="0.460" parent="897"/>
   <Point id="968" x="286.900" y="70.312" z="72.100" r="0.280" parent="967"/>
   <Point id="114" x="301.175" y="-0.362" z="168.250" r="0.460" parent="113"/>
   <Point id="214" x="267.425" y="-6.550" z="211.500" r="0.640" parent="213"/>
   <Point id="362" x="294.537" y="-86.800" z="126.250" r="0.460" parent="361"/>
   <Point id="388" x="287.812" y="-156.800" z="153.000" r="0.460" parent="387"/>
   <Point id="466" x="326.412" y="-110.625" z="43.875" r="0.460" parent="465"/>
   <Point id="540" x="248.675" y="-180.025" z="174.500" r="0.460" parent="539"/>
   <Point id="692" x="276.775" y="-88.050" z="193.725" r="0.640" parent="691"/>
   <Point id="899" x="307.900" y="0.262" z="163.975" r="0.460" parent="898"/>
   <Point id="969" x="287.125" y="70.337" z="72.225" r="0.280" parent="968"/>
   <Point id="115" x="301.400" y="-0.337" z="168.250" r="0.460" parent="114"/>
   <Point id="215" x="267.137" y="-6.125" z="212.000" r="0.640" parent="214"/>
   <Point id="389" x="290.975" y="-163.675" z="153.125" r="0.460" parent="388"/>
   <Point id="467" x="330.075" y="-112.425" z="41.375" r="0.460" parent="466"/>
   <Point id="541" x="248.437" y="-180.049" z="174.625" r="0.460" parent="540"/>
   <Point id="693" x="276.812" y="-88.275" z="193.850" r="0.640" parent="692"/>
   <Point id="900" x="313.700" y="0.075" z="167.600" r="0.460" parent="899"/>
   <Point id="970" x="292.100" y="73.000" z="73.225" r="0.280" parent="969"/>
   <Point id="116" x="301.687" y="-0.750" z="167.750" r="0.640" parent="115"/>
   <Point id="390" x="295.512" y="-164.937" z="153.500" r="0.460" parent="389"/>
   <Point id="468" x="336.025" y="-115.362" z="38.250" r="0.460" parent="467"/>
   <Point id="542" x="246.337" y="-179.862" z="174.625" r="0.460" parent="541"/>
   <Point id="694" x="278.537" y="-92.362" z="198.350" r="0.640" parent="693"/>
   <Point id="901" x="313.950" y="-0.125" z="167.975" r="0.460" parent="900"/>
   <Point id="971" x="292.300" y="73.262" z="73.225" r="0.280" parent="970"/>
   <Point id="391" x="297.862" y="-165.325" z="153.500" r="0.460" parent="390"/>
   <Point id="469" x="338.775" y="-116.262" z="38.625" r="0.460" parent="468"/>
   <Point id="543" x="246.112" y="-179.887" z="174.750" r="0.460" parent="542"/>
   <Point id="695" x="280.012" y="-97.850" z="202.225" r="0.640" parent="694"/>
   <Point id="902" x="316.212" y="-3.487" z="174.725" r="0.460" parent="901"/>
   <Point id="972" x="296.787" y="76.087" z="74.225" r="0.280" parent="971"/>
   <Point id="392" x="299.037" y="-165.412" z="153.500" r="0.460" parent="391"/>
   <Point id="470" x="339.000" y="-116.262" z="38.625" r="0.460" parent="469"/>
   <Point id="544" x="243.875" y="-178.575" z="174.875" r="0.460" parent="543"/>
   <Point id="696" x="282.112" y="-101.199" z="204.225" r="0.640" parent="695"/>
   <Point id="903" x="318.600" y="-5.912" z="182.350" r="0.460" parent="902"/>
   <Point id="973" x="296.987" y="76.350" z="74.475" r="0.280" parent="972"/>
   <Point id="393" x="299.262" y="-165.375" z="153.500" r="0.460" parent="392"/>
   <Point id="471" x="339.462" y="-116.487" z="38.750" r="0.460" parent="470"/>
   <Point id="545" x="243.362" y="-178.174" z="175.000" r="0.460" parent="544"/>
   <Point id="697" x="285.112" y="-102.825" z="203.225" r="0.640" parent="696"/>
   <Point id="904" x="319.750" y="-7.812" z="186.225" r="0.460" parent="903"/>
   <Point id="974" x="299.637" y="77.362" z="74.600" r="0.280" parent="973"/>
   <Point id="394" x="299.687" y="-165.100" z="153.500" r="0.460" parent="393"/>
   <Point id="546" x="241.237" y="-175.937" z="175.125" r="0.460" parent="545"/>
   <Point id="698" x="285.137" y="-103.050" z="202.975" r="0.640" parent="697"/>
   <Point id="905" x="319.950" y="-7.562" z="185.225" r="0.460" parent="904"/>
   <Point id="975" x="300.087" y="77.412" z="74.600" r="0.280" parent="974"/>
   <Point id="547" x="241.212" y="-175.712" z="175.000" r="0.460" parent="546"/>
   <Point id="699" x="287.625" y="-105.887" z="200.600" r="0.640" parent="698"/>
   <Point id="976" x="303.287" y="75.762" z="74.850" r="0.280" parent="975"/>
   <Point id="700" x="287.662" y="-106.112" z="200.600" r="0.640" parent="699"/>
   <Point id="977" x="305.987" y="74.512" z="80.600" r="0.280" parent="976"/>
   <Point id="701" x="288.400" y="-108.062" z="204.475" r="0.640" parent="700"/>
   <Point id="978" x="305.762" y="74.475" z="80.725" r="0.280" parent="977"/>
   <Point id="702" x="288.425" y="-108.287" z="205.725" r="0.640" parent="701"/>
   <Point id="979" x="306.900" y="74.625" z="81.475" r="0.280" parent="978"/>
   <Point id="703" x="289.775" y="-111.287" z="209.725" r="0.640" parent="702"/>
   <Point id="980" x="307.575" y="74.712" z="81.475" r="0.280" parent="979"/>
   <Point id="704" x="289.812" y="-111.512" z="209.600" r="0.640" parent="703"/>
   <Point id="981" x="310.137" y="76.387" z="81.475" r="0.280" parent="980"/>
   <Point id="705" x="291.100" y="-114.062" z="209.850" r="0.640" parent="704"/>
   <Point id="982" x="310.100" y="76.612" z="81.475" r="0.280" parent="981"/>
   <Point id="706" x="291.325" y="-114.037" z="209.975" r="0.640" parent="705"/>
   <Point id="707" x="291.512" y="-116.975" z="210.100" r="0.640" parent="706"/>
   <Point id="715" x="292.575" y="-116.362" z="209.975" r="0.640" parent="706"/>
   <Point id="708" x="291.537" y="-117.200" z="210.100" r="0.640" parent="707"/>
   <Point id="716" x="294.512" y="-118.600" z="205.600" r="0.640" parent="715"/>
   <Point id="709" x="291.275" y="-120.199" z="213.100" r="0.640" parent="708"/>
   <Point id="717" x="296.775" y="-119.875" z="206.850" r="0.640" parent="716"/>
   <Point id="710" x="291.300" y="-120.425" z="213.350" r="0.640" parent="709"/>
   <Point id="718" x="297.000" y="-119.837" z="207.475" r="0.640" parent="717"/>
   <Point id="711" x="292.200" y="-123.487" z="215.475" r="0.640" parent="710"/>
   <Point id="719" x="299.812" y="-120.125" z="252.725" r="0.640" parent="718"/>
   <Point id="712" x="294.212" y="-132.775" z="217.725" r="0.640" parent="711"/>
   <Point id="720" x="300.075" y="-118.725" z="258.099" r="0.640" parent="719"/>
   <Point id="713" x="293.950" y="-132.587" z="217.725" r="0.640" parent="712"/>
   <Point id="721" x="299.750" y="-118.087" z="258.225" r="0.640" parent="720"/>
   <Point id="714" x="294.437" y="-132.750" z="217.850" r="0.640" parent="713"/>
   <Point id="722" x="295.750" y="-114.312" z="259.600" r="0.640" parent="721"/>
   <Point id="723" x="295.725" y="-114.100" z="259.600" r="0.640" parent="722"/>
   <Point id="724" x="294.987" y="-110.550" z="261.849" r="0.640" parent="723"/>
   <Point id="725" x="295.150" y="-110.075" z="261.975" r="0.640" parent="724"/>
   <Point id="726" x="296.912" y="-106.175" z="263.099" r="0.640" parent="725"/>
   <Point id="727" x="297.112" y="-105.912" z="263.099" r="0.640" parent="726"/>
   <Point id="728" x="298.837" y="-101.800" z="263.850" r="0.640" parent="727"/>
   <Point id="729" x="298.800" y="-101.575" z="263.850" r="0.640" parent="728"/>
   <Point id="730" x="298.487" y="-100.937" z="263.850" r="0.640" parent="729"/>
</CellMorphology>

