<CellMorphology id="Nigra24a953">
   <Point id="1" x="-17.420" y="10.960" z="-1.950" label="soma" r="9.915"/>
   <Point id="2" x="-17.750" y="11.650" z="-1.980" r="9.765" label="soma" parent="1"/>
   <Point id="568" x="-16.800" y="10.410" z="-1.910" r="9.740" label="soma" parent="1"/>
   <Point id="3" x="-18.230" y="12.240" z="-2.020" r="9.640" label="soma" parent="2"/>
   <Point id="569" x="-16.360" y="9.800" z="-1.870" r="9.615" label="soma" parent="568"/>
   <Point id="4" x="-18.560" y="12.920" z="-2.050" r="9.690" label="soma" parent="3"/>
   <Point id="570" x="-15.850" y="9.230" z="-1.840" r="9.570" label="soma" parent="569"/>
   <Point id="5" x="-19.030" y="13.500" z="-2.090" r="9.835" label="soma" parent="4"/>
   <Point id="571" x="-15.380" y="8.630" z="-1.800" r="9.610" label="soma" parent="570"/>
   <Point id="6" x="-19.340" y="14.180" z="-2.120" r="9.800" label="soma" parent="5"/>
   <Point id="572" x="-14.850" y="8.020" z="-1.770" r="9.600" label="soma" parent="571"/>
   <Point id="7" x="-19.600" y="14.870" z="-2.160" r="9.585" label="soma" parent="6"/>
   <Point id="573" x="-14.310" y="7.500" z="-1.730" r="9.565" label="soma" parent="572"/>
   <Point id="8" x="-19.880" y="15.570" z="-2.190" r="9.530" label="soma" parent="7"/>
   <Point id="574" x="-13.740" y="7.020" z="-1.700" r="9.450" label="soma" parent="573"/>
   <Point id="9" x="-20.240" y="16.240" z="-2.230" r="9.550" label="soma" parent="8"/>
   <Point id="575" x="-13.250" y="6.440" z="-1.660" r="9.390" label="soma" parent="574"/>
   <Point id="10" x="-20.420" y="16.850" z="-2.260" r="9.070" label="soma" parent="9"/>
   <Point id="576" x="-12.530" y="5.870" z="-1.620" r="9.175" label="soma" parent="575"/>
   <Point id="11" x="-20.670" y="17.480" z="-2.290" r="8.765" label="soma" parent="10"/>
   <Point id="577" x="-11.990" y="5.360" z="-1.590" r="9.115" label="soma" parent="576"/>
   <Point id="12" x="-20.780" y="18.200" z="-2.320" r="8.640" label="soma" parent="11"/>
   <Point id="578" x="-11.580" y="4.760" z="-1.560" r="8.905" label="soma" parent="577"/>
   <Point id="13" x="-21.210" y="18.800" z="-2.360" r="8.390" label="soma" parent="12"/>
   <Point id="579" x="-11.150" y="4.140" z="-1.520" r="8.850" label="soma" parent="578"/>
   <Point id="14" x="-21.420" y="19.370" z="-2.380" r="7.950" label="soma" parent="13"/>
   <Point id="580" x="-10.760" y="3.530" z="-1.490" r="8.550" label="soma" parent="579"/>
   <Point id="15" x="-21.730" y="19.950" z="-2.410" r="7.580" label="soma" parent="14"/>
   <Point id="581" x="-9.720" y="3.070" z="-1.440" r="8.190" label="soma" parent="580"/>
   <Point id="16" x="-21.960" y="21.040" z="-2.460" r="6.775" label="soma" parent="15"/>
   <Point id="582" x="-9.270" y="2.530" z="-1.410" r="7.910" label="soma" parent="581"/>
   <Point id="17" x="-22.190" y="21.630" z="-2.490" r="6.375" label="soma" parent="16"/>
   <Point id="583" x="-8.820" y="2.000" z="-1.380" r="7.635" label="soma" parent="582"/>
   <Point id="18" x="-22.340" y="22.710" z="-2.540" r="5.755" label="soma" parent="17"/>
   <Point id="584" x="-8.340" y="1.280" z="-1.340" r="7.480" label="soma" parent="583"/>
   <Point id="19" x="-22.710" y="23.360" z="-2.580" r="5.590" label="soma" parent="18"/>
   <Point id="585" x="-7.870" y="0.780" z="-1.300" r="7.195" label="soma" parent="584"/>
   <Point id="20" x="-22.930" y="24.220" z="-2.620" r="5.140" label="soma" parent="19"/>
   <Point id="586" x="-7.640" y="0.069" z="-1.270" r="7.220" label="soma" parent="585"/>
   <Point id="21" x="-23.180" y="24.910" z="-2.650" r="5.010" label="soma" parent="20"/>
   <Point id="587" x="-7.000" y="-0.280" z="-1.240" r="6.890" label="soma" parent="586"/>
   <Point id="22" x="-23.480" y="25.670" z="-2.690" r="4.890" label="soma" parent="21"/>
   <Point id="588" x="-6.490" y="-0.870" z="-1.200" r="6.720" label="soma" parent="587"/>
   <Point id="23" x="-23.920" y="26.280" z="-2.720" r="4.725" label="soma" parent="22"/>
   <Point id="589" x="-6.470" y="-1.790" z="-1.170" r="5.905" label="soma" parent="588"/>
   <Point id="24" x="-24.330" y="26.910" z="-2.760" r="4.680" label="soma" parent="23"/>
   <Point id="590" x="-5.690" y="-2.310" z="-1.130" r="5.385" label="soma" parent="589"/>
   <Point id="25" x="-24.690" y="27.560" z="-2.790" r="4.760" label="soma" parent="24"/>
   <Point id="591" x="-4.810" y="-3.350" z="-1.060" r="2.975" label="soma" parent="590"/>
   <Point id="26" x="-25.170" y="28.140" z="-2.830" r="4.840" label="soma" parent="25"/>
   <Point id="592" x="-5.280" y="-4.520" z="-1.030" r="1.500" label="soma" parent="591"/>
   <Point id="27" x="-25.560" y="28.760" z="-2.860" r="4.755" label="soma" parent="26"/>
   <Point id="593" x="-5.120" y="-4.900" z="-1.010" r="1.500" label="soma" parent="592"/>
   <Point id="28" x="-25.840" y="29.480" z="-2.900" r="4.525" label="soma" parent="27"/>
   <Point id="594" x="-4.980" y="-5.150" z="-1.000" r="1.500" label="soma" parent="593"/>
   <Point id="29" x="-26.420" y="30.030" z="-2.940" r="4.530" label="soma" parent="28"/>
   <Point id="595" x="-0.190" y="-5.980" z="-1.000" r="0.920" parent="594"/>
   <Point id="784" x="-4.980" y="-8.800" z="-1.000" r="1.110" parent="594"/>
   <Point id="1048" x="-5.720" y="-5.480" z="0.000" r="1.110" parent="594"/>
   <Point id="30" x="-26.800" y="30.670" z="-2.970" r="4.450" label="soma" parent="29"/>
   <Point id="596" x="3.140" y="-6.650" z="-1.000" r="0.920" parent="595"/>
   <Point id="785" x="-5.350" y="-11.130" z="-1.000" r="0.920" parent="784"/>
   <Point id="1049" x="-6.820" y="-5.810" z="0.000" r="0.920" parent="1048"/>
   <Point id="31" x="-27.000" y="31.270" z="-3.000" r="4.285" label="soma" parent="30"/>
   <Point id="597" x="6.830" y="-7.150" z="-1.000" r="0.920" parent="596"/>
   <Point id="786" x="-6.270" y="-14.280" z="-1.000" r="0.920" parent="785"/>
   <Point id="1050" x="-8.300" y="-6.310" z="0.400" r="0.740" parent="1049"/>
   <Point id="32" x="-26.870" y="32.020" z="-3.030" r="4.085" label="soma" parent="31"/>
   <Point id="598" x="11.250" y="-7.150" z="-1.000" r="0.920" parent="597"/>
   <Point id="787" x="-7.200" y="-16.440" z="-1.000" r="0.920" parent="786"/>
   <Point id="1051" x="-10.140" y="-6.810" z="0.400" r="0.920" parent="1050"/>
   <Point id="33" x="-27.570" y="31.970" z="-3.040" r="2.855" label="soma" parent="32"/>
   <Point id="599" x="15.680" y="-6.810" z="-0.600" r="0.740" parent="598"/>
   <Point id="788" x="-7.750" y="-18.440" z="-1.000" r="0.920" parent="787"/>
   <Point id="1052" x="-11.810" y="-7.640" z="0.400" r="0.920" parent="1051"/>
   <Point id="34" x="-27.880" y="32.900" z="-3.090" r="3.230" label="soma" parent="33"/>
   <Point id="600" x="18.820" y="-5.980" z="-0.600" r="0.740" parent="599"/>
   <Point id="789" x="-8.670" y="-20.430" z="-1.000" r="0.920" parent="788"/>
   <Point id="1053" x="-13.280" y="-8.470" z="0.400" r="0.920" parent="1052"/>
   <Point id="35" x="-27.910" y="33.600" z="-3.120" r="3.000" label="soma" parent="34"/>
   <Point id="601" x="21.400" y="-5.490" z="-0.600" r="0.550" parent="600"/>
   <Point id="790" x="-9.910" y="-22.990" z="-1.600" r="0.920" parent="789"/>
   <Point id="1054" x="-14.570" y="-9.470" z="0.600" r="0.920" parent="1053"/>
   <Point id="36" x="-27.380" y="34.780" z="-3.150" r="2.825" label="soma" parent="35"/>
   <Point id="602" x="23.620" y="-4.160" z="-0.600" r="0.550" parent="601"/>
   <Point id="791" x="-11.200" y="-26.150" z="-1.600" r="0.920" parent="790"/>
   <Point id="1055" x="-16.420" y="-10.960" z="0.400" r="0.920" parent="1054"/>
   <Point id="37" x="-27.550" y="35.280" z="-3.180" r="2.650" label="soma" label="soma" parent="36"/>
   <Point id="603" x="25.460" y="-3.820" z="-0.600" r="0.550" parent="602"/>
   <Point id="792" x="-13.520" y="-31.100" z="-1.600" r="0.920" parent="791"/>
   <Point id="1056" x="-18.080" y="-12.290" z="0.600" r="0.920" parent="1055"/>
   <Point id="38" x="-28.780" y="35.050" z="-3.200" r="2.500" label="soma" parent="37"/>
   <Point id="604" x="28.970" y="-3.660" z="-0.600" r="0.550" parent="603"/>
   <Point id="793" x="-14.450" y="-33.260" z="-1.600" r="0.920" parent="792"/>
   <Point id="1057" x="-20.110" y="-13.620" z="0.600" r="0.920" parent="1056"/>
   <Point id="39" x="-29.150" y="37.540" z="-3.200" r="2.400" parent="38"/>
   <Point id="605" x="31.360" y="-2.990" z="-0.600" r="0.550" parent="604"/>
   <Point id="794" x="-15.550" y="-35.250" z="-1.600" r="1.290" parent="793"/>
   <Point id="1058" x="-21.580" y="-14.620" z="1.000" r="0.920" parent="1057"/>
   <Point id="40" x="-29.340" y="38.870" z="-3.200" r="2.580" parent="39"/>
   <Point id="606" x="34.320" y="-1.830" z="-0.600" r="0.550" parent="605"/>
   <Point id="795" x="-15.740" y="-37.410" z="-2.600" r="0.740" parent="794"/>
   <Point id="848" x="-17.080" y="-36.300" z="-4.000" r="0.920" parent="794"/>
   <Point id="1059" x="-23.430" y="-15.780" z="1.200" r="0.920" parent="1058"/>
   <Point id="41" x="-29.710" y="41.030" z="-3.200" r="2.210" parent="40"/>
   <Point id="607" x="37.820" y="-1.000" z="-0.600" r="0.550" parent="606"/>
   <Point id="796" x="-15.920" y="-39.240" z="-2.600" r="0.740" parent="795"/>
   <Point id="849" x="-17.820" y="-37.460" z="-3.400" r="0.920" parent="848"/>
   <Point id="1060" x="-24.900" y="-17.610" z="0.200" r="0.920" parent="1059"/>
   <Point id="42" x="-29.890" y="43.190" z="-3.200" r="2.210" parent="41"/>
   <Point id="608" x="39.480" y="0.160" z="-0.600" r="0.550" parent="607"/>
   <Point id="797" x="-16.840" y="-41.230" z="-2.600" r="0.740" parent="796"/>
   <Point id="850" x="-15.600" y="-38.630" z="-3.200" r="0.740" parent="849"/>
   <Point id="980" x="-20.120" y="-37.170" z="-4.000" r="0.550" parent="849"/>
   <Point id="1061" x="-27.300" y="-17.940" z="0.200" r="0.920" parent="1060"/>
   <Point id="43" x="-29.890" y="45.010" z="-3.200" r="2.210" parent="42"/>
   <Point id="609" x="42.070" y="1.490" z="-0.600" r="0.550" parent="608"/>
   <Point id="798" x="-17.210" y="-43.060" z="-2.600" r="0.550" parent="797"/>
   <Point id="851" x="-14.130" y="-40.120" z="-3.200" r="0.740" parent="850"/>
   <Point id="981" x="-21.590" y="-36.670" z="-4.600" r="0.550" parent="980"/>
   <Point id="1062" x="-28.410" y="-20.760" z="-0.200" r="0.920" parent="1061"/>
   <Point id="44" x="-30.630" y="47.170" z="-3.200" r="1.850" parent="43"/>
   <Point id="610" x="44.280" y="1.490" z="-0.600" r="0.550" parent="609"/>
   <Point id="799" x="-17.210" y="-45.050" z="-2.600" r="0.550" parent="798"/>
   <Point id="852" x="-12.830" y="-40.620" z="-4.200" r="0.740" parent="851"/>
   <Point id="982" x="-23.620" y="-35.840" z="-5.800" r="0.550" parent="981"/>
   <Point id="1063" x="-28.960" y="-23.260" z="-0.200" r="0.920" parent="1062"/>
   <Point id="45" x="-31.000" y="49.500" z="-3.200" r="2.030" parent="44"/>
   <Point id="611" x="46.350" y="1.700" z="-0.800" r="0.550" parent="610"/>
   <Point id="800" x="-17.950" y="-46.710" z="-2.600" r="0.550" parent="799"/>
   <Point id="853" x="-11.360" y="-41.950" z="-4.400" r="0.740" parent="852"/>
   <Point id="983" x="-25.100" y="-36.510" z="-5.800" r="0.550" parent="982"/>
   <Point id="1064" x="-29.330" y="-25.580" z="-2.200" r="0.920" parent="1063"/>
   <Point id="46" x="-31.000" y="52.160" z="-3.200" r="2.030" parent="45"/>
   <Point id="612" x="48.200" y="2.530" z="-0.800" r="0.920" parent="611"/>
   <Point id="801" x="-17.950" y="-48.870" z="-2.600" r="0.550" parent="800"/>
   <Point id="854" x="-11.360" y="-43.440" z="-5.000" r="0.740" parent="853"/>
   <Point id="984" x="-27.130" y="-37.000" z="-5.800" r="0.550" parent="983"/>
   <Point id="1065" x="-29.150" y="-28.410" z="-2.200" r="1.110" parent="1064"/>
   <Point id="47" x="-31.370" y="54.480" z="-3.200" r="2.030" parent="46"/>
   <Point id="613" x="48.570" y="2.860" z="-1.000" r="1.110" parent="612"/>
   <Point id="802" x="-17.400" y="-50.700" z="-2.600" r="0.550" parent="801"/>
   <Point id="855" x="-10.810" y="-45.270" z="-5.000" r="0.740" parent="854"/>
   <Point id="985" x="-29.340" y="-37.170" z="-5.800" r="0.550" parent="984"/>
   <Point id="1066" x="-30.260" y="-30.730" z="-2.200" r="0.920" parent="1065"/>
   <Point id="48" x="-31.370" y="56.970" z="-3.200" r="2.030" parent="47"/>
   <Point id="614" x="49.670" y="3.690" z="-1.000" r="1.480" parent="613"/>
   <Point id="803" x="-18.060" y="-52.800" z="-1.800" r="0.920" parent="802"/>
   <Point id="856" x="-9.140" y="-46.760" z="-5.800" r="0.740" parent="855"/>
   <Point id="986" x="-31.000" y="-37.340" z="-6.000" r="0.740" parent="985"/>
   <Point id="1067" x="-30.810" y="-33.220" z="-2.200" r="0.920" parent="1066"/>
   <Point id="49" x="-31.550" y="58.970" z="-3.200" r="2.030" parent="48"/>
   <Point id="615" x="51.330" y="5.350" z="-1.000" r="1.480" parent="614"/>
   <Point id="804" x="-16.950" y="-54.620" z="-1.800" r="0.550" parent="803"/>
   <Point id="857" x="-7.480" y="-47.760" z="-7.200" r="0.740" parent="856"/>
   <Point id="987" x="-33.030" y="-37.340" z="-6.000" r="0.740" parent="986"/>
   <Point id="1068" x="-31.920" y="-35.710" z="-2.200" r="0.920" parent="1067"/>
   <Point id="50" x="-31.430" y="61.490" z="-3.200" r="2.210" parent="49"/>
   <Point id="805" x="-16.400" y="-56.950" z="-1.800" r="0.550" parent="804"/>
   <Point id="858" x="-6.190" y="-49.260" z="-7.200" r="0.920" parent="857"/>
   <Point id="988" x="-35.250" y="-36.170" z="-6.000" r="0.550" parent="987"/>
   <Point id="1069" x="-33.210" y="-38.210" z="-2.200" r="0.740" parent="1068"/>
   <Point id="51" x="-30.870" y="64.650" z="-3.200" r="2.030" parent="50"/>
   <Point id="806" x="-15.470" y="-59.770" z="-1.800" r="0.550" parent="805"/>
   <Point id="859" x="-5.640" y="-51.250" z="-8.000" r="0.920" parent="858"/>
   <Point id="989" x="-36.350" y="-37.170" z="-6.000" r="0.550" parent="988"/>
   <Point id="1070" x="-34.870" y="-40.370" z="-1.600" r="0.740" parent="1069"/>
   <Point id="52" x="-30.870" y="67.310" z="-3.200" r="2.030" parent="51"/>
   <Point id="807" x="-15.100" y="-61.270" z="-1.800" r="0.550" parent="806"/>
   <Point id="860" x="-4.350" y="-53.740" z="-7.600" r="1.110" parent="859"/>
   <Point id="990" x="-38.750" y="-38.170" z="-6.000" r="0.550" parent="989"/>
   <Point id="1071" x="-35.970" y="-42.190" z="-1.600" r="0.740" parent="1070"/>
   <Point id="53" x="-30.510" y="70.130" z="-4.400" r="1.660" parent="52"/>
   <Point id="808" x="-14.000" y="-62.930" z="-1.800" r="0.740" parent="807"/>
   <Point id="861" x="-3.610" y="-56.070" z="-9.000" r="0.740" parent="860"/>
   <Point id="991" x="-40.600" y="-39.000" z="-5.400" r="0.550" parent="990"/>
   <Point id="1072" x="-37.820" y="-44.680" z="-1.600" r="0.740" parent="1071"/>
   <Point id="54" x="-30.510" y="71.630" z="-4.400" r="1.480" parent="53"/>
   <Point id="809" x="-13.070" y="-65.420" z="-1.800" r="0.740" parent="808"/>
   <Point id="862" x="-5.450" y="-58.060" z="-9.000" r="0.740" parent="861"/>
   <Point id="992" x="-42.260" y="-38.670" z="-5.400" r="0.550" parent="991"/>
   <Point id="1073" x="-39.850" y="-47.010" z="-1.600" r="0.920" parent="1072"/>
   <Point id="55" x="-30.140" y="74.120" z="-4.400" r="1.480" parent="54"/>
   <Point id="810" x="-11.780" y="-67.410" z="-1.800" r="0.550" parent="809"/>
   <Point id="863" x="-5.820" y="-59.890" z="-9.000" r="0.740" parent="862"/>
   <Point id="993" x="-43.920" y="-39.830" z="-5.400" r="0.370" parent="992"/>
   <Point id="1074" x="-41.330" y="-48.840" z="-1.600" r="0.740" parent="1073"/>
   <Point id="56" x="-30.140" y="75.280" z="-4.400" r="1.660" parent="55"/>
   <Point id="811" x="-9.940" y="-69.410" z="-1.800" r="0.550" parent="810"/>
   <Point id="864" x="-4.350" y="-62.380" z="-9.000" r="0.740" parent="863"/>
   <Point id="994" x="-44.660" y="-40.490" z="-5.400" r="0.370" parent="993"/>
   <Point id="1075" x="-43.170" y="-51.000" z="-1.600" r="0.920" parent="1074"/>
   <Point id="57" x="-29.770" y="77.770" z="-5.200" r="1.660" parent="56"/>
   <Point id="812" x="-4.960" y="-73.060" z="-1.800" r="0.550" parent="811"/>
   <Point id="865" x="-3.980" y="-63.870" z="-9.000" r="0.740" parent="864"/>
   <Point id="995" x="-46.500" y="-41.160" z="-6.200" r="0.370" parent="994"/>
   <Point id="1076" x="-45.020" y="-52.660" z="-1.600" r="0.740" parent="1075"/>
   <Point id="58" x="-28.480" y="80.100" z="-5.200" r="1.660" parent="57"/>
   <Point id="813" x="-2.370" y="-74.890" z="-1.000" r="0.550" parent="812"/>
   <Point id="866" x="-3.790" y="-65.700" z="-9.000" r="0.740" parent="865"/>
   <Point id="996" x="-47.980" y="-42.150" z="-7.200" r="0.370" parent="995"/>
   <Point id="1077" x="-46.860" y="-54.650" z="-1.600" r="0.740" parent="1076"/>
   <Point id="59" x="-27.180" y="82.090" z="-6.200" r="1.660" parent="58"/>
   <Point id="814" x="-0.160" y="-75.550" z="0.200" r="0.550" parent="813"/>
   <Point id="867" x="-2.610" y="-67.960" z="-9.000" r="0.550" parent="866"/>
   <Point id="997" x="-49.820" y="-43.480" z="-8.200" r="0.370" parent="996"/>
   <Point id="1078" x="-48.150" y="-56.310" z="-1.600" r="0.740" parent="1077"/>
   <Point id="60" x="-26.820" y="84.750" z="-6.200" r="1.850" parent="59"/>
   <Point id="815" x="2.240" y="-77.220" z="0.200" r="0.550" parent="814"/>
   <Point id="868" x="-1.130" y="-70.620" z="-9.000" r="0.550" parent="867"/>
   <Point id="998" x="-51.670" y="-44.650" z="-7.600" r="0.370" parent="997"/>
   <Point id="1079" x="-50.000" y="-58.140" z="-1.600" r="0.740" parent="1078"/>
   <Point id="61" x="-25.390" y="87.650" z="-5.400" r="1.850" parent="60"/>
   <Point id="816" x="5.190" y="-78.380" z="0.200" r="0.550" parent="815"/>
   <Point id="869" x="0.160" y="-73.280" z="-7.600" r="0.740" parent="868"/>
   <Point id="999" x="-53.510" y="-45.480" z="-8.000" r="0.370" parent="998"/>
   <Point id="1080" x="-53.030" y="-60.330" z="-2.200" r="0.740" parent="1079"/>
   <Point id="62" x="-25.940" y="90.970" z="-5.600" r="0.740" parent="61"/>
   <Point id="81" x="-22.620" y="89.970" z="-5.400" r="1.110" parent="61"/>
   <Point id="817" x="7.040" y="-79.210" z="0.200" r="0.550" parent="816"/>
   <Point id="870" x="1.450" y="-75.440" z="-7.600" r="0.920" parent="869"/>
   <Point id="1000" x="-56.090" y="-45.640" z="-8.000" r="0.370" parent="999"/>
   <Point id="1081" x="-55.250" y="-62.330" z="-2.200" r="0.740" parent="1080"/>
   <Point id="63" x="-25.940" y="92.960" z="-6.200" r="0.550" parent="62"/>
   <Point id="82" x="-20.960" y="91.800" z="-5.400" r="1.110" parent="81"/>
   <Point id="818" x="9.990" y="-79.710" z="0.200" r="0.550" parent="817"/>
   <Point id="871" x="3.660" y="-77.430" z="-7.800" r="0.740" parent="870"/>
   <Point id="1001" x="-58.680" y="-46.810" z="-8.000" r="0.370" parent="1000"/>
   <Point id="1082" x="-57.650" y="-64.490" z="-2.200" r="0.740" parent="1081"/>
   <Point id="64" x="-25.750" y="94.460" z="-5.800" r="0.550" parent="63"/>
   <Point id="83" x="-19.110" y="94.290" z="-5.400" r="1.110" parent="82"/>
   <Point id="819" x="12.760" y="-80.700" z="0.200" r="0.550" parent="818"/>
   <Point id="872" x="5.140" y="-79.590" z="-7.800" r="0.740" parent="871"/>
   <Point id="1002" x="-60.150" y="-47.300" z="-9.200" r="0.370" parent="1001"/>
   <Point id="1083" x="-60.410" y="-66.980" z="-2.200" r="0.740" parent="1082"/>
   <Point id="65" x="-25.750" y="96.780" z="-5.800" r="0.550" parent="64"/>
   <Point id="84" x="-16.900" y="96.620" z="-5.400" r="1.110" parent="83"/>
   <Point id="820" x="16.200" y="-81.630" z="0.200" r="0.550" parent="819"/>
   <Point id="873" x="5.880" y="-81.750" z="-8.000" r="0.740" parent="872"/>
   <Point id="1003" x="-62.740" y="-48.630" z="-9.200" r="0.370" parent="1002"/>
   <Point id="1084" x="-64.100" y="-69.800" z="-2.200" r="0.740" parent="1083"/>
   <Point id="66" x="-25.750" y="98.940" z="-5.200" r="0.550" parent="65"/>
   <Point id="85" x="-14.680" y="98.940" z="-5.400" r="1.110" parent="84"/>
   <Point id="821" x="20.260" y="-82.960" z="0.000" r="0.740" parent="820"/>
   <Point id="874" x="6.980" y="-84.080" z="-9.200" r="0.740" parent="873"/>
   <Point id="1004" x="-64.950" y="-49.460" z="-10.000" r="0.370" parent="1003"/>
   <Point id="1085" x="-66.500" y="-72.460" z="-2.800" r="0.740" parent="1084"/>
   <Point id="67" x="-26.120" y="101.100" z="-5.200" r="0.550" parent="66"/>
   <Point id="86" x="-11.730" y="100.300" z="-6.600" r="1.110" parent="85"/>
   <Point id="822" x="22.850" y="-84.130" z="-0.200" r="0.550" parent="821"/>
   <Point id="875" x="7.540" y="-87.400" z="-9.200" r="0.740" parent="874"/>
   <Point id="1005" x="-68.090" y="-50.130" z="-10.000" r="0.370" parent="1004"/>
   <Point id="1086" x="-70.010" y="-75.450" z="-2.800" r="0.740" parent="1085"/>
   <Point id="68" x="-26.860" y="103.800" z="-5.200" r="0.550" parent="67"/>
   <Point id="87" x="-8.780" y="101.900" z="-6.200" r="1.110" parent="86"/>
   <Point id="823" x="25.430" y="-85.790" z="-0.200" r="0.550" parent="822"/>
   <Point id="876" x="7.720" y="-89.890" z="-9.000" r="0.740" parent="875"/>
   <Point id="1006" x="-69.930" y="-50.290" z="-10.000" r="0.370" parent="1005"/>
   <Point id="1087" x="-72.410" y="-77.940" z="-3.600" r="0.740" parent="1086"/>
   <Point id="69" x="-27.600" y="106.300" z="-5.200" r="0.550" parent="68"/>
   <Point id="88" x="-5.830" y="103.600" z="-7.600" r="1.110" parent="87"/>
   <Point id="824" x="27.640" y="-86.950" z="-0.200" r="0.550" parent="823"/>
   <Point id="877" x="8.640" y="-92.550" z="-9.000" r="0.550" parent="876"/>
   <Point id="1007" x="-71.780" y="-50.960" z="-10.200" r="0.370" parent="1006"/>
   <Point id="1088" x="-74.810" y="-80.760" z="-3.600" r="0.920" parent="1087"/>
   <Point id="70" x="-28.150" y="108.200" z="-4.600" r="0.550" parent="69"/>
   <Point id="89" x="-2.880" y="104.600" z="-8.000" r="1.110" parent="88"/>
   <Point id="825" x="29.860" y="-87.280" z="-0.200" r="0.550" parent="824"/>
   <Point id="878" x="9.570" y="-94.870" z="-10.600" r="0.550" parent="877"/>
   <Point id="1008" x="-73.560" y="-52.170" z="-9.200" r="0.550" parent="1007"/>
   <Point id="1089" x="-77.570" y="-82.920" z="-3.600" r="0.740" parent="1088"/>
   <Point id="71" x="-29.630" y="110.400" z="-4.600" r="0.370" parent="70"/>
   <Point id="90" x="-0.290" y="105.900" z="-8.000" r="1.290" parent="89"/>
   <Point id="826" x="32.810" y="-87.450" z="-0.200" r="0.550" parent="825"/>
   <Point id="879" x="9.940" y="-97.030" z="-10.600" r="0.550" parent="878"/>
   <Point id="1009" x="-75.780" y="-53.990" z="-9.200" r="0.550" parent="1008"/>
   <Point id="1090" x="-79.970" y="-85.580" z="-4.200" r="0.740" parent="1089"/>
   <Point id="72" x="-30.180" y="111.600" z="-4.600" r="0.370" parent="71"/>
   <Point id="91" x="0.440" y="109.200" z="-8.000" r="0.920" parent="90"/>
   <Point id="380" x="3.090" y="107.500" z="-7.600" r="0.920" parent="90"/>
   <Point id="827" x="35.020" y="-87.120" z="-0.200" r="0.550" parent="826"/>
   <Point id="880" x="9.980" y="-100.300" z="-9.800" r="0.550" parent="879"/>
   <Point id="1010" x="-77.070" y="-55.160" z="-9.000" r="0.550" parent="1009"/>
   <Point id="1091" x="-82.550" y="-88.240" z="-5.000" r="0.740" parent="1090"/>
   <Point id="73" x="-30.740" y="113.900" z="-3.800" r="0.370" parent="72"/>
   <Point id="92" x="1.180" y="111.400" z="-8.000" r="0.920" parent="91"/>
   <Point id="381" x="5.310" y="108.800" z="-7.600" r="0.920" parent="380"/>
   <Point id="828" x="37.610" y="-86.780" z="-0.200" r="0.550" parent="827"/>
   <Point id="881" x="9.980" y="-104.300" z="-9.800" r="0.550" parent="880"/>
   <Point id="1011" x="-77.990" y="-57.150" z="-7.800" r="0.550" parent="1010"/>
   <Point id="1092" x="-84.340" y="-91.100" z="-4.200" r="0.740" parent="1091"/>
   <Point id="74" x="-32.210" y="116.200" z="-3.800" r="0.370" parent="73"/>
   <Point id="93" x="1.550" y="113.600" z="-8.000" r="0.740" parent="92"/>
   <Point id="382" x="6.780" y="110.300" z="-7.600" r="0.920" parent="381"/>
   <Point id="829" x="40.740" y="-87.280" z="-0.200" r="0.550" parent="828"/>
   <Point id="882" x="10.350" y="-107.100" z="-11.000" r="0.550" parent="881"/>
   <Point id="1012" x="-78.910" y="-58.980" z="-7.800" r="0.550" parent="1011"/>
   <Point id="1093" x="-85.820" y="-93.420" z="-4.200" r="0.740" parent="1092"/>
   <Point id="75" x="-33.690" y="117.400" z="-3.600" r="0.370" parent="74"/>
   <Point id="94" x="1.550" y="115.600" z="-8.000" r="0.740" parent="93"/>
   <Point id="383" x="8.810" y="112.200" z="-7.600" r="0.920" parent="382"/>
   <Point id="830" x="43.140" y="-87.450" z="-0.200" r="0.550" parent="829"/>
   <Point id="883" x="9.800" y="-108.900" z="-11.600" r="0.740" parent="882"/>
   <Point id="1013" x="-80.200" y="-60.640" z="-7.800" r="0.370" parent="1012"/>
   <Point id="1094" x="-88.400" y="-97.240" z="-5.400" r="0.740" parent="1093"/>
   <Point id="76" x="-35.160" y="118.500" z="-3.600" r="0.370" parent="75"/>
   <Point id="95" x="1.740" y="117.700" z="-8.000" r="0.740" parent="94"/>
   <Point id="384" x="10.290" y="113.800" z="-8.200" r="0.920" parent="383"/>
   <Point id="831" x="46.460" y="-87.610" z="-0.200" r="0.740" parent="830"/>
   <Point id="884" x="10.720" y="-110.400" z="-11.600" r="0.550" parent="883"/>
   <Point id="1014" x="-81.500" y="-61.970" z="-7.800" r="0.370" parent="1013"/>
   <Point id="1095" x="-89.880" y="-99.900" z="-5.200" r="0.740" parent="1094"/>
   <Point id="77" x="-36.270" y="119.500" z="-3.600" r="0.550" parent="76"/>
   <Point id="96" x="2.660" y="120.000" z="-8.400" r="0.740" parent="95"/>
   <Point id="385" x="13.430" y="116.000" z="-8.200" r="0.740" parent="384"/>
   <Point id="832" x="48.310" y="-88.610" z="-0.200" r="0.740" parent="831"/>
   <Point id="885" x="10.720" y="-112.200" z="-11.600" r="0.550" parent="884"/>
   <Point id="1015" x="-82.600" y="-63.300" z="-7.800" r="0.370" parent="1014"/>
   <Point id="1096" x="-90.620" y="-103.100" z="-5.200" r="0.550" parent="1095"/>
   <Point id="78" x="-36.460" y="120.500" z="-2.800" r="0.550" parent="77"/>
   <Point id="97" x="3.580" y="122.000" z="-8.400" r="0.740" parent="96"/>
   <Point id="386" x="15.640" y="117.800" z="-8.000" r="0.740" parent="385"/>
   <Point id="833" x="50.150" y="-89.610" z="-0.200" r="0.550" parent="832"/>
   <Point id="886" x="10.350" y="-114.500" z="-11.600" r="0.550" parent="885"/>
   <Point id="1016" x="-83.340" y="-64.620" z="-8.400" r="0.370" parent="1015"/>
   <Point id="1097" x="-91.350" y="-104.700" z="-5.200" r="0.550" parent="1096"/>
   <Point id="79" x="-36.270" y="121.900" z="-2.800" r="0.550" parent="78"/>
   <Point id="98" x="5.800" y="122.500" z="-9.400" r="0.740" parent="97"/>
   <Point id="387" x="17.850" y="119.500" z="-9.600" r="0.740" parent="386"/>
   <Point id="834" x="51.810" y="-90.770" z="-0.200" r="0.550" parent="833"/>
   <Point id="887" x="9.610" y="-116.400" z="-11.400" r="0.550" parent="886"/>
   <Point id="1017" x="-84.450" y="-66.120" z="-9.000" r="0.370" parent="1016"/>
   <Point id="1098" x="-92.460" y="-106.600" z="-5.000" r="0.740" parent="1097"/>
   <Point id="80" x="-37.010" y="124.400" z="-2.200" r="0.920" parent="79"/>
   <Point id="99" x="6.900" y="123.200" z="-9.400" r="0.920" parent="98"/>
   <Point id="388" x="19.700" y="121.500" z="-9.000" r="0.740" parent="387"/>
   <Point id="835" x="53.660" y="-92.430" z="-0.200" r="0.550" parent="834"/>
   <Point id="888" x="10.350" y="-119.500" z="-11.600" r="0.550" parent="887"/>
   <Point id="1018" x="-85.560" y="-68.110" z="-9.000" r="0.370" parent="1017"/>
   <Point id="1099" x="-93.200" y="-108.700" z="-3.800" r="0.550" parent="1098"/>
   <Point id="100" x="8.010" y="124.900" z="-9.400" r="0.740" parent="99"/>
   <Point id="389" x="21.730" y="122.300" z="-10.400" r="0.740" parent="388"/>
   <Point id="836" x="54.400" y="-94.590" z="-0.200" r="0.550" parent="835"/>
   <Point id="889" x="11.640" y="-122.300" z="-14.000" r="0.920" parent="888"/>
   <Point id="1019" x="-86.850" y="-68.940" z="-9.200" r="0.370" parent="1018"/>
   <Point id="1100" x="-93.940" y="-111.000" z="-3.800" r="0.550" parent="1099"/>
   <Point id="101" x="8.560" y="126.700" z="-10.800" r="0.740" parent="100"/>
   <Point id="390" x="24.310" y="124.300" z="-9.400" r="0.740" parent="389"/>
   <Point id="837" x="55.690" y="-97.080" z="-0.600" r="0.550" parent="836"/>
   <Point id="890" x="11.460" y="-124.700" z="-14.000" r="1.110" parent="889"/>
   <Point id="1020" x="-88.880" y="-71.100" z="-9.200" r="0.370" parent="1019"/>
   <Point id="1101" x="-95.040" y="-114.000" z="-3.800" r="0.550" parent="1100"/>
   <Point id="102" x="8.560" y="128.200" z="-10.800" r="0.920" parent="101"/>
   <Point id="391" x="26.890" y="126.300" z="-10.800" r="0.740" parent="390"/>
   <Point id="838" x="55.690" y="-99.570" z="-0.600" r="0.550" parent="837"/>
   <Point id="891" x="12.200" y="-126.500" z="-14.000" r="0.740" parent="890"/>
   <Point id="1021" x="-90.350" y="-72.270" z="-10.000" r="0.370" parent="1020"/>
   <Point id="1102" x="-95.780" y="-115.800" z="-3.800" r="0.740" parent="1101"/>
   <Point id="103" x="8.010" y="130.000" z="-10.800" r="0.920" parent="102"/>
   <Point id="392" x="28.740" y="127.800" z="-11.000" r="0.740" parent="391"/>
   <Point id="839" x="56.980" y="-101.600" z="-0.600" r="0.550" parent="838"/>
   <Point id="892" x="14.870" y="-128.900" z="-13.600" r="0.550" parent="891"/>
   <Point id="1022" x="-92.940" y="-73.930" z="-10.000" r="0.370" parent="1021"/>
   <Point id="1103" x="-95.780" y="-117.700" z="-3.800" r="0.740" parent="1102"/>
   <Point id="104" x="7.820" y="132.000" z="-10.800" r="0.740" parent="103"/>
   <Point id="393" x="31.140" y="128.900" z="-11.000" r="0.740" parent="392"/>
   <Point id="840" x="57.160" y="-103.100" z="-0.600" r="0.550" parent="839"/>
   <Point id="893" x="15.420" y="-132.100" z="-13.800" r="0.920" parent="892"/>
   <Point id="1023" x="-95.150" y="-75.260" z="-9.800" r="0.370" parent="1022"/>
   <Point id="1104" x="-96.150" y="-119.800" z="-3.800" r="0.550" parent="1103"/>
   <Point id="105" x="6.950" y="134.600" z="-11.000" r="0.740" parent="104"/>
   <Point id="394" x="33.540" y="130.900" z="-11.000" r="0.740" parent="393"/>
   <Point id="841" x="57.350" y="-105.600" z="-0.600" r="0.550" parent="840"/>
   <Point id="894" x="15.230" y="-133.800" z="-13.800" r="0.920" parent="893"/>
   <Point id="1024" x="-96.630" y="-76.750" z="-9.800" r="0.370" parent="1023"/>
   <Point id="1105" x="-96.470" y="-122.000" z="-4.200" r="0.550" parent="1104"/>
   <Point id="106" x="7.320" y="136.900" z="-11.000" r="0.740" parent="105"/>
   <Point id="395" x="35.570" y="132.800" z="-11.000" r="0.920" parent="394"/>
   <Point id="842" x="58.450" y="-107.900" z="-0.600" r="0.550" parent="841"/>
   <Point id="895" x="15.970" y="-136.200" z="-13.200" r="0.550" parent="894"/>
   <Point id="1025" x="-98.840" y="-77.420" z="-9.800" r="0.550" parent="1024"/>
   <Point id="1106" x="-96.470" y="-125.000" z="-4.200" r="0.550" parent="1105"/>
   <Point id="107" x="9.160" y="138.600" z="-11.800" r="0.740" parent="106"/>
   <Point id="396" x="37.780" y="134.700" z="-10.400" r="0.740" parent="395"/>
   <Point id="843" x="59.560" y="-109.700" z="-0.600" r="0.550" parent="842"/>
   <Point id="896" x="15.790" y="-138.700" z="-13.200" r="0.740" parent="895"/>
   <Point id="1026" x="-99.950" y="-78.250" z="-9.800" r="0.370" parent="1025"/>
   <Point id="1107" x="-96.840" y="-127.500" z="-4.200" r="0.740" parent="1106"/>
   <Point id="108" x="10.090" y="140.900" z="-11.800" r="0.740" parent="107"/>
   <Point id="397" x="39.990" y="137.200" z="-11.800" r="0.740" parent="396"/>
   <Point id="844" x="60.850" y="-110.500" z="0.600" r="0.740" parent="843"/>
   <Point id="897" x="16.160" y="-140.600" z="-13.200" r="0.550" parent="896"/>
   <Point id="1027" x="-100.900" y="-79.910" z="-9.800" r="0.370" parent="1026"/>
   <Point id="1108" x="-97.200" y="-130.200" z="-4.200" r="0.740" parent="1107"/>
   <Point id="109" x="10.460" y="143.700" z="-11.800" r="0.740" parent="108"/>
   <Point id="398" x="41.730" y="138.500" z="-10.200" r="0.740" parent="397"/>
   <Point id="845" x="62.830" y="-111.300" z="0.200" r="0.740" parent="844"/>
   <Point id="898" x="17.820" y="-142.600" z="-14.600" r="0.370" parent="897"/>
   <Point id="1028" x="-101.600" y="-81.240" z="-9.800" r="0.550" parent="1027"/>
   <Point id="1109" x="-97.200" y="-132.800" z="-3.600" r="0.550" parent="1108"/>
   <Point id="110" x="10.090" y="146.700" z="-12.600" r="0.740" parent="109"/>
   <Point id="399" x="43.760" y="140.100" z="-10.200" r="0.920" parent="398"/>
   <Point id="846" x="64.670" y="-111.900" z="0.200" r="1.110" parent="845"/>
   <Point id="899" x="18.370" y="-144.200" z="-14.600" r="0.550" parent="898"/>
   <Point id="1029" x="-102.800" y="-83.130" z="-9.800" r="0.550" parent="1028"/>
   <Point id="1110" x="-97.940" y="-135.700" z="-3.600" r="0.550" parent="1109"/>
   <Point id="111" x="10.820" y="148.900" z="-12.600" r="0.740" parent="110"/>
   <Point id="400" x="43.760" y="142.300" z="-11.000" r="0.740" parent="399"/>
   <Point id="847" x="66.150" y="-112.300" z="0.200" r="1.110" parent="846"/>
   <Point id="900" x="19.850" y="-146.700" z="-14.600" r="0.370" parent="899"/>
   <Point id="1030" x="-104.700" y="-85.460" z="-9.800" r="0.550" parent="1029"/>
   <Point id="1111" x="-97.760" y="-139.100" z="-3.600" r="0.920" parent="1110"/>
   <Point id="112" x="10.460" y="151.400" z="-12.600" r="0.740" parent="111"/>
   <Point id="401" x="45.240" y="144.100" z="-11.000" r="0.740" parent="400"/>
   <Point id="901" x="20.030" y="-150.200" z="-14.600" r="0.740" parent="900"/>
   <Point id="1031" x="-107.100" y="-87.950" z="-9.800" r="0.550" parent="1030"/>
   <Point id="1112" x="-97.940" y="-141.500" z="-3.600" r="0.740" parent="1111"/>
   <Point id="113" x="10.820" y="154.000" z="-13.200" r="0.550" parent="112"/>
   <Point id="402" x="46.160" y="146.400" z="-12.600" r="0.740" parent="401"/>
   <Point id="902" x="20.400" y="-152.800" z="-14.600" r="0.550" parent="901"/>
   <Point id="1032" x="-108.900" y="-89.110" z="-9.800" r="0.550" parent="1031"/>
   <Point id="1113" x="-98.310" y="-144.000" z="-3.600" r="0.550" parent="1112"/>
   <Point id="114" x="11.190" y="156.700" z="-13.200" r="0.550" parent="113"/>
   <Point id="403" x="47.450" y="147.900" z="-12.600" r="0.740" parent="402"/>
   <Point id="903" x="19.290" y="-155.500" z="-14.600" r="0.550" parent="902"/>
   <Point id="1033" x="-109.800" y="-91.100" z="-9.800" r="0.550" parent="1032"/>
   <Point id="1114" x="-99.050" y="-146.300" z="-3.600" r="0.550" parent="1113"/>
   <Point id="115" x="12.300" y="159.200" z="-14.000" r="0.550" parent="114"/>
   <Point id="404" x="48.370" y="149.900" z="-12.600" r="0.740" parent="403"/>
   <Point id="904" x="20.580" y="-157.700" z="-15.400" r="0.740" parent="903"/>
   <Point id="1034" x="-111.500" y="-93.100" z="-9.800" r="0.550" parent="1033"/>
   <Point id="1115" x="-99.600" y="-148.300" z="-5.200" r="0.550" parent="1114"/>
   <Point id="116" x="12.480" y="160.500" z="-14.000" r="0.550" parent="115"/>
   <Point id="405" x="48.190" y="151.900" z="-12.600" r="0.740" parent="404"/>
   <Point id="905" x="21.600" y="-159.900" z="-16.400" r="0.740" parent="904"/>
   <Point id="1035" x="-114.300" y="-94.590" z="-9.800" r="0.550" parent="1034"/>
   <Point id="1116" x="-99.970" y="-150.300" z="-5.200" r="0.920" parent="1115"/>
   <Point id="117" x="12.300" y="162.300" z="-14.000" r="0.550" parent="116"/>
   <Point id="406" x="50.040" y="154.400" z="-12.600" r="0.740" parent="405"/>
   <Point id="906" x="20.130" y="-161.900" z="-16.400" r="0.550" parent="905"/>
   <Point id="1036" x="-116.300" y="-95.420" z="-9.800" r="0.370" parent="1035"/>
   <Point id="1117" x="-101.200" y="-153.000" z="-5.200" r="0.550" parent="1116"/>
   <Point id="118" x="11.990" y="163.900" z="-14.000" r="0.550" parent="117"/>
   <Point id="407" x="51.330" y="156.100" z="-13.000" r="0.740" parent="406"/>
   <Point id="907" x="19.940" y="-163.800" z="-16.400" r="0.740" parent="906"/>
   <Point id="1037" x="-119.100" y="-95.260" z="-9.800" r="0.370" parent="1036"/>
   <Point id="1118" x="-101.600" y="-155.800" z="-5.200" r="0.550" parent="1117"/>
   <Point id="119" x="10.520" y="166.100" z="-14.000" r="0.550" parent="118"/>
   <Point id="408" x="52.620" y="158.200" z="-13.200" r="0.740" parent="407"/>
   <Point id="908" x="19.940" y="-165.500" z="-16.400" r="0.550" parent="907"/>
   <Point id="1038" x="-120.700" y="-94.760" z="-9.800" r="0.370" parent="1037"/>
   <Point id="1119" x="-101.900" y="-159.200" z="-4.400" r="0.550" parent="1118"/>
   <Point id="120" x="9.970" y="168.100" z="-14.000" r="0.550" parent="119"/>
   <Point id="409" x="53.540" y="160.400" z="-13.200" r="0.740" parent="408"/>
   <Point id="909" x="19.760" y="-168.000" z="-16.400" r="0.550" parent="908"/>
   <Point id="1039" x="-123.300" y="-94.090" z="-9.800" r="0.370" parent="1038"/>
   <Point id="1120" x="-102.700" y="-162.000" z="-4.400" r="0.550" parent="1119"/>
   <Point id="121" x="9.040" y="170.400" z="-14.000" r="0.550" parent="120"/>
   <Point id="410" x="55.200" y="161.700" z="-13.200" r="0.740" parent="409"/>
   <Point id="910" x="19.390" y="-171.700" z="-16.400" r="0.920" parent="909"/>
   <Point id="1040" x="-125.500" y="-93.760" z="-9.800" r="0.370" parent="1039"/>
   <Point id="1121" x="-103.200" y="-165.200" z="-4.400" r="0.740" parent="1120"/>
   <Point id="122" x="8.670" y="173.000" z="-14.000" r="0.550" parent="121"/>
   <Point id="411" x="56.310" y="163.700" z="-12.600" r="0.740" parent="410"/>
   <Point id="911" x="19.760" y="-175.000" z="-16.400" r="1.110" parent="910"/>
   <Point id="1041" x="-127.200" y="-92.430" z="-9.800" r="0.550" parent="1040"/>
   <Point id="1122" x="-103.400" y="-166.800" z="-4.400" r="0.740" parent="1121"/>
   <Point id="123" x="8.120" y="175.700" z="-14.000" r="0.550" parent="122"/>
   <Point id="412" x="57.780" y="164.900" z="-12.600" r="0.740" parent="411"/>
   <Point id="912" x="19.390" y="-177.600" z="-16.800" r="0.550" parent="911"/>
   <Point id="1042" x="-128.500" y="-92.430" z="-9.800" r="0.370" parent="1041"/>
   <Point id="1123" x="-104.100" y="-169.300" z="-4.400" r="0.550" parent="1122"/>
   <Point id="124" x="7.750" y="177.500" z="-14.600" r="0.550" parent="123"/>
   <Point id="413" x="59.080" y="164.900" z="-12.600" r="0.740" parent="412"/>
   <Point id="913" x="19.210" y="-179.300" z="-16.800" r="0.740" parent="912"/>
   <Point id="1043" x="-129.900" y="-92.600" z="-9.000" r="0.370" parent="1042"/>
   <Point id="1124" x="-104.000" y="-172.000" z="-4.400" r="0.550" parent="1123"/>
   <Point id="125" x="6.830" y="179.000" z="-14.600" r="0.550" parent="124"/>
   <Point id="414" x="60.000" y="166.900" z="-14.600" r="0.740" parent="413"/>
   <Point id="914" x="19.940" y="-182.600" z="-18.000" r="0.550" parent="913"/>
   <Point id="1044" x="-131.400" y="-92.100" z="-9.000" r="0.180" parent="1043"/>
   <Point id="1125" x="-104.000" y="-175.800" z="-3.400" r="0.550" parent="1124"/>
   <Point id="126" x="6.830" y="181.300" z="-14.600" r="0.550" parent="125"/>
   <Point id="415" x="60.740" y="168.500" z="-14.600" r="0.740" parent="414"/>
   <Point id="915" x="19.390" y="-184.900" z="-19.000" r="0.370" parent="914"/>
   <Point id="1045" x="-132.900" y="-91.600" z="-9.000" r="0.180" parent="1044"/>
   <Point id="1126" x="-104.500" y="-178.100" z="-3.400" r="0.740" parent="1125"/>
   <Point id="127" x="7.200" y="183.700" z="-15.400" r="0.740" parent="126"/>
   <Point id="416" x="63.270" y="170.400" z="-14.800" r="0.740" parent="415"/>
   <Point id="916" x="19.390" y="-187.300" z="-18.400" r="0.740" parent="915"/>
   <Point id="1046" x="-134.400" y="-91.100" z="-9.000" r="0.180" parent="1045"/>
   <Point id="1127" x="-105.300" y="-180.800" z="-3.400" r="0.740" parent="1126"/>
   <Point id="128" x="6.280" y="185.500" z="-15.400" r="0.740" parent="127"/>
   <Point id="417" x="64.010" y="172.400" z="-15.600" r="0.920" parent="416"/>
   <Point id="917" x="18.380" y="-190.100" z="-19.800" r="0.550" parent="916"/>
   <Point id="1047" x="-134.900" y="-89.940" z="-9.000" r="0.550" parent="1046"/>
   <Point id="1128" x="-106.300" y="-183.900" z="-3.400" r="0.740" parent="1127"/>
   <Point id="129" x="6.460" y="187.500" z="-15.400" r="0.740" parent="128"/>
   <Point id="418" x="65.480" y="174.400" z="-15.400" r="0.740" parent="417"/>
   <Point id="918" x="19.670" y="-192.100" z="-19.200" r="0.550" parent="917"/>
   <Point id="1129" x="-105.900" y="-186.800" z="-3.400" r="0.740" parent="1128"/>
   <Point id="130" x="7.010" y="189.500" z="-15.400" r="0.740" parent="129"/>
   <Point id="419" x="66.780" y="175.900" z="-15.000" r="0.740" parent="418"/>
   <Point id="919" x="19.850" y="-194.700" z="-20.000" r="0.920" parent="918"/>
   <Point id="1130" x="-106.700" y="-188.500" z="-3.400" r="0.920" parent="1129"/>
   <Point id="131" x="6.090" y="191.300" z="-15.400" r="0.740" parent="130"/>
   <Point id="420" x="68.070" y="178.100" z="-15.400" r="0.740" parent="419"/>
   <Point id="920" x="20.400" y="-196.900" z="-20.600" r="0.550" parent="919"/>
   <Point id="1131" x="-106.900" y="-191.300" z="-3.400" r="0.740" parent="1130"/>
   <Point id="132" x="5.720" y="193.600" z="-15.400" r="0.740" parent="131"/>
   <Point id="421" x="68.990" y="179.900" z="-15.400" r="0.740" parent="420"/>
   <Point id="921" x="20.220" y="-199.700" z="-20.600" r="0.370" parent="920"/>
   <Point id="1132" x="-107.800" y="-193.500" z="-3.400" r="0.740" parent="1131"/>
   <Point id="133" x="4.980" y="195.100" z="-15.400" r="0.550" parent="132"/>
   <Point id="422" x="70.100" y="181.400" z="-15.600" r="0.740" parent="421"/>
   <Point id="922" x="19.110" y="-201.500" z="-20.600" r="0.370" parent="921"/>
   <Point id="1133" x="-108.700" y="-195.200" z="-3.400" r="0.740" parent="1132"/>
   <Point id="134" x="3.780" y="196.700" z="-16.200" r="0.370" parent="133"/>
   <Point id="423" x="70.650" y="183.600" z="-15.600" r="0.740" parent="422"/>
   <Point id="923" x="19.480" y="-203.200" z="-19.800" r="0.370" parent="922"/>
   <Point id="1134" x="-110.000" y="-197.500" z="-3.400" r="0.920" parent="1133"/>
   <Point id="135" x="3.040" y="198.000" z="-16.200" r="0.550" parent="134"/>
   <Point id="424" x="72.130" y="185.900" z="-14.200" r="0.740" parent="423"/>
   <Point id="924" x="20.400" y="-205.000" z="-21.600" r="0.740" parent="923"/>
   <Point id="1135" x="-110.900" y="-199.000" z="-3.400" r="0.740" parent="1134"/>
   <Point id="136" x="2.490" y="199.700" z="-16.600" r="0.740" parent="135"/>
   <Point id="425" x="72.860" y="188.200" z="-14.200" r="0.740" parent="424"/>
   <Point id="925" x="20.960" y="-206.700" z="-21.600" r="0.370" parent="924"/>
   <Point id="1136" x="-111.800" y="-201.600" z="-3.400" r="0.550" parent="1135"/>
   <Point id="137" x="0.830" y="200.800" z="-16.600" r="0.550" parent="136"/>
   <Point id="426" x="73.970" y="189.900" z="-14.200" r="0.740" parent="425"/>
   <Point id="926" x="20.220" y="-209.300" z="-21.600" r="0.550" parent="925"/>
   <Point id="1137" x="-113.000" y="-204.300" z="-3.400" r="0.550" parent="1136"/>
   <Point id="138" x="-0.650" y="202.200" z="-16.600" r="0.550" parent="137"/>
   <Point id="427" x="75.450" y="192.200" z="-14.200" r="0.550" parent="426"/>
   <Point id="927" x="18.930" y="-211.700" z="-21.600" r="0.550" parent="926"/>
   <Point id="1138" x="-114.200" y="-206.800" z="-3.400" r="0.740" parent="1137"/>
   <Point id="139" x="-2.310" y="203.500" z="-16.600" r="0.550" parent="138"/>
   <Point id="428" x="76.550" y="194.800" z="-14.600" r="0.550" parent="427"/>
   <Point id="928" x="17.080" y="-214.300" z="-21.600" r="0.740" parent="927"/>
   <Point id="1139" x="-114.600" y="-208.800" z="-3.400" r="0.550" parent="1138"/>
   <Point id="140" x="-3.230" y="205.500" z="-16.600" r="0.550" parent="139"/>
   <Point id="429" x="78.030" y="197.200" z="-14.600" r="0.550" parent="428"/>
   <Point id="929" x="16.160" y="-215.600" z="-21.600" r="0.920" parent="928"/>
   <Point id="1140" x="-115.500" y="-210.600" z="-3.000" r="0.550" parent="1139"/>
   <Point id="141" x="-4.520" y="208.000" z="-16.600" r="0.740" parent="140"/>
   <Point id="430" x="79.140" y="199.200" z="-14.600" r="0.550" parent="429"/>
   <Point id="930" x="14.500" y="-217.500" z="-23.400" r="0.550" parent="929"/>
   <Point id="1141" x="-115.600" y="-212.800" z="-2.400" r="0.550" parent="1140"/>
   <Point id="142" x="-4.710" y="209.500" z="-17.200" r="0.550" parent="141"/>
   <Point id="431" x="80.930" y="201.400" z="-13.400" r="0.550" parent="430"/>
   <Point id="931" x="12.000" y="-219.800" z="-24.000" r="0.740" parent="930"/>
   <Point id="1142" x="-116.000" y="-213.800" z="-2.400" r="0.370" parent="1141"/>
   <Point id="143" x="-5.810" y="210.700" z="-17.200" r="0.550" parent="142"/>
   <Point id="432" x="82.590" y="204.000" z="-13.400" r="0.550" parent="431"/>
   <Point id="932" x="10.520" y="-221.800" z="-24.000" r="0.740" parent="931"/>
   <Point id="1143" x="-116.100" y="-216.000" z="-2.400" r="0.370" parent="1142"/>
   <Point id="144" x="-6.000" y="212.800" z="-17.200" r="0.550" parent="143"/>
   <Point id="433" x="83.520" y="206.500" z="-12.600" r="0.550" parent="432"/>
   <Point id="933" x="9.420" y="-223.700" z="-22.600" r="0.740" parent="932"/>
   <Point id="1144" x="-116.900" y="-218.200" z="-3.400" r="0.550" parent="1143"/>
   <Point id="145" x="-7.660" y="214.600" z="-17.200" r="0.550" parent="144"/>
   <Point id="434" x="84.440" y="209.700" z="-12.600" r="0.550" parent="433"/>
   <Point id="934" x="8.680" y="-225.500" z="-24.600" r="0.920" parent="933"/>
   <Point id="1145" x="-117.400" y="-221.300" z="-4.200" r="0.740" parent="1144"/>
   <Point id="146" x="-8.770" y="216.800" z="-17.200" r="0.550" parent="145"/>
   <Point id="435" x="85.550" y="213.500" z="-11.200" r="0.550" parent="434"/>
   <Point id="935" x="8.680" y="-228.300" z="-26.000" r="0.920" parent="934"/>
   <Point id="1146" x="-118.200" y="-223.500" z="-4.200" r="0.550" parent="1145"/>
   <Point id="147" x="-9.870" y="219.900" z="-17.800" r="0.550" parent="146"/>
   <Point id="436" x="86.100" y="215.800" z="-11.600" r="0.550" parent="435"/>
   <Point id="936" x="9.420" y="-230.500" z="-27.800" r="0.550" parent="935"/>
   <Point id="1147" x="-119.100" y="-225.500" z="-4.200" r="0.740" parent="1146"/>
   <Point id="148" x="-9.690" y="222.400" z="-17.800" r="0.550" parent="147"/>
   <Point id="437" x="87.390" y="219.300" z="-11.600" r="0.550" parent="436"/>
   <Point id="937" x="9.600" y="-232.300" z="-26.800" r="0.550" parent="936"/>
   <Point id="1148" x="-119.600" y="-227.800" z="-4.200" r="0.740" parent="1147"/>
   <Point id="149" x="-9.690" y="224.400" z="-17.800" r="0.740" parent="148"/>
   <Point id="438" x="87.760" y="222.500" z="-11.600" r="0.550" parent="437"/>
   <Point id="938" x="7.760" y="-233.300" z="-28.200" r="0.920" parent="937"/>
   <Point id="1149" x="-119.800" y="-230.300" z="-4.400" r="0.550" parent="1148"/>
   <Point id="150" x="-9.690" y="226.300" z="-17.800" r="0.740" parent="149"/>
   <Point id="439" x="88.500" y="225.300" z="-11.600" r="0.550" parent="438"/>
   <Point id="939" x="7.020" y="-234.900" z="-29.000" r="0.550" parent="938"/>
   <Point id="1150" x="-121.100" y="-233.100" z="-4.400" r="0.550" parent="1149"/>
   <Point id="151" x="-10.000" y="229.300" z="-17.800" r="0.740" parent="150"/>
   <Point id="440" x="89.420" y="228.800" z="-11.600" r="0.550" parent="439"/>
   <Point id="940" x="6.830" y="-237.400" z="-29.000" r="0.550" parent="939"/>
   <Point id="1151" x="-121.900" y="-235.900" z="-4.400" r="0.550" parent="1150"/>
   <Point id="152" x="-10.180" y="232.100" z="-17.800" r="0.740" parent="151"/>
   <Point id="441" x="89.600" y="230.400" z="-11.600" r="0.550" parent="440"/>
   <Point id="941" x="6.830" y="-239.100" z="-29.000" r="0.550" parent="940"/>
   <Point id="1152" x="-121.900" y="-238.300" z="-4.400" r="0.550" parent="1151"/>
   <Point id="153" x="-11.290" y="234.300" z="-17.800" r="0.740" parent="152"/>
   <Point id="442" x="90.230" y="233.300" z="-12.600" r="0.550" parent="441"/>
   <Point id="942" x="5.910" y="-240.900" z="-29.000" r="0.920" parent="941"/>
   <Point id="1153" x="-121.900" y="-241.400" z="-4.000" r="0.550" parent="1152"/>
   <Point id="154" x="-11.660" y="236.900" z="-18.200" r="0.740" parent="153"/>
   <Point id="443" x="91.330" y="237.000" z="-12.200" r="0.550" parent="442"/>
   <Point id="943" x="5.360" y="-241.900" z="-28.800" r="0.920" parent="942"/>
   <Point id="1154" x="-122.200" y="-245.000" z="-4.000" r="0.550" parent="1153"/>
   <Point id="155" x="-11.290" y="239.800" z="-18.200" r="0.740" parent="154"/>
   <Point id="444" x="92.260" y="240.800" z="-13.800" r="0.550" parent="443"/>
   <Point id="944" x="4.250" y="-243.800" z="-28.800" r="0.370" parent="943"/>
   <Point id="1155" x="-121.600" y="-249.300" z="-4.000" r="0.550" parent="1154"/>
   <Point id="156" x="-10.730" y="242.300" z="-19.000" r="0.550" parent="155"/>
   <Point id="445" x="93.920" y="244.800" z="-13.000" r="0.550" parent="444"/>
   <Point id="945" x="2.960" y="-244.900" z="-28.800" r="0.370" parent="944"/>
   <Point id="1156" x="-121.600" y="-252.800" z="-4.000" r="0.740" parent="1155"/>
   <Point id="157" x="-11.100" y="244.600" z="-19.600" r="0.550" parent="156"/>
   <Point id="446" x="94.650" y="246.900" z="-14.800" r="0.550" parent="445"/>
   <Point id="946" x="2.040" y="-245.900" z="-28.800" r="0.370" parent="945"/>
   <Point id="1157" x="-121.200" y="-255.400" z="-4.000" r="0.550" parent="1156"/>
   <Point id="158" x="-10.920" y="246.900" z="-21.200" r="0.550" parent="157"/>
   <Point id="447" x="95.390" y="249.600" z="-14.800" r="0.550" parent="446"/>
   <Point id="947" x="1.340" y="-246.500" z="-29.200" r="0.550" parent="946"/>
   <Point id="1158" x="-121.200" y="-258.100" z="-4.000" r="0.550" parent="1157"/>
   <Point id="159" x="-12.030" y="248.900" z="-21.200" r="0.550" parent="158"/>
   <Point id="448" x="95.950" y="252.600" z="-15.200" r="0.550" parent="447"/>
   <Point id="948" x="1.530" y="-248.700" z="-28.400" r="0.370" parent="947"/>
   <Point id="1159" x="-120.900" y="-259.600" z="-4.000" r="0.550" parent="1158"/>
   <Point id="160" x="-13.130" y="252.100" z="-21.000" r="0.550" parent="159"/>
   <Point id="449" x="97.050" y="255.400" z="-15.600" r="0.550" parent="448"/>
   <Point id="949" x="0.790" y="-250.500" z="-28.400" r="0.370" parent="948"/>
   <Point id="1160" x="-120.300" y="-262.700" z="-4.000" r="0.550" parent="1159"/>
   <Point id="161" x="-13.500" y="254.000" z="-21.200" r="0.550" parent="160"/>
   <Point id="450" x="97.610" y="259.100" z="-15.600" r="0.550" parent="449"/>
   <Point id="950" x="0.790" y="-252.700" z="-28.000" r="0.370" parent="949"/>
   <Point id="1161" x="-118.800" y="-265.700" z="-3.000" r="0.550" parent="1160"/>
   <Point id="162" x="-13.130" y="255.500" z="-21.200" r="0.740" parent="161"/>
   <Point id="451" x="98.340" y="260.100" z="-15.600" r="0.550" parent="450"/>
   <Point id="951" x="0.049" y="-254.800" z="-28.200" r="0.740" parent="950"/>
   <Point id="1162" x="-117.200" y="-269.100" z="-3.000" r="0.550" parent="1161"/>
   <Point id="163" x="-12.210" y="257.400" z="-21.200" r="0.740" parent="162"/>
   <Point id="452" x="98.530" y="261.400" z="-15.600" r="0.740" parent="451"/>
   <Point id="952" x="-0.690" y="-256.100" z="-28.000" r="0.740" parent="951"/>
   <Point id="1163" x="-116.100" y="-270.900" z="-3.000" r="0.550" parent="1162"/>
   <Point id="164" x="-12.680" y="260.200" z="-22.200" r="0.740" parent="163"/>
   <Point id="453" x="98.760" y="263.300" z="-15.600" r="0.740" parent="452"/>
   <Point id="953" x="-0.870" y="-258.100" z="-28.200" r="0.370" parent="952"/>
   <Point id="1164" x="-114.700" y="-272.800" z="-3.000" r="0.740" parent="1163"/>
   <Point id="165" x="-12.870" y="262.400" z="-23.400" r="0.740" parent="164"/>
   <Point id="454" x="98.940" y="266.000" z="-15.600" r="0.740" parent="453"/>
   <Point id="954" x="-2.350" y="-259.600" z="-28.200" r="0.370" parent="953"/>
   <Point id="1165" x="-114.200" y="-275.300" z="-3.000" r="0.740" parent="1164"/>
   <Point id="166" x="-12.680" y="264.900" z="-23.400" r="0.550" parent="165"/>
   <Point id="455" x="99.130" y="269.600" z="-15.600" r="0.740" parent="454"/>
   <Point id="955" x="-2.530" y="-261.500" z="-28.200" r="0.370" parent="954"/>
   <Point id="1166" x="-113.100" y="-277.600" z="-2.600" r="0.740" parent="1165"/>
   <Point id="167" x="-12.680" y="266.700" z="-23.800" r="0.550" parent="166"/>
   <Point id="456" x="98.570" y="272.800" z="-16.600" r="0.740" parent="455"/>
   <Point id="956" x="-3.640" y="-263.400" z="-28.200" r="0.550" parent="955"/>
   <Point id="1167" x="-112.500" y="-280.400" z="-2.600" r="0.550" parent="1166"/>
   <Point id="168" x="-11.210" y="269.400" z="-24.400" r="0.550" parent="167"/>
   <Point id="457" x="98.940" y="275.500" z="-16.600" r="0.740" parent="456"/>
   <Point id="957" x="-3.820" y="-265.400" z="-28.200" r="0.370" parent="956"/>
   <Point id="1168" x="-112.100" y="-283.600" z="-2.600" r="0.550" parent="1167"/>
   <Point id="169" x="-10.470" y="271.700" z="-26.200" r="0.550" parent="168"/>
   <Point id="458" x="99.130" y="277.800" z="-16.600" r="0.550" parent="457"/>
   <Point id="958" x="-4.190" y="-267.800" z="-26.800" r="0.370" parent="957"/>
   <Point id="1169" x="-111.800" y="-286.300" z="-2.600" r="0.740" parent="1168"/>
   <Point id="170" x="-10.840" y="273.200" z="-25.200" r="0.550" parent="169"/>
   <Point id="459" x="99.130" y="280.800" z="-16.600" r="0.550" parent="458"/>
   <Point id="959" x="-4.740" y="-269.100" z="-26.800" r="0.740" parent="958"/>
   <Point id="1170" x="-111.400" y="-289.100" z="-2.000" r="0.740" parent="1169"/>
   <Point id="171" x="-10.650" y="275.300" z="-25.800" r="0.550" parent="170"/>
   <Point id="460" x="99.310" y="283.800" z="-16.600" r="0.550" parent="459"/>
   <Point id="960" x="-5.670" y="-271.300" z="-26.400" r="0.370" parent="959"/>
   <Point id="1171" x="-111.400" y="-291.400" z="-2.000" r="0.550" parent="1170"/>
   <Point id="172" x="-10.650" y="277.300" z="-25.800" r="0.550" parent="171"/>
   <Point id="461" x="99.490" y="286.300" z="-17.000" r="0.550" parent="460"/>
   <Point id="961" x="-5.300" y="-272.400" z="-26.400" r="0.370" parent="960"/>
   <Point id="1172" x="-111.600" y="-293.700" z="-2.600" r="0.550" parent="1171"/>
   <Point id="173" x="-10.650" y="279.700" z="-26.200" r="0.550" parent="172"/>
   <Point id="462" x="99.490" y="288.400" z="-17.000" r="0.550" parent="461"/>
   <Point id="962" x="-5.110" y="-274.600" z="-26.400" r="0.370" parent="961"/>
   <Point id="1173" x="-111.600" y="-295.700" z="-2.600" r="0.740" parent="1172"/>
   <Point id="174" x="-11.570" y="281.800" z="-27.000" r="0.550" parent="173"/>
   <Point id="463" x="99.490" y="290.900" z="-17.000" r="0.550" parent="462"/>
   <Point id="963" x="-6.220" y="-275.600" z="-27.000" r="0.370" parent="962"/>
   <Point id="1174" x="-112.100" y="-298.600" z="-1.800" r="0.740" parent="1173"/>
   <Point id="175" x="-12.870" y="284.000" z="-27.600" r="0.550" parent="174"/>
   <Point id="464" x="99.860" y="292.900" z="-17.000" r="0.550" parent="463"/>
   <Point id="964" x="-8.070" y="-277.900" z="-29.800" r="0.920" parent="963"/>
   <Point id="1175" x="-112.300" y="-300.500" z="-1.800" r="0.550" parent="1174"/>
   <Point id="176" x="-13.970" y="286.100" z="-27.600" r="0.550" parent="175"/>
   <Point id="465" x="100.900" y="296.500" z="-17.000" r="0.550" parent="464"/>
   <Point id="965" x="-9.490" y="-281.000" z="-29.400" r="0.550" parent="964"/>
   <Point id="1176" x="-112.900" y="-303.000" z="-1.800" r="0.550" parent="1175"/>
   <Point id="177" x="-14.340" y="288.100" z="-27.600" r="0.550" parent="176"/>
   <Point id="466" x="101.600" y="300.100" z="-17.000" r="0.550" parent="465"/>
   <Point id="966" x="-9.490" y="-284.100" z="-29.800" r="0.550" parent="965"/>
   <Point id="1177" x="-112.000" y="-305.500" z="-1.800" r="0.550" parent="1176"/>
   <Point id="178" x="-13.860" y="291.200" z="-27.200" r="0.550" parent="177"/>
   <Point id="467" x="102.400" y="303.100" z="-17.000" r="0.550" parent="466"/>
   <Point id="967" x="-9.860" y="-285.800" z="-29.400" r="0.550" parent="966"/>
   <Point id="1178" x="-111.600" y="-308.000" z="-2.200" r="0.550" parent="1177"/>
   <Point id="179" x="-13.310" y="294.000" z="-28.800" r="0.550" parent="178"/>
   <Point id="468" x="103.300" y="307.100" z="-16.000" r="0.550" parent="467"/>
   <Point id="968" x="-11.150" y="-286.600" z="-31.800" r="0.740" parent="967"/>
   <Point id="1179" x="-112.000" y="-310.600" z="-2.200" r="0.550" parent="1178"/>
   <Point id="180" x="-13.860" y="296.700" z="-29.600" r="0.550" parent="179"/>
   <Point id="469" x="104.000" y="310.100" z="-16.600" r="0.550" parent="468"/>
   <Point id="969" x="-10.970" y="-288.300" z="-32.000" r="0.740" parent="968"/>
   <Point id="1180" x="-113.100" y="-313.100" z="-2.200" r="0.550" parent="1179"/>
   <Point id="181" x="-15.330" y="299.000" z="-29.600" r="0.550" parent="180"/>
   <Point id="470" x="105.700" y="313.300" z="-16.800" r="0.550" parent="469"/>
   <Point id="970" x="-10.230" y="-289.800" z="-34.200" r="0.550" parent="969"/>
   <Point id="1181" x="-112.900" y="-315.500" z="-2.200" r="0.550" parent="1180"/>
   <Point id="182" x="-16.260" y="302.000" z="-30.800" r="0.370" parent="181"/>
   <Point id="471" x="107.300" y="315.100" z="-18.600" r="0.550" parent="470"/>
   <Point id="971" x="-10.790" y="-291.000" z="-34.200" r="0.370" parent="970"/>
   <Point id="1182" x="-113.500" y="-317.800" z="-2.200" r="0.550" parent="1181"/>
   <Point id="183" x="-16.630" y="304.000" z="-31.200" r="0.370" parent="182"/>
   <Point id="472" x="108.100" y="317.800" z="-18.600" r="0.550" parent="471"/>
   <Point id="972" x="-12.260" y="-292.100" z="-34.200" r="0.180" parent="971"/>
   <Point id="1183" x="-113.900" y="-320.600" z="-2.200" r="0.550" parent="1182"/>
   <Point id="184" x="-16.260" y="306.000" z="-31.200" r="0.550" parent="183"/>
   <Point id="473" x="110.100" y="319.900" z="-18.600" r="0.550" parent="472"/>
   <Point id="973" x="-13.180" y="-293.300" z="-34.200" r="0.180" parent="972"/>
   <Point id="1184" x="-114.000" y="-323.800" z="-2.200" r="0.550" parent="1183"/>
   <Point id="185" x="-16.630" y="308.000" z="-30.600" r="0.550" parent="184"/>
   <Point id="474" x="110.900" y="322.700" z="-19.600" r="0.550" parent="473"/>
   <Point id="974" x="-14.480" y="-294.300" z="-34.200" r="0.180" parent="973"/>
   <Point id="1185" x="-114.600" y="-326.100" z="-2.200" r="0.550" parent="1184"/>
   <Point id="186" x="-17.000" y="310.100" z="-30.400" r="0.550" parent="185"/>
   <Point id="475" x="111.800" y="324.400" z="-19.600" r="0.550" parent="474"/>
   <Point id="975" x="-15.770" y="-295.300" z="-33.200" r="0.180" parent="974"/>
   <Point id="1186" x="-114.200" y="-329.200" z="-2.200" r="0.550" parent="1185"/>
   <Point id="187" x="-17.730" y="312.600" z="-30.800" r="0.550" parent="186"/>
   <Point id="476" x="113.500" y="327.700" z="-19.600" r="0.550" parent="475"/>
   <Point id="976" x="-17.240" y="-295.800" z="-33.200" r="0.180" parent="975"/>
   <Point id="1187" x="-113.700" y="-330.600" z="-1.800" r="0.550" parent="1186"/>
   <Point id="188" x="-18.470" y="314.800" z="-32.200" r="0.550" parent="187"/>
   <Point id="477" x="114.100" y="330.000" z="-19.600" r="0.550" parent="476"/>
   <Point id="977" x="-19.090" y="-295.900" z="-33.200" r="0.180" parent="976"/>
   <Point id="1188" x="-114.300" y="-333.300" z="-2.400" r="0.740" parent="1187"/>
   <Point id="189" x="-19.760" y="317.300" z="-31.600" r="0.550" parent="188"/>
   <Point id="478" x="114.800" y="332.800" z="-19.600" r="0.550" parent="477"/>
   <Point id="978" x="-19.830" y="-295.900" z="-33.200" r="0.180" parent="977"/>
   <Point id="1189" x="-114.700" y="-335.700" z="-2.600" r="0.550" parent="1188"/>
   <Point id="190" x="-19.580" y="319.100" z="-31.800" r="0.550" parent="189"/>
   <Point id="479" x="116.300" y="336.500" z="-20.200" r="0.550" parent="478"/>
   <Point id="979" x="-21.300" y="-296.100" z="-32.800" r="0.550" parent="978"/>
   <Point id="1190" x="-115.100" y="-337.800" z="-2.600" r="0.550" parent="1189"/>
   <Point id="191" x="-20.820" y="323.000" z="-31.400" r="0.550" parent="190"/>
   <Point id="480" x="116.700" y="339.100" z="-20.200" r="0.550" parent="479"/>
   <Point id="1191" x="-115.400" y="-340.500" z="-3.200" r="0.550" parent="1190"/>
   <Point id="192" x="-21.190" y="327.300" z="-32.400" r="0.550" parent="191"/>
   <Point id="481" x="117.400" y="341.800" z="-20.200" r="0.550" parent="480"/>
   <Point id="1192" x="-115.400" y="-342.800" z="-3.200" r="0.550" parent="1191"/>
   <Point id="193" x="-21.370" y="330.700" z="-33.400" r="0.550" parent="192"/>
   <Point id="482" x="118.300" y="344.100" z="-20.200" r="0.550" parent="481"/>
   <Point id="1193" x="-115.400" y="-344.800" z="-3.200" r="0.550" parent="1192"/>
   <Point id="194" x="-22.660" y="333.600" z="-33.600" r="0.550" parent="193"/>
   <Point id="483" x="119.400" y="347.100" z="-20.200" r="0.550" parent="482"/>
   <Point id="1194" x="-116.200" y="-346.600" z="-3.200" r="0.740" parent="1193"/>
   <Point id="195" x="-23.770" y="337.000" z="-34.400" r="0.550" parent="194"/>
   <Point id="484" x="119.400" y="349.300" z="-20.200" r="0.550" parent="483"/>
   <Point id="1195" x="-117.300" y="-348.100" z="-3.200" r="0.550" parent="1194"/>
   <Point id="196" x="-24.510" y="340.000" z="-34.600" r="0.550" parent="195"/>
   <Point id="485" x="121.100" y="351.400" z="-20.200" r="0.550" parent="484"/>
   <Point id="1196" x="-118.400" y="-350.100" z="-2.000" r="0.370" parent="1195"/>
   <Point id="197" x="-24.140" y="342.500" z="-34.000" r="0.370" parent="196"/>
   <Point id="486" x="122.000" y="353.900" z="-20.200" r="0.550" parent="485"/>
   <Point id="1197" x="-119.300" y="-352.300" z="-2.000" r="0.370" parent="1196"/>
   <Point id="198" x="-25.060" y="344.600" z="-34.400" r="0.370" parent="197"/>
   <Point id="487" x="122.200" y="355.700" z="-21.600" r="0.550" parent="486"/>
   <Point id="1198" x="-119.900" y="-354.300" z="-2.000" r="0.550" parent="1197"/>
   <Point id="199" x="-25.060" y="346.600" z="-34.400" r="0.370" parent="198"/>
   <Point id="488" x="123.400" y="358.800" z="-21.600" r="0.550" parent="487"/>
   <Point id="1199" x="-120.400" y="-355.800" z="-2.000" r="0.550" parent="1198"/>
   <Point id="200" x="-25.250" y="349.400" z="-34.400" r="0.370" parent="199"/>
   <Point id="489" x="123.900" y="361.400" z="-21.600" r="0.550" parent="488"/>
   <Point id="1200" x="-121.300" y="-357.600" z="-2.200" r="0.740" parent="1199"/>
   <Point id="201" x="-25.430" y="350.300" z="-34.400" r="0.370" parent="200"/>
   <Point id="490" x="124.700" y="364.100" z="-21.600" r="0.550" parent="489"/>
   <Point id="1201" x="-121.300" y="-359.200" z="-2.200" r="0.740" parent="1200"/>
   <Point id="202" x="-25.880" y="353.500" z="-34.600" r="0.370" parent="201"/>
   <Point id="491" x="124.900" y="366.300" z="-21.600" r="0.550" parent="490"/>
   <Point id="1202" x="-121.500" y="-360.200" z="-2.200" r="0.550" parent="1201"/>
   <Point id="203" x="-26.620" y="354.900" z="-35.200" r="0.370" parent="202"/>
   <Point id="492" x="126.700" y="368.800" z="-21.600" r="0.550" parent="491"/>
   <Point id="1203" x="-122.300" y="-361.900" z="-2.800" r="0.550" parent="1202"/>
   <Point id="204" x="-27.730" y="356.900" z="-34.600" r="0.370" parent="203"/>
   <Point id="493" x="127.100" y="371.600" z="-22.600" r="0.550" parent="492"/>
   <Point id="1204" x="-121.400" y="-364.400" z="-2.200" r="0.550" parent="1203"/>
   <Point id="205" x="-26.990" y="358.300" z="-34.600" r="0.370" parent="204"/>
   <Point id="494" x="128.200" y="374.700" z="-22.600" r="0.550" parent="493"/>
   <Point id="1205" x="-121.200" y="-366.700" z="-4.200" r="0.550" parent="1204"/>
   <Point id="206" x="-25.510" y="359.600" z="-35.600" r="0.370" parent="205"/>
   <Point id="495" x="128.700" y="377.700" z="-23.400" r="0.550" parent="494"/>
   <Point id="1206" x="-120.700" y="-370.000" z="-4.200" r="0.550" parent="1205"/>
   <Point id="207" x="-25.510" y="361.300" z="-36.000" r="0.370" parent="206"/>
   <Point id="496" x="129.500" y="380.400" z="-24.200" r="0.550" parent="495"/>
   <Point id="1207" x="-119.700" y="-373.000" z="-4.200" r="0.550" parent="1206"/>
   <Point id="208" x="-26.070" y="363.600" z="-36.000" r="0.370" parent="207"/>
   <Point id="497" x="130.200" y="382.600" z="-24.200" r="0.550" parent="496"/>
   <Point id="1208" x="-118.800" y="-375.000" z="-3.800" r="0.370" parent="1207"/>
   <Point id="209" x="-27.730" y="365.100" z="-36.000" r="0.370" parent="208"/>
   <Point id="498" x="130.400" y="385.000" z="-24.200" r="0.550" parent="497"/>
   <Point id="1209" x="-118.100" y="-376.100" z="-3.800" r="0.180" parent="1208"/>
   <Point id="210" x="-28.280" y="367.100" z="-37.000" r="0.370" parent="209"/>
   <Point id="499" x="131.100" y="386.700" z="-24.200" r="0.550" parent="498"/>
   <Point id="1210" x="-117.200" y="-377.500" z="-3.800" r="0.180" parent="1209"/>
   <Point id="211" x="-29.200" y="369.100" z="-37.200" r="0.370" parent="210"/>
   <Point id="500" x="131.400" y="390.100" z="-24.000" r="0.550" parent="499"/>
   <Point id="1211" x="-116.800" y="-378.300" z="-3.800" r="0.180" parent="1210"/>
   <Point id="212" x="-28.830" y="370.700" z="-37.600" r="0.370" parent="211"/>
   <Point id="501" x="131.700" y="393.100" z="-24.600" r="0.550" parent="500"/>
   <Point id="1212" x="-117.300" y="-379.000" z="-3.800" r="0.180" parent="1211"/>
   <Point id="213" x="-28.830" y="373.600" z="-38.800" r="0.370" parent="212"/>
   <Point id="502" x="131.500" y="396.400" z="-25.800" r="0.550" parent="501"/>
   <Point id="1213" x="-118.300" y="-380.000" z="-3.800" r="0.180" parent="1212"/>
   <Point id="214" x="-28.460" y="376.100" z="-37.200" r="0.370" parent="213"/>
   <Point id="503" x="131.900" y="399.300" z="-25.400" r="0.550" parent="502"/>
   <Point id="1214" x="-119.600" y="-380.300" z="-4.000" r="0.180" parent="1213"/>
   <Point id="215" x="-28.650" y="377.700" z="-39.200" r="0.370" parent="214"/>
   <Point id="504" x="131.400" y="402.300" z="-25.400" r="0.550" parent="503"/>
   <Point id="1215" x="-121.200" y="-380.300" z="-3.800" r="0.180" parent="1214"/>
   <Point id="216" x="-29.200" y="379.900" z="-39.400" r="0.370" parent="215"/>
   <Point id="505" x="131.900" y="404.700" z="-26.600" r="0.550" parent="504"/>
   <Point id="1216" x="-122.700" y="-380.500" z="-3.800" r="0.180" parent="1215"/>
   <Point id="217" x="-28.280" y="381.000" z="-39.400" r="0.370" parent="216"/>
   <Point id="506" x="132.700" y="407.200" z="-26.600" r="0.550" parent="505"/>
   <Point id="1217" x="-124.300" y="-380.500" z="-3.800" r="0.550" parent="1216"/>
   <Point id="218" x="-28.040" y="383.600" z="-37.600" r="0.370" parent="217"/>
   <Point id="507" x="132.500" y="409.700" z="-26.600" r="0.550" parent="506"/>
   <Point id="219" x="-28.040" y="386.400" z="-37.600" r="0.370" parent="218"/>
   <Point id="508" x="133.200" y="411.100" z="-26.800" r="0.550" parent="507"/>
   <Point id="220" x="-28.040" y="388.400" z="-38.400" r="0.370" parent="219"/>
   <Point id="509" x="133.600" y="413.400" z="-26.800" r="0.370" parent="508"/>
   <Point id="221" x="-28.040" y="391.200" z="-37.200" r="0.370" parent="220"/>
   <Point id="510" x="133.900" y="415.500" z="-27.000" r="0.370" parent="509"/>
   <Point id="222" x="-28.780" y="394.100" z="-37.800" r="0.370" parent="221"/>
   <Point id="511" x="134.300" y="417.500" z="-27.000" r="0.370" parent="510"/>
   <Point id="223" x="-29.150" y="396.400" z="-36.800" r="0.370" parent="222"/>
   <Point id="512" x="135.100" y="421.900" z="-27.000" r="0.370" parent="511"/>
   <Point id="224" x="-29.150" y="399.400" z="-36.800" r="0.370" parent="223"/>
   <Point id="513" x="135.800" y="426.100" z="-27.000" r="0.370" parent="512"/>
   <Point id="225" x="-29.520" y="401.700" z="-36.800" r="0.370" parent="224"/>
   <Point id="514" x="136.400" y="430.600" z="-27.000" r="0.370" parent="513"/>
   <Point id="226" x="-29.890" y="404.000" z="-36.800" r="0.370" parent="225"/>
   <Point id="515" x="137.300" y="434.900" z="-27.000" r="0.370" parent="514"/>
   <Point id="227" x="-30.260" y="407.500" z="-36.800" r="0.370" parent="226"/>
   <Point id="516" x="138.100" y="439.700" z="-27.000" r="0.370" parent="515"/>
   <Point id="228" x="-30.260" y="410.500" z="-38.400" r="0.370" parent="227"/>
   <Point id="517" x="139.200" y="442.200" z="-27.000" r="0.370" parent="516"/>
   <Point id="229" x="-30.440" y="412.300" z="-38.400" r="0.370" parent="228"/>
   <Point id="518" x="139.500" y="444.400" z="-27.000" r="0.370" parent="517"/>
   <Point id="230" x="-31.250" y="415.100" z="-36.800" r="0.370" parent="229"/>
   <Point id="519" x="138.800" y="446.700" z="-27.000" r="0.370" parent="518"/>
   <Point id="231" x="-31.990" y="417.400" z="-38.400" r="0.370" parent="230"/>
   <Point id="520" x="138.800" y="448.300" z="-27.000" r="0.370" parent="519"/>
   <Point id="232" x="-32.360" y="420.200" z="-38.400" r="0.370" parent="231"/>
   <Point id="521" x="139.800" y="451.600" z="-26.400" r="0.370" parent="520"/>
   <Point id="233" x="-33.100" y="423.000" z="-38.400" r="0.370" parent="232"/>
   <Point id="522" x="140.700" y="454.600" z="-26.400" r="0.370" parent="521"/>
   <Point id="234" x="-33.100" y="426.700" z="-38.400" r="0.370" parent="233"/>
   <Point id="523" x="141.800" y="457.700" z="-28.000" r="0.370" parent="522"/>
   <Point id="235" x="-33.100" y="429.700" z="-39.600" r="0.370" parent="234"/>
   <Point id="524" x="143.100" y="461.200" z="-28.000" r="0.370" parent="523"/>
   <Point id="236" x="-33.650" y="432.200" z="-39.600" r="0.370" parent="235"/>
   <Point id="525" x="143.800" y="464.400" z="-29.400" r="0.370" parent="524"/>
   <Point id="237" x="-33.830" y="434.700" z="-39.600" r="0.370" parent="236"/>
   <Point id="526" x="145.300" y="467.000" z="-29.400" r="0.370" parent="525"/>
   <Point id="238" x="-34.200" y="438.000" z="-39.000" r="0.180" parent="237"/>
   <Point id="527" x="147.000" y="469.800" z="-29.400" r="0.370" parent="526"/>
   <Point id="239" x="-34.570" y="439.300" z="-39.000" r="0.180" parent="238"/>
   <Point id="528" x="148.100" y="472.700" z="-29.400" r="0.370" parent="527"/>
   <Point id="240" x="-34.940" y="442.000" z="-39.000" r="0.180" parent="239"/>
   <Point id="529" x="149.000" y="475.100" z="-29.400" r="0.370" parent="528"/>
   <Point id="241" x="-35.310" y="443.000" z="-39.600" r="0.180" parent="240"/>
   <Point id="530" x="149.200" y="477.800" z="-31.000" r="0.370" parent="529"/>
   <Point id="242" x="-35.230" y="445.200" z="-41.200" r="0.180" parent="241"/>
   <Point id="531" x="149.000" y="479.600" z="-31.000" r="0.370" parent="530"/>
   <Point id="243" x="-35.230" y="447.600" z="-38.600" r="0.180" parent="242"/>
   <Point id="532" x="148.900" y="482.200" z="-30.600" r="0.370" parent="531"/>
   <Point id="244" x="-35.230" y="449.300" z="-39.000" r="0.370" parent="243"/>
   <Point id="533" x="148.900" y="484.500" z="-30.600" r="0.370" parent="532"/>
   <Point id="245" x="-35.040" y="451.000" z="-39.000" r="0.370" parent="244"/>
   <Point id="534" x="149.300" y="486.900" z="-30.600" r="0.370" parent="533"/>
   <Point id="246" x="-34.670" y="453.300" z="-40.000" r="0.370" parent="245"/>
   <Point id="535" x="149.300" y="488.500" z="-31.000" r="0.370" parent="534"/>
   <Point id="247" x="-34.310" y="456.000" z="-40.000" r="0.370" parent="246"/>
   <Point id="536" x="148.700" y="490.700" z="-31.000" r="0.370" parent="535"/>
   <Point id="248" x="-34.670" y="458.300" z="-40.000" r="0.370" parent="247"/>
   <Point id="537" x="147.800" y="493.700" z="-31.000" r="0.180" parent="536"/>
   <Point id="249" x="-35.230" y="460.800" z="-39.800" r="0.370" parent="248"/>
   <Point id="538" x="147.400" y="496.600" z="-31.000" r="0.180" parent="537"/>
   <Point id="250" x="-34.860" y="462.800" z="-39.800" r="0.370" parent="249"/>
   <Point id="539" x="147.400" y="499.300" z="-31.000" r="0.180" parent="538"/>
   <Point id="251" x="-34.860" y="464.600" z="-41.200" r="0.370" parent="250"/>
   <Point id="540" x="147.600" y="502.600" z="-31.000" r="0.180" parent="539"/>
   <Point id="252" x="-34.860" y="466.800" z="-40.800" r="0.370" parent="251"/>
   <Point id="541" x="148.200" y="506.100" z="-31.000" r="0.180" parent="540"/>
   <Point id="253" x="-35.230" y="468.900" z="-40.800" r="0.370" parent="252"/>
   <Point id="542" x="149.400" y="508.400" z="-31.000" r="0.180" parent="541"/>
   <Point id="254" x="-35.410" y="470.900" z="-42.600" r="0.370" parent="253"/>
   <Point id="543" x="150.000" y="510.400" z="-31.000" r="0.180" parent="542"/>
   <Point id="255" x="-35.600" y="473.400" z="-42.600" r="0.370" parent="254"/>
   <Point id="544" x="151.200" y="514.200" z="-28.600" r="0.180" parent="543"/>
   <Point id="256" x="-36.450" y="478.000" z="-42.600" r="0.370" parent="255"/>
   <Point id="545" x="151.700" y="516.500" z="-28.600" r="0.180" parent="544"/>
   <Point id="257" x="-36.450" y="481.300" z="-42.600" r="0.370" parent="256"/>
   <Point id="546" x="152.700" y="519.000" z="-28.600" r="0.180" parent="545"/>
   <Point id="258" x="-37.190" y="483.800" z="-42.600" r="0.370" parent="257"/>
   <Point id="547" x="153.200" y="522.600" z="-30.400" r="0.180" parent="546"/>
   <Point id="259" x="-38.480" y="487.300" z="-42.600" r="0.370" parent="258"/>
   <Point id="548" x="153.800" y="526.100" z="-30.400" r="0.180" parent="547"/>
   <Point id="260" x="-38.480" y="490.500" z="-44.000" r="0.370" parent="259"/>
   <Point id="549" x="154.700" y="529.900" z="-30.400" r="0.180" parent="548"/>
   <Point id="261" x="-37.560" y="492.300" z="-44.000" r="0.370" parent="260"/>
   <Point id="550" x="155.600" y="533.100" z="-30.200" r="0.180" parent="549"/>
   <Point id="262" x="-37.370" y="496.300" z="-44.000" r="0.370" parent="261"/>
   <Point id="551" x="156.500" y="535.600" z="-30.200" r="0.180" parent="550"/>
   <Point id="263" x="-37.370" y="499.900" z="-44.000" r="0.370" parent="262"/>
   <Point id="552" x="158.600" y="537.600" z="-30.200" r="0.180" parent="551"/>
   <Point id="264" x="-37.190" y="503.100" z="-44.000" r="0.370" parent="263"/>
   <Point id="553" x="160.000" y="540.100" z="-30.400" r="0.180" parent="552"/>
   <Point id="265" x="-36.450" y="505.100" z="-44.000" r="0.370" parent="264"/>
   <Point id="554" x="161.000" y="541.600" z="-30.400" r="0.180" parent="553"/>
   <Point id="266" x="-35.590" y="509.800" z="-44.000" r="0.370" parent="265"/>
   <Point id="555" x="163.500" y="544.900" z="-30.000" r="0.180" parent="554"/>
   <Point id="267" x="-35.590" y="513.600" z="-44.000" r="0.370" parent="266"/>
   <Point id="556" x="164.800" y="548.300" z="-30.000" r="0.180" parent="555"/>
   <Point id="268" x="-36.140" y="519.100" z="-44.000" r="0.370" parent="267"/>
   <Point id="557" x="166.800" y="551.400" z="-30.000" r="0.180" parent="556"/>
   <Point id="269" x="-36.700" y="523.700" z="-43.000" r="0.370" parent="268"/>
   <Point id="558" x="167.500" y="554.700" z="-30.000" r="0.180" parent="557"/>
   <Point id="270" x="-36.700" y="527.700" z="-43.200" r="0.370" parent="269"/>
   <Point id="559" x="168.100" y="558.000" z="-30.000" r="0.180" parent="558"/>
   <Point id="271" x="-37.430" y="530.200" z="-43.200" r="0.370" parent="270"/>
   <Point id="560" x="169.200" y="560.400" z="-30.000" r="0.180" parent="559"/>
   <Point id="272" x="-37.800" y="532.400" z="-43.200" r="0.370" parent="271"/>
   <Point id="561" x="171.000" y="563.000" z="-30.000" r="0.180" parent="560"/>
   <Point id="273" x="-38.540" y="536.000" z="-43.200" r="0.370" parent="272"/>
   <Point id="562" x="172.900" y="565.500" z="-30.000" r="0.180" parent="561"/>
   <Point id="274" x="-38.610" y="537.900" z="-43.600" r="0.370" parent="273"/>
   <Point id="563" x="175.100" y="568.700" z="-30.000" r="0.180" parent="562"/>
   <Point id="275" x="-39.350" y="541.400" z="-43.600" r="0.370" parent="274"/>
   <Point id="564" x="177.100" y="570.500" z="-30.000" r="0.180" parent="563"/>
   <Point id="276" x="-39.530" y="545.100" z="-45.600" r="0.370" parent="275"/>
   <Point id="565" x="179.000" y="572.700" z="-30.000" r="0.180" parent="564"/>
   <Point id="277" x="-39.900" y="548.200" z="-45.600" r="0.370" parent="276"/>
   <Point id="566" x="180.000" y="573.700" z="-29.400" r="0.180" parent="565"/>
   <Point id="278" x="-40.830" y="551.200" z="-45.600" r="0.370" parent="277"/>
   <Point id="567" x="180.700" y="574.700" z="-29.400" r="0.370" parent="566"/>
   <Point id="279" x="-40.830" y="554.000" z="-45.600" r="0.370" parent="278"/>
   <Point id="280" x="-41.200" y="557.900" z="-45.600" r="0.370" parent="279"/>
   <Point id="281" x="-41.380" y="560.900" z="-45.600" r="0.370" parent="280"/>
   <Point id="282" x="-41.380" y="564.700" z="-47.400" r="0.370" parent="281"/>
   <Point id="283" x="-41.560" y="567.500" z="-47.400" r="0.370" parent="282"/>
   <Point id="284" x="-41.430" y="572.600" z="-47.400" r="0.370" parent="283"/>
   <Point id="285" x="-41.060" y="577.400" z="-47.400" r="0.370" parent="284"/>
   <Point id="286" x="-40.870" y="580.100" z="-47.400" r="0.370" parent="285"/>
   <Point id="287" x="-41.240" y="583.500" z="-47.400" r="0.370" parent="286"/>
   <Point id="288" x="-40.510" y="585.900" z="-47.400" r="0.370" parent="287"/>
   <Point id="289" x="-41.800" y="589.400" z="-47.400" r="0.370" parent="288"/>
   <Point id="290" x="-41.800" y="593.200" z="-49.800" r="0.370" parent="289"/>
   <Point id="291" x="-41.430" y="595.300" z="-49.800" r="0.370" parent="290"/>
   <Point id="292" x="-41.430" y="598.300" z="-49.800" r="0.370" parent="291"/>
   <Point id="293" x="-41.510" y="600.400" z="-49.800" r="0.370" parent="292"/>
   <Point id="294" x="-44.280" y="602.600" z="-49.400" r="0.370" parent="293"/>
   <Point id="295" x="-44.460" y="605.000" z="-51.200" r="0.370" parent="294"/>
   <Point id="296" x="-43.730" y="607.000" z="-51.200" r="0.370" parent="295"/>
   <Point id="297" x="-44.280" y="609.500" z="-51.400" r="0.370" parent="296"/>
   <Point id="298" x="-45.020" y="611.200" z="-51.400" r="0.370" parent="297"/>
   <Point id="299" x="-46.490" y="613.200" z="-51.400" r="0.370" parent="298"/>
   <Point id="300" x="-47.230" y="615.700" z="-51.400" r="0.370" parent="299"/>
   <Point id="301" x="-48.710" y="618.200" z="-51.400" r="0.370" parent="300"/>
   <Point id="302" x="-49.450" y="620.200" z="-52.000" r="0.370" parent="301"/>
   <Point id="303" x="-50.920" y="622.700" z="-52.000" r="0.370" parent="302"/>
   <Point id="304" x="-52.770" y="624.800" z="-54.800" r="0.370" parent="303"/>
   <Point id="305" x="-55.170" y="626.800" z="-54.800" r="0.370" parent="304"/>
   <Point id="306" x="-56.090" y="628.500" z="-54.800" r="0.370" parent="305"/>
   <Point id="307" x="-57.560" y="629.600" z="-54.800" r="0.370" parent="306"/>
   <Point id="308" x="-59.830" y="632.000" z="-54.200" r="0.370" parent="307"/>
   <Point id="309" x="-61.300" y="634.400" z="-54.200" r="0.370" parent="308"/>
   <Point id="310" x="-62.410" y="637.700" z="-54.200" r="0.370" parent="309"/>
   <Point id="311" x="-63.150" y="640.700" z="-54.200" r="0.370" parent="310"/>
   <Point id="312" x="-64.990" y="643.300" z="-56.800" r="0.370" parent="311"/>
   <Point id="313" x="-66.280" y="645.100" z="-56.800" r="0.370" parent="312"/>
   <Point id="314" x="-67.210" y="647.600" z="-56.800" r="0.550" parent="313"/>
   <Point id="315" x="-67.940" y="648.600" z="-55.800" r="0.550" parent="314"/>
   <Point id="316" x="-68.680" y="650.000" z="-55.800" r="0.370" parent="315"/>
   <Point id="317" x="-70.900" y="652.800" z="-55.400" r="0.370" parent="316"/>
   <Point id="318" x="-71.630" y="654.800" z="-55.400" r="0.370" parent="317"/>
   <Point id="319" x="-72.190" y="657.100" z="-55.400" r="0.370" parent="318"/>
   <Point id="320" x="-72.740" y="659.600" z="-55.400" r="0.370" parent="319"/>
   <Point id="321" x="-72.930" y="661.300" z="-55.400" r="0.370" parent="320"/>
   <Point id="322" x="-73.570" y="664.500" z="-55.200" r="0.370" parent="321"/>
   <Point id="323" x="-73.570" y="666.800" z="-55.200" r="0.370" parent="322"/>
   <Point id="324" x="-74.120" y="668.900" z="-55.200" r="0.370" parent="323"/>
   <Point id="325" x="-75.410" y="670.800" z="-55.200" r="0.370" parent="324"/>
   <Point id="326" x="-76.330" y="673.600" z="-55.200" r="0.370" parent="325"/>
   <Point id="327" x="-76.330" y="675.600" z="-55.200" r="0.370" parent="326"/>
   <Point id="328" x="-75.780" y="676.900" z="-56.200" r="0.370" parent="327"/>
   <Point id="329" x="-76.520" y="678.400" z="-56.200" r="0.370" parent="328"/>
   <Point id="330" x="-77.440" y="680.200" z="-56.200" r="0.370" parent="329"/>
   <Point id="331" x="-77.620" y="682.600" z="-56.200" r="0.180" parent="330"/>
   <Point id="332" x="-77.810" y="684.100" z="-56.800" r="0.180" parent="331"/>
   <Point id="333" x="-78.730" y="685.900" z="-56.800" r="0.180" parent="332"/>
   <Point id="334" x="-79.290" y="688.500" z="-56.800" r="0.180" parent="333"/>
   <Point id="335" x="-79.650" y="690.500" z="-57.400" r="0.180" parent="334"/>
   <Point id="336" x="-80.210" y="692.200" z="-57.400" r="0.180" parent="335"/>
   <Point id="337" x="-80.870" y="694.000" z="-56.000" r="0.180" parent="336"/>
   <Point id="338" x="-80.310" y="695.600" z="-56.000" r="0.180" parent="337"/>
   <Point id="339" x="-80.130" y="697.800" z="-58.200" r="0.180" parent="338"/>
   <Point id="340" x="-80.500" y="699.300" z="-58.200" r="0.180" parent="339"/>
   <Point id="341" x="-81.420" y="701.100" z="-58.200" r="0.370" parent="340"/>
   <Point id="342" x="-82.160" y="702.900" z="-59.400" r="0.180" parent="341"/>
   <Point id="343" x="-82.160" y="704.300" z="-59.400" r="0.180" parent="342"/>
   <Point id="344" x="-82.530" y="705.600" z="-59.400" r="0.180" parent="343"/>
   <Point id="345" x="-84.190" y="707.400" z="-57.600" r="0.180" parent="344"/>
   <Point id="346" x="-85.660" y="708.800" z="-58.000" r="0.180" parent="345"/>
   <Point id="347" x="-87.140" y="709.700" z="-58.400" r="0.180" parent="346"/>
   <Point id="348" x="-87.880" y="710.900" z="-58.600" r="0.180" parent="347"/>
   <Point id="349" x="-87.880" y="712.200" z="-58.400" r="0.180" parent="348"/>
   <Point id="350" x="-88.610" y="713.200" z="-58.400" r="0.180" parent="349"/>
   <Point id="351" x="-89.720" y="713.100" z="-58.400" r="0.180" parent="350"/>
   <Point id="352" x="-90.090" y="711.600" z="-60.000" r="0.180" parent="351"/>
   <Point id="353" x="-90.830" y="710.400" z="-60.000" r="0.180" parent="352"/>
   <Point id="354" x="-91.570" y="710.900" z="-60.000" r="0.180" parent="353"/>
   <Point id="355" x="-92.300" y="711.200" z="-60.400" r="0.180" parent="354"/>
   <Point id="356" x="-93.600" y="712.400" z="-59.600" r="0.180" parent="355"/>
   <Point id="357" x="-94.520" y="713.600" z="-59.200" r="0.180" parent="356"/>
   <Point id="358" x="-95.260" y="714.600" z="-59.200" r="0.180" parent="357"/>
   <Point id="359" x="-95.810" y="715.600" z="-59.400" r="0.180" parent="358"/>
   <Point id="360" x="-96.920" y="716.200" z="-59.400" r="0.180" parent="359"/>
   <Point id="361" x="-96.730" y="714.600" z="-59.400" r="0.180" parent="360"/>
   <Point id="372" x="-97.660" y="716.200" z="-59.400" r="0.180" parent="360"/>
   <Point id="362" x="-96.730" y="713.100" z="-59.400" r="0.180" parent="361"/>
   <Point id="373" x="-98.580" y="715.400" z="-59.200" r="0.180" parent="372"/>
   <Point id="363" x="-97.470" y="712.200" z="-59.400" r="0.180" parent="362"/>
   <Point id="374" x="-100.400" y="715.200" z="-59.200" r="0.180" parent="373"/>
   <Point id="364" x="-98.580" y="711.600" z="-59.400" r="0.180" parent="363"/>
   <Point id="375" x="-101.700" y="715.200" z="-60.800" r="0.180" parent="374"/>
   <Point id="365" x="-100.600" y="710.400" z="-59.400" r="0.180" parent="364"/>
   <Point id="376" x="-102.600" y="715.600" z="-60.400" r="0.180" parent="375"/>
   <Point id="366" x="-101.500" y="708.600" z="-59.400" r="0.180" parent="365"/>
   <Point id="377" x="-103.400" y="715.700" z="-60.200" r="0.180" parent="376"/>
   <Point id="367" x="-101.500" y="706.900" z="-59.400" r="0.180" parent="366"/>
   <Point id="378" x="-104.700" y="715.900" z="-60.200" r="0.180" parent="377"/>
   <Point id="368" x="-102.600" y="705.400" z="-59.400" r="0.180" parent="367"/>
   <Point id="379" x="-105.400" y="716.900" z="-60.200" r="0.550" parent="378"/>
   <Point id="369" x="-103.000" y="704.600" z="-58.800" r="0.180" parent="368"/>
   <Point id="370" x="-103.700" y="703.900" z="-58.800" r="0.180" parent="369"/>
   <Point id="371" x="-104.500" y="703.300" z="-58.800" r="0.550" parent="370"/>
</CellMorphology>

