<CellMorphology id="Nigra12h945-1">
   <Point id="1" x="15.810" y="-7.080" z="-0.630" r="13.300" label="soma"/>
   <Point id="2" x="16.500" y="-7.400" z="-0.660" r="13.250" parent="1" label="soma"/>
   <Point id="59" x="14.990" y="-6.960" z="-0.610" r="13.030" parent="1" label="soma"/>
   <Point id="3" x="17.110" y="-7.830" z="-0.690" r="13.240" parent="2" label="soma"/>
   <Point id="60" x="14.530" y="-6.380" z="-0.580" r="13.070" parent="59" label="soma"/>
   <Point id="4" x="17.430" y="-8.650" z="-0.720" r="12.840" parent="3" label="soma"/>
   <Point id="61" x="13.870" y="-6.080" z="-0.550" r="12.860" parent="60" label="soma"/>
   <Point id="5" x="17.740" y="-9.530" z="-0.750" r="12.260" parent="4" label="soma"/>
   <Point id="62" x="13.240" y="-5.720" z="-0.530" r="12.790" parent="61" label="soma"/>
   <Point id="6" x="18.040" y="-10.400" z="-0.780" r="11.670" parent="5" label="soma"/>
   <Point id="63" x="12.350" y="-5.640" z="-0.500" r="12.270" parent="62" label="soma"/>
   <Point id="7" x="18.720" y="-11.200" z="-0.820" r="11.210" parent="6" label="soma"/>
   <Point id="64" x="11.650" y="-5.350" z="-0.470" r="11.890" parent="63" label="soma"/>
   <Point id="8" x="18.940" y="-12.010" z="-0.840" r="10.580" parent="7" label="soma"/>
   <Point id="65" x="10.940" y="-5.060" z="-0.440" r="11.600" parent="64" label="soma"/>
   <Point id="9" x="19.280" y="-12.570" z="-0.870" r="10.220" parent="8" label="soma"/>
   <Point id="66" x="10.440" y="-4.860" z="-0.420" r="11.090" parent="65" label="soma"/>
   <Point id="10" x="18.780" y="-14.550" z="-0.900" r="8.410" parent="9" label="soma"/>
   <Point id="67" x="9.580" y="-4.690" z="-0.400" r="10.410" parent="66" label="soma"/>
   <Point id="11" x="18.590" y="-16.010" z="-0.930" r="7.020" parent="10" label="soma"/>
   <Point id="68" x="8.480" y="-4.570" z="-0.360" r="9.555" parent="67" label="soma"/>
   <Point id="12" x="18.730" y="-17.200" z="-0.960" r="6.055" parent="11" label="soma"/>
   <Point id="69" x="7.650" y="-4.470" z="-0.330" r="8.775" parent="68" label="soma"/>
   <Point id="13" x="19.100" y="-17.940" z="-0.990" r="5.310" parent="12" label="soma"/>
   <Point id="70" x="6.850" y="-4.310" z="-0.310" r="7.990" parent="69" label="soma"/>
   <Point id="14" x="19.290" y="-18.450" z="-1.010" r="4.830" parent="13" label="soma"/>
   <Point id="71" x="5.950" y="-4.060" z="-0.280" r="7.215" parent="70" label="soma"/>
   <Point id="15" x="19.630" y="-19.140" z="-1.030" r="4.570" parent="14" label="soma"/>
   <Point id="72" x="5.310" y="-3.740" z="-0.250" r="6.550" parent="71" label="soma"/>
   <Point id="16" x="20.000" y="-19.840" z="-1.060" r="4.195" parent="15" label="soma"/>
   <Point id="73" x="4.670" y="-3.330" z="-0.220" r="6.050" parent="72" label="soma"/>
   <Point id="17" x="21.620" y="-19.590" z="-1.100" r="3.750" parent="16" label="soma"/>
   <Point id="74" x="3.920" y="-3.030" z="-0.190" r="5.545" parent="73" label="soma"/>
   <Point id="18" x="22.030" y="-20.360" z="-1.130" r="3.400" parent="17" label="soma"/>
   <Point id="75" x="3.300" y="-2.610" z="-0.160" r="4.960" parent="74" label="soma"/>
   <Point id="19" x="22.520" y="-20.760" z="-1.160" r="3.050" parent="18" label="soma"/>
   <Point id="76" x="2.630" y="-2.270" z="-0.140" r="4.415" parent="75" label="soma"/>
   <Point id="284" x="1.787" y="3.092" z="-0.053" r="0.740" parent="75"/>
   <Point id="480" x="2.720" y="-3.887" z="-0.183" r="2.210" parent="75" label="soma"/>
   <Point id="20" x="22.980" y="-21.120" z="-1.180" r="2.700" parent="19" label="soma"/>
   <Point id="77" x="2.130" y="-1.750" z="-0.110" r="3.745" parent="76" label="soma"/>
   <Point id="285" x="0.317" y="4.762" z="0.947" r="0.740" parent="284"/>
   <Point id="481" x="3.640" y="-2.557" z="-0.183" r="1.660" parent="480" label="soma"/>
   <Point id="21" x="23.350" y="-21.340" z="-1.200" r="2.580" parent="20" label="soma"/>
   <Point id="78" x="1.470" y="-1.480" z="-0.079" r="3.030" parent="77" label="soma"/>
   <Point id="286" x="-2.083" y="7.082" z="0.747" r="0.550" parent="285"/>
   <Point id="482" x="4.190" y="-2.057" z="-0.183" r="1.480" parent="481" label="soma"/>
   <Point id="22" x="23.900" y="-22.670" z="-1.200" r="2.580" parent="21" label="soma"/>
   <Point id="79" x="0.720" y="-1.310" z="-0.060" r="2.290" parent="78" label="soma"/>
   <Point id="287" x="-5.033" y="10.240" z="0.747" r="0.550" parent="286"/>
   <Point id="483" x="4.560" y="-1.567" z="-0.183" r="1.290" parent="482"/>
   <Point id="23" x="24.830" y="-24.000" z="-1.200" r="1.850" parent="22" label="soma"/>
   <Point id="80" x="0.150" y="-1.060" z="-0.039" r="1.565" parent="79"/>
   <Point id="288" x="-6.643" y="12.140" z="1.347" r="0.550" parent="287"/>
   <Point id="484" x="4.930" y="-1.067" z="-0.183" r="1.110" parent="483"/>
   <Point id="24" x="25.560" y="-25.500" z="-1.200" r="1.850" parent="23"/>
   <Point id="81" x="-0.560" y="-0.870" z="-0.010" r="1.500" parent="80"/>
   <Point id="289" x="-9.773" y="14.130" z="1.347" r="0.550" parent="288"/>
   <Point id="485" x="5.480" y="-0.237" z="-1.183" r="0.920" parent="484"/>
   <Point id="25" x="25.930" y="-26.820" z="-1.200" r="1.660" parent="24"/>
   <Point id="82" x="-1.000" y="-0.740" z="0.000" r="1.500" parent="81"/>
   <Point id="290" x="-13.460" y="15.960" z="1.347" r="0.550" parent="289"/>
   <Point id="486" x="6.040" y="0.263" z="-0.983" r="0.740" parent="485"/>
   <Point id="26" x="26.250" y="-29.220" z="-1.200" r="1.480" parent="25"/>
   <Point id="83" x="-3.030" y="0.260" z="0.000" r="0.920" parent="82"/>
   <Point id="291" x="-17.340" y="16.630" z="0.147" r="0.550" parent="290"/>
   <Point id="487" x="6.410" y="0.763" z="-0.583" r="0.740" parent="486"/>
   <Point id="27" x="26.980" y="-31.210" z="-1.200" r="1.480" parent="26"/>
   <Point id="84" x="-4.870" y="1.090" z="0.000" r="0.920" parent="83"/>
   <Point id="292" x="-22.320" y="16.960" z="0.347" r="0.550" parent="291"/>
   <Point id="488" x="6.960" y="1.263" z="-0.583" r="0.740" parent="487"/>
   <Point id="28" x="27.350" y="-32.870" z="-1.200" r="1.480" parent="27"/>
   <Point id="85" x="-6.350" y="2.250" z="0.000" r="0.920" parent="84"/>
   <Point id="293" x="-25.640" y="17.460" z="1.147" r="0.550" parent="292"/>
   <Point id="489" x="7.510" y="2.093" z="-0.583" r="0.740" parent="488"/>
   <Point id="29" x="27.540" y="-35.030" z="-1.200" r="1.480" parent="28"/>
   <Point id="86" x="-6.350" y="4.250" z="-0.200" r="0.740" parent="85"/>
   <Point id="294" x="-28.040" y="18.290" z="1.147" r="0.550" parent="293"/>
   <Point id="490" x="8.250" y="2.593" z="-0.583" r="0.740" parent="489"/>
   <Point id="30" x="27.910" y="-37.030" z="-1.200" r="1.480" parent="29"/>
   <Point id="87" x="-6.900" y="5.910" z="-0.800" r="0.740" parent="86"/>
   <Point id="295" x="-30.990" y="18.290" z="1.747" r="0.550" parent="294"/>
   <Point id="491" x="9.170" y="3.753" z="-0.583" r="0.740" parent="490"/>
   <Point id="31" x="28.090" y="-39.350" z="-1.200" r="1.480" parent="30"/>
   <Point id="88" x="-7.270" y="8.230" z="-0.800" r="0.740" parent="87"/>
   <Point id="296" x="-35.610" y="18.290" z="2.147" r="0.550" parent="295"/>
   <Point id="492" x="10.280" y="5.253" z="-0.783" r="0.740" parent="491"/>
   <Point id="32" x="28.460" y="-41.510" z="-1.200" r="1.480" parent="31"/>
   <Point id="89" x="-6.900" y="10.390" z="-0.800" r="0.920" parent="88"/>
   <Point id="297" x="-38.560" y="17.950" z="2.147" r="0.550" parent="296"/>
   <Point id="493" x="11.200" y="6.743" z="-0.783" r="0.740" parent="492"/>
   <Point id="33" x="28.650" y="-44.000" z="-1.200" r="1.480" parent="32"/>
   <Point id="90" x="-6.540" y="12.720" z="-0.800" r="0.740" parent="89"/>
   <Point id="298" x="-41.510" y="18.120" z="1.947" r="0.550" parent="297"/>
   <Point id="494" x="12.130" y="8.243" z="0.217" r="0.740" parent="493"/>
   <Point id="34" x="29.010" y="-46.160" z="-1.200" r="1.480" parent="33"/>
   <Point id="91" x="-7.460" y="14.880" z="-0.200" r="0.740" parent="90"/>
   <Point id="299" x="-43.720" y="17.950" z="1.947" r="0.550" parent="298"/>
   <Point id="495" x="13.420" y="10.060" z="1.817" r="0.740" parent="494"/>
   <Point id="35" x="29.380" y="-48.320" z="-1.200" r="1.480" parent="34"/>
   <Point id="92" x="-7.640" y="17.540" z="-0.200" r="0.740" parent="91"/>
   <Point id="300" x="-45.570" y="19.450" z="1.947" r="0.550" parent="299"/>
   <Point id="496" x="14.340" y="12.060" z="1.817" r="0.740" parent="495"/>
   <Point id="36" x="29.940" y="-49.480" z="-1.200" r="1.480" parent="35"/>
   <Point id="93" x="-6.900" y="20.190" z="-0.800" r="0.740" parent="92"/>
   <Point id="301" x="-49.070" y="21.280" z="1.947" r="0.550" parent="300"/>
   <Point id="497" x="15.450" y="13.880" z="2.617" r="0.740" parent="496"/>
   <Point id="37" x="30.310" y="-51.640" z="-1.200" r="1.480" parent="36"/>
   <Point id="94" x="-5.610" y="24.180" z="-1.200" r="0.740" parent="93"/>
   <Point id="302" x="-53.320" y="22.770" z="2.347" r="0.550" parent="301"/>
   <Point id="498" x="16.370" y="15.710" z="2.617" r="0.740" parent="497"/>
   <Point id="38" x="30.310" y="-53.140" z="-1.200" r="1.480" parent="37"/>
   <Point id="95" x="-4.380" y="26.740" z="-1.200" r="0.920" parent="94"/>
   <Point id="303" x="-54.790" y="23.600" z="2.347" r="0.740" parent="302"/>
   <Point id="499" x="17.480" y="17.700" z="2.617" r="0.740" parent="498"/>
   <Point id="39" x="30.860" y="-54.970" z="-1.200" r="1.290" parent="38"/>
   <Point id="96" x="-2.540" y="28.740" z="-1.400" r="0.740" parent="95"/>
   <Point id="304" x="-55.720" y="24.430" z="2.347" r="0.920" parent="303"/>
   <Point id="500" x="18.580" y="19.530" z="3.217" r="0.740" parent="499"/>
   <Point id="40" x="31.040" y="-55.960" z="-1.200" r="1.290" parent="39"/>
   <Point id="97" x="-0.320" y="31.730" z="-2.200" r="0.740" parent="96"/>
   <Point id="305" x="-56.640" y="24.930" z="2.347" r="0.740" parent="304"/>
   <Point id="501" x="18.400" y="19.200" z="4.017" r="0.920" parent="500"/>
   <Point id="41" x="31.410" y="-56.630" z="-1.200" r="1.480" parent="40"/>
   <Point id="98" x="1.340" y="34.390" z="-3.400" r="0.550" parent="97"/>
   <Point id="306" x="-58.110" y="26.090" z="2.347" r="0.550" parent="305"/>
   <Point id="502" x="19.320" y="20.690" z="4.017" r="0.920" parent="501"/>
   <Point id="42" x="32.020" y="-58.190" z="-1.200" r="1.480" parent="41"/>
   <Point id="99" x="2.260" y="36.050" z="-4.400" r="0.740" parent="98"/>
   <Point id="307" x="-59.450" y="27.210" z="0.547" r="0.550" parent="306"/>
   <Point id="503" x="19.510" y="21.360" z="3.217" r="0.920" parent="502"/>
   <Point id="43" x="32.750" y="-60.180" z="-1.200" r="1.480" parent="42"/>
   <Point id="100" x="3.370" y="37.710" z="-4.800" r="0.920" parent="99"/>
   <Point id="308" x="-61.300" y="28.370" z="2.347" r="0.550" parent="307"/>
   <Point id="504" x="20.890" y="23.610" z="2.417" r="0.920" parent="503"/>
   <Point id="44" x="33.490" y="-62.010" z="-1.200" r="1.290" parent="43"/>
   <Point id="101" x="3.740" y="40.370" z="-4.200" r="0.550" parent="100"/>
   <Point id="309" x="-63.880" y="29.040" z="1.347" r="0.550" parent="308"/>
   <Point id="505" x="22.190" y="25.770" z="2.417" r="0.740" parent="504"/>
   <Point id="45" x="34.050" y="-63.670" z="-1.200" r="1.110" parent="44"/>
   <Point id="102" x="4.110" y="43.020" z="-4.200" r="0.550" parent="101"/>
   <Point id="310" x="-65.730" y="29.700" z="-0.053" r="0.550" parent="309"/>
   <Point id="506" x="23.850" y="27.770" z="3.417" r="0.740" parent="505"/>
   <Point id="46" x="34.410" y="-65.000" z="-1.200" r="1.110" parent="45"/>
   <Point id="103" x="4.660" y="44.520" z="-4.200" r="0.740" parent="102"/>
   <Point id="311" x="-67.200" y="30.860" z="-0.053" r="0.550" parent="310"/>
   <Point id="507" x="25.690" y="30.260" z="2.817" r="0.740" parent="506"/>
   <Point id="47" x="35.150" y="-66.660" z="-1.200" r="1.110" parent="46"/>
   <Point id="104" x="6.500" y="47.010" z="-3.600" r="0.740" parent="103"/>
   <Point id="312" x="-68.680" y="32.030" z="-0.053" r="0.550" parent="311"/>
   <Point id="508" x="27.540" y="33.080" z="2.817" r="0.740" parent="507"/>
   <Point id="48" x="36.070" y="-68.320" z="-1.200" r="1.110" parent="47"/>
   <Point id="105" x="9.090" y="49.830" z="-4.200" r="0.740" parent="104"/>
   <Point id="313" x="-69.970" y="32.530" z="-0.453" r="0.740" parent="312"/>
   <Point id="509" x="28.640" y="35.570" z="2.817" r="0.740" parent="508"/>
   <Point id="49" x="36.810" y="-69.980" z="-1.200" r="1.110" parent="48"/>
   <Point id="106" x="11.120" y="51.990" z="-4.200" r="0.740" parent="105"/>
   <Point id="314" x="-71.260" y="33.520" z="-0.853" r="0.550" parent="313"/>
   <Point id="510" x="29.930" y="37.900" z="2.217" r="0.740" parent="509"/>
   <Point id="50" x="37.740" y="-71.480" z="-1.200" r="1.110" parent="49"/>
   <Point id="107" x="14.070" y="55.320" z="-4.800" r="0.740" parent="106"/>
   <Point id="315" x="-72.920" y="34.350" z="-1.653" r="0.550" parent="314"/>
   <Point id="511" x="31.040" y="40.060" z="2.217" r="0.740" parent="510"/>
   <Point id="51" x="37.920" y="-72.140" z="-2.600" r="1.290" parent="50"/>
   <Point id="108" x="15.400" y="57.010" z="-4.200" r="0.740" parent="107"/>
   <Point id="316" x="-74.950" y="35.350" z="-1.653" r="0.550" parent="315"/>
   <Point id="512" x="32.330" y="42.380" z="2.217" r="0.740" parent="511"/>
   <Point id="52" x="38.290" y="-72.970" z="-2.600" r="1.290" parent="51"/>
   <Point id="109" x="17.990" y="60.000" z="-5.400" r="0.740" parent="108"/>
   <Point id="317" x="-76.800" y="36.350" z="-2.253" r="0.550" parent="316"/>
   <Point id="513" x="33.260" y="44.210" z="2.217" r="0.740" parent="512"/>
   <Point id="53" x="38.840" y="-73.800" z="-2.600" r="1.290" parent="52"/>
   <Point id="110" x="19.460" y="61.500" z="-6.000" r="0.740" parent="109"/>
   <Point id="318" x="-78.640" y="37.340" z="-2.453" r="0.550" parent="317"/>
   <Point id="514" x="33.620" y="46.200" z="2.217" r="0.740" parent="513"/>
   <Point id="54" x="39.400" y="-74.800" z="-2.600" r="1.480" parent="53"/>
   <Point id="111" x="20.200" y="63.490" z="-5.800" r="0.740" parent="110"/>
   <Point id="319" x="-80.490" y="38.170" z="-2.453" r="0.550" parent="318"/>
   <Point id="515" x="33.810" y="48.030" z="2.217" r="0.740" parent="514"/>
   <Point id="55" x="40.130" y="-76.630" z="-2.600" r="1.480" parent="54"/>
   <Point id="112" x="21.680" y="65.490" z="-5.800" r="0.740" parent="111"/>
   <Point id="320" x="-83.070" y="39.500" z="-3.453" r="0.550" parent="319"/>
   <Point id="516" x="34.730" y="50.520" z="2.617" r="0.740" parent="515"/>
   <Point id="56" x="40.870" y="-77.960" z="-2.600" r="1.480" parent="55"/>
   <Point id="113" x="22.600" y="67.810" z="-7.800" r="0.740" parent="112"/>
   <Point id="321" x="-85.840" y="41.330" z="-4.253" r="0.550" parent="320"/>
   <Point id="517" x="36.210" y="53.510" z="2.617" r="0.740" parent="516"/>
   <Point id="57" x="41.610" y="-78.620" z="-2.600" r="1.480" parent="56"/>
   <Point id="114" x="22.050" y="69.640" z="-6.800" r="0.550" parent="113"/>
   <Point id="322" x="-86.760" y="42.160" z="-4.253" r="0.550" parent="321"/>
   <Point id="518" x="37.780" y="55.710" z="2.617" r="0.740" parent="517"/>
   <Point id="58" x="41.610" y="-78.950" z="-2.600" r="1.480" parent="57"/>
   <Point id="115" x="20.940" y="71.130" z="-8.800" r="0.550" parent="114"/>
   <Point id="323" x="-88.610" y="43.320" z="-4.053" r="0.550" parent="322"/>
   <Point id="519" x="39.070" y="58.040" z="2.617" r="0.740" parent="518"/>
   <Point id="116" x="20.390" y="73.130" z="-7.400" r="0.550" parent="115"/>
   <Point id="324" x="-91.190" y="44.150" z="-4.053" r="0.550" parent="323"/>
   <Point id="520" x="39.990" y="60.360" z="2.617" r="0.740" parent="519"/>
   <Point id="117" x="21.490" y="75.620" z="-8.600" r="0.550" parent="116"/>
   <Point id="325" x="-93.770" y="44.980" z="-4.053" r="0.550" parent="324"/>
   <Point id="521" x="41.100" y="62.520" z="3.017" r="0.740" parent="520"/>
   <Point id="118" x="22.050" y="77.940" z="-9.400" r="0.550" parent="117"/>
   <Point id="326" x="-96.350" y="46.310" z="-3.253" r="0.550" parent="325"/>
   <Point id="522" x="42.390" y="64.680" z="3.017" r="0.740" parent="521"/>
   <Point id="119" x="21.490" y="80.100" z="-9.200" r="0.550" parent="118"/>
   <Point id="327" x="-97.830" y="46.810" z="-3.253" r="0.740" parent="326"/>
   <Point id="523" x="43.500" y="66.680" z="3.017" r="0.740" parent="522"/>
   <Point id="120" x="21.680" y="82.430" z="-10.800" r="0.550" parent="119"/>
   <Point id="328" x="-99.680" y="47.480" z="-3.253" r="0.550" parent="327"/>
   <Point id="524" x="44.600" y="69.330" z="3.017" r="0.740" parent="523"/>
   <Point id="121" x="21.490" y="84.260" z="-10.400" r="0.550" parent="120"/>
   <Point id="329" x="-102.600" y="48.640" z="-2.453" r="0.550" parent="328"/>
   <Point id="525" x="45.710" y="71.330" z="3.017" r="0.740" parent="524"/>
   <Point id="122" x="21.680" y="85.750" z="-11.200" r="0.550" parent="121"/>
   <Point id="330" x="-104.100" y="49.800" z="-2.453" r="0.740" parent="329"/>
   <Point id="526" x="45.900" y="72.320" z="3.017" r="0.920" parent="525"/>
   <Point id="123" x="21.490" y="87.080" z="-11.000" r="0.550" parent="122"/>
   <Point id="331" x="-105.600" y="50.630" z="-3.453" r="0.550" parent="330"/>
   <Point id="527" x="46.450" y="73.650" z="3.017" r="0.920" parent="526"/>
   <Point id="124" x="22.170" y="88.650" z="-12.000" r="0.550" parent="123"/>
   <Point id="332" x="-107.800" y="52.460" z="-2.253" r="0.550" parent="331"/>
   <Point id="528" x="47.930" y="75.980" z="3.017" r="0.920" parent="527"/>
   <Point id="125" x="23.830" y="90.640" z="-12.000" r="0.550" parent="124"/>
   <Point id="333" x="-112.000" y="53.950" z="-2.253" r="0.550" parent="332"/>
   <Point id="529" x="48.660" y="77.640" z="2.217" r="0.740" parent="528"/>
   <Point id="126" x="25.120" y="92.140" z="-11.400" r="0.550" parent="125"/>
   <Point id="334" x="-115.100" y="54.510" z="-1.253" r="0.550" parent="333"/>
   <Point id="530" x="49.960" y="79.970" z="2.217" r="0.740" parent="529"/>
   <Point id="127" x="26.040" y="93.300" z="-11.400" r="0.550" parent="126"/>
   <Point id="335" x="-118.100" y="54.840" z="-1.253" r="0.550" parent="334"/>
   <Point id="531" x="51.430" y="82.290" z="2.217" r="0.740" parent="530"/>
   <Point id="128" x="26.780" y="94.130" z="-11.400" r="0.550" parent="127"/>
   <Point id="336" x="-120.100" y="55.180" z="-1.253" r="0.740" parent="335"/>
   <Point id="532" x="53.090" y="84.280" z="0.217" r="0.740" parent="531"/>
   <Point id="129" x="28.070" y="95.290" z="-11.400" r="0.550" parent="128"/>
   <Point id="337" x="-122.100" y="55.840" z="-1.253" r="0.550" parent="336"/>
   <Point id="533" x="55.600" y="87.340" z="0.217" r="0.740" parent="532"/>
   <Point id="130" x="29.360" y="96.620" z="-11.400" r="0.550" parent="129"/>
   <Point id="338" x="-125.100" y="56.340" z="-1.253" r="0.550" parent="337"/>
   <Point id="534" x="57.080" y="89.670" z="0.217" r="0.740" parent="533"/>
   <Point id="131" x="30.280" y="97.950" z="-11.400" r="0.550" parent="130"/>
   <Point id="339" x="-128.000" y="57.170" z="-1.253" r="0.550" parent="338"/>
   <Point id="535" x="58.920" y="92.820" z="0.217" r="0.740" parent="534"/>
   <Point id="132" x="31.210" y="99.280" z="-11.800" r="0.550" parent="131"/>
   <Point id="340" x="-131.400" y="58.500" z="-1.053" r="0.550" parent="339"/>
   <Point id="536" x="60.400" y="94.980" z="0.217" r="0.740" parent="535"/>
   <Point id="133" x="32.310" y="100.600" z="-11.000" r="0.550" parent="132"/>
   <Point id="341" x="-134.300" y="60.490" z="-1.053" r="0.550" parent="340"/>
   <Point id="537" x="62.430" y="97.310" z="1.617" r="0.740" parent="536"/>
   <Point id="134" x="33.600" y="102.300" z="-13.000" r="0.550" parent="133"/>
   <Point id="342" x="-137.600" y="62.820" z="-1.053" r="0.550" parent="341"/>
   <Point id="538" x="64.460" y="99.800" z="1.617" r="0.740" parent="537"/>
   <Point id="135" x="34.900" y="103.900" z="-13.000" r="0.550" parent="134"/>
   <Point id="343" x="-140.200" y="65.310" z="-0.853" r="0.550" parent="342"/>
   <Point id="539" x="67.040" y="102.100" z="2.017" r="0.740" parent="538"/>
   <Point id="136" x="35.630" y="105.400" z="-13.600" r="0.550" parent="135"/>
   <Point id="344" x="-142.100" y="65.970" z="-0.653" r="0.550" parent="343"/>
   <Point id="540" x="70.180" y="105.500" z="2.417" r="0.740" parent="539"/>
   <Point id="137" x="36.560" y="107.300" z="-13.600" r="0.550" parent="136"/>
   <Point id="345" x="-144.100" y="65.970" z="-1.053" r="0.550" parent="344"/>
   <Point id="541" x="72.940" y="107.900" z="3.817" r="0.740" parent="540"/>
   <Point id="138" x="38.220" y="109.400" z="-13.600" r="0.550" parent="137"/>
   <Point id="346" x="-147.400" y="66.310" z="-1.253" r="0.550" parent="345"/>
   <Point id="542" x="75.900" y="110.800" z="3.217" r="0.740" parent="541"/>
   <Point id="139" x="39.320" y="111.200" z="-13.600" r="0.550" parent="138"/>
   <Point id="347" x="-149.800" y="67.630" z="-2.653" r="0.550" parent="346"/>
   <Point id="543" x="77.930" y="113.100" z="3.217" r="0.740" parent="542"/>
   <Point id="140" x="40.430" y="113.200" z="-13.200" r="0.550" parent="139"/>
   <Point id="348" x="-152.600" y="68.630" z="-2.053" r="0.550" parent="347"/>
   <Point id="544" x="80.320" y="114.800" z="2.217" r="0.740" parent="543"/>
   <Point id="141" x="41.540" y="114.600" z="-13.200" r="0.550" parent="140"/>
   <Point id="349" x="-155.700" y="68.630" z="-3.653" r="0.550" parent="348"/>
   <Point id="545" x="81.880" y="115.700" z="2.217" r="0.740" parent="544"/>
   <Point id="142" x="42.650" y="115.900" z="-13.800" r="0.550" parent="141"/>
   <Point id="350" x="-160.000" y="69.460" z="-4.053" r="0.550" parent="349"/>
   <Point id="546" x="84.830" y="117.500" z="2.217" r="0.920" parent="545"/>
   <Point id="143" x="43.570" y="116.900" z="-13.800" r="0.550" parent="142"/>
   <Point id="351" x="-166.000" y="69.960" z="-5.253" r="0.550" parent="350"/>
   <Point id="547" x="85.940" y="118.200" z="2.217" r="0.920" parent="546"/>
   <Point id="144" x="44.860" y="118.100" z="-13.800" r="0.550" parent="143"/>
   <Point id="352" x="-168.200" y="69.510" z="-3.453" r="0.740" parent="351"/>
   <Point id="548" x="87.410" y="119.200" z="2.217" r="0.740" parent="547"/>
   <Point id="145" x="46.570" y="120.200" z="-14.400" r="0.370" parent="144"/>
   <Point id="353" x="-171.300" y="68.850" z="-5.053" r="0.550" parent="352"/>
   <Point id="549" x="88.890" y="120.300" z="2.217" r="0.740" parent="548"/>
   <Point id="146" x="48.230" y="122.000" z="-14.400" r="0.370" parent="145"/>
   <Point id="354" x="-174.100" y="68.850" z="-5.053" r="0.550" parent="353"/>
   <Point id="550" x="91.100" y="121.800" z="2.217" r="0.740" parent="549"/>
   <Point id="147" x="49.340" y="123.100" z="-14.400" r="0.370" parent="146"/>
   <Point id="355" x="-178.000" y="68.850" z="-5.853" r="0.550" parent="354"/>
   <Point id="551" x="93.320" y="123.800" z="2.217" r="0.740" parent="550"/>
   <Point id="148" x="51.000" y="124.300" z="-14.200" r="0.370" parent="147"/>
   <Point id="356" x="-181.300" y="70.510" z="-6.053" r="0.550" parent="355"/>
   <Point id="552" x="94.980" y="125.500" z="2.217" r="0.740" parent="551"/>
   <Point id="149" x="53.950" y="126.800" z="-13.600" r="0.370" parent="148"/>
   <Point id="357" x="-184.400" y="72.340" z="-6.653" r="0.550" parent="356"/>
   <Point id="553" x="96.450" y="127.000" z="2.217" r="0.740" parent="552"/>
   <Point id="150" x="55.980" y="128.800" z="-12.200" r="0.370" parent="149"/>
   <Point id="358" x="-186.800" y="73.830" z="-6.653" r="0.550" parent="357"/>
   <Point id="554" x="97.560" y="128.800" z="2.217" r="0.740" parent="553"/>
   <Point id="151" x="58.010" y="131.100" z="-12.800" r="0.370" parent="150"/>
   <Point id="359" x="-188.300" y="75.660" z="-7.053" r="0.550" parent="358"/>
   <Point id="555" x="99.220" y="130.800" z="2.417" r="0.740" parent="554"/>
   <Point id="152" x="60.230" y="132.900" z="-12.800" r="0.370" parent="151"/>
   <Point id="360" x="-190.900" y="75.830" z="-7.053" r="0.550" parent="359"/>
   <Point id="556" x="100.500" y="131.800" z="2.417" r="0.740" parent="555"/>
   <Point id="153" x="62.990" y="135.600" z="-12.800" r="0.370" parent="152"/>
   <Point id="361" x="-192.700" y="75.660" z="-7.053" r="0.550" parent="360"/>
   <Point id="557" x="101.600" y="133.100" z="2.417" r="0.550" parent="556"/>
   <Point id="154" x="65.390" y="137.600" z="-12.200" r="0.370" parent="153"/>
   <Point id="362" x="-194.000" y="75.330" z="-7.053" r="0.740" parent="361"/>
   <Point id="558" x="104.300" y="134.300" z="1.017" r="0.370" parent="557"/>
   <Point id="710" x="103.100" y="135.100" z="2.417" r="0.550" parent="557"/>
   <Point id="155" x="68.530" y="140.300" z="-12.200" r="0.370" parent="154"/>
   <Point id="363" x="-194.600" y="75.490" z="-7.053" r="0.920" parent="362"/>
   <Point id="559" x="105.600" y="135.700" z="1.017" r="0.370" parent="558"/>
   <Point id="711" x="105.100" y="138.100" z="1.417" r="0.550" parent="710"/>
   <Point id="156" x="71.110" y="142.200" z="-12.200" r="0.370" parent="155"/>
   <Point id="364" x="-195.700" y="75.830" z="-7.053" r="0.740" parent="363"/>
   <Point id="560" x="107.400" y="136.700" z="1.017" r="0.370" parent="559"/>
   <Point id="712" x="107.300" y="140.800" z="1.417" r="0.550" parent="711"/>
   <Point id="157" x="73.690" y="143.700" z="-12.200" r="0.370" parent="156"/>
   <Point id="365" x="-197.000" y="76.660" z="-5.653" r="0.550" parent="364"/>
   <Point id="561" x="109.500" y="137.900" z="1.017" r="0.370" parent="560"/>
   <Point id="713" x="109.200" y="143.400" z="2.817" r="0.550" parent="712"/>
   <Point id="158" x="76.650" y="145.700" z="-12.200" r="0.370" parent="157"/>
   <Point id="366" x="-198.800" y="77.320" z="-6.253" r="0.550" parent="365"/>
   <Point id="562" x="112.000" y="139.700" z="1.017" r="0.370" parent="561"/>
   <Point id="714" x="111.400" y="145.800" z="1.617" r="0.370" parent="713"/>
   <Point id="159" x="79.410" y="146.900" z="-12.000" r="0.370" parent="158"/>
   <Point id="367" x="-202.100" y="77.990" z="-5.453" r="0.550" parent="366"/>
   <Point id="563" x="115.000" y="141.600" z="0.817" r="0.370" parent="562"/>
   <Point id="715" x="113.300" y="147.200" z="2.217" r="0.370" parent="714"/>
   <Point id="160" x="81.630" y="148.400" z="-12.000" r="0.370" parent="159"/>
   <Point id="368" x="-204.700" y="79.320" z="-5.453" r="0.550" parent="367"/>
   <Point id="564" x="118.700" y="142.900" z="0.817" r="0.370" parent="563"/>
   <Point id="716" x="115.200" y="149.200" z="2.217" r="0.370" parent="715"/>
   <Point id="161" x="83.840" y="149.400" z="-12.000" r="0.370" parent="160"/>
   <Point id="369" x="-206.900" y="81.470" z="-4.453" r="0.550" parent="368"/>
   <Point id="565" x="120.900" y="143.700" z="0.817" r="0.370" parent="564"/>
   <Point id="717" x="117.400" y="151.000" z="2.217" r="0.370" parent="716"/>
   <Point id="162" x="86.310" y="150.600" z="-12.800" r="0.370" parent="161"/>
   <Point id="370" x="-209.000" y="82.800" z="-3.853" r="0.550" parent="369"/>
   <Point id="566" x="123.500" y="144.100" z="0.817" r="0.370" parent="565"/>
   <Point id="718" x="119.600" y="153.500" z="2.217" r="0.370" parent="717"/>
   <Point id="163" x="88.710" y="152.400" z="-12.800" r="0.370" parent="162"/>
   <Point id="371" x="-211.000" y="82.970" z="-3.453" r="0.550" parent="370"/>
   <Point id="567" x="127.000" y="144.700" z="1.817" r="0.370" parent="566"/>
   <Point id="719" x="121.500" y="155.300" z="2.217" r="0.370" parent="718"/>
   <Point id="164" x="90.740" y="154.300" z="-12.800" r="0.370" parent="163"/>
   <Point id="372" x="-211.700" y="83.140" z="-3.453" r="0.740" parent="371"/>
   <Point id="568" x="130.300" y="145.700" z="2.217" r="0.370" parent="567"/>
   <Point id="720" x="122.900" y="157.800" z="2.417" r="0.370" parent="719"/>
   <Point id="165" x="92.400" y="155.800" z="-12.800" r="0.370" parent="164"/>
   <Point id="373" x="-213.000" y="83.970" z="-3.453" r="0.920" parent="372"/>
   <Point id="569" x="134.500" y="146.200" z="2.217" r="0.370" parent="568"/>
   <Point id="721" x="125.200" y="160.800" z="1.817" r="0.370" parent="720"/>
   <Point id="166" x="93.510" y="157.300" z="-12.800" r="0.370" parent="165"/>
   <Point id="374" x="-214.000" y="84.460" z="-3.453" r="0.740" parent="373"/>
   <Point id="570" x="137.900" y="146.700" z="3.617" r="0.370" parent="569"/>
   <Point id="722" x="127.200" y="163.600" z="1.017" r="0.370" parent="721"/>
   <Point id="167" x="94.980" y="159.100" z="-12.800" r="0.370" parent="166"/>
   <Point id="375" x="-215.600" y="85.790" z="-3.253" r="0.550" parent="374"/>
   <Point id="571" x="141.700" y="146.500" z="3.617" r="0.370" parent="570"/>
   <Point id="723" x="129.200" y="166.600" z="1.017" r="0.370" parent="722"/>
   <Point id="168" x="96.270" y="160.400" z="-12.800" r="0.370" parent="167"/>
   <Point id="376" x="-216.900" y="88.290" z="-3.853" r="0.550" parent="375"/>
   <Point id="572" x="145.600" y="146.400" z="3.217" r="0.370" parent="571"/>
   <Point id="724" x="131.200" y="170.100" z="-0.183" r="0.370" parent="723"/>
   <Point id="169" x="97.570" y="162.400" z="-12.800" r="0.370" parent="168"/>
   <Point id="377" x="-217.800" y="90.110" z="-3.853" r="0.550" parent="376"/>
   <Point id="573" x="149.900" y="146.700" z="3.217" r="0.370" parent="572"/>
   <Point id="725" x="134.600" y="173.800" z="-1.183" r="0.370" parent="724"/>
   <Point id="170" x="98.860" y="164.700" z="-12.800" r="0.370" parent="169"/>
   <Point id="378" x="-220.000" y="90.780" z="-3.853" r="0.550" parent="377"/>
   <Point id="574" x="153.600" y="146.500" z="3.417" r="0.370" parent="573"/>
   <Point id="726" x="135.700" y="175.800" z="-1.183" r="0.370" parent="725"/>
   <Point id="171" x="99.960" y="166.400" z="-11.600" r="0.370" parent="170"/>
   <Point id="379" x="-221.600" y="90.650" z="-3.053" r="0.550" parent="378"/>
   <Point id="575" x="155.600" y="146.500" z="3.417" r="0.370" parent="574"/>
   <Point id="727" x="137.700" y="177.400" z="-1.183" r="0.370" parent="726"/>
   <Point id="172" x="101.800" y="168.700" z="-11.600" r="0.370" parent="171"/>
   <Point id="380" x="-223.100" y="90.650" z="-3.053" r="0.550" parent="379"/>
   <Point id="576" x="157.100" y="146.700" z="3.417" r="0.550" parent="575"/>
   <Point id="728" x="140.600" y="179.600" z="-0.383" r="0.370" parent="727"/>
   <Point id="173" x="103.700" y="171.200" z="-11.600" r="0.370" parent="172"/>
   <Point id="381" x="-224.200" y="90.810" z="-3.053" r="0.740" parent="380"/>
   <Point id="577" x="158.500" y="146.400" z="3.417" r="0.550" parent="576"/>
   <Point id="729" x="142.800" y="181.600" z="-0.383" r="0.370" parent="728"/>
   <Point id="174" x="105.900" y="174.500" z="-11.200" r="0.370" parent="173"/>
   <Point id="382" x="-225.300" y="91.310" z="-3.053" r="0.920" parent="381"/>
   <Point id="578" x="160.400" y="146.600" z="3.417" r="0.550" parent="577"/>
   <Point id="730" x="145.200" y="184.100" z="1.417" r="0.370" parent="729"/>
   <Point id="175" x="108.100" y="176.500" z="-10.200" r="0.370" parent="174"/>
   <Point id="383" x="-226.800" y="92.810" z="-3.053" r="0.550" parent="382"/>
   <Point id="579" x="162.300" y="146.600" z="3.417" r="0.550" parent="578"/>
   <Point id="731" x="147.600" y="186.300" z="2.217" r="0.370" parent="730"/>
   <Point id="176" x="109.900" y="178.000" z="-10.000" r="0.370" parent="175"/>
   <Point id="384" x="-228.100" y="94.800" z="-2.253" r="0.550" parent="383"/>
   <Point id="580" x="164.300" y="147.000" z="3.417" r="0.550" parent="579"/>
   <Point id="732" x="149.800" y="187.900" z="2.217" r="0.370" parent="731"/>
   <Point id="177" x="111.800" y="179.200" z="-10.000" r="0.370" parent="176"/>
   <Point id="385" x="-229.000" y="96.960" z="-2.253" r="0.550" parent="384"/>
   <Point id="581" x="166.200" y="147.100" z="3.417" r="0.370" parent="580"/>
   <Point id="733" x="152.200" y="189.900" z="2.217" r="0.370" parent="732"/>
   <Point id="178" x="114.000" y="180.700" z="-10.000" r="0.370" parent="177"/>
   <Point id="386" x="-229.900" y="99.450" z="-2.853" r="0.550" parent="385"/>
   <Point id="582" x="168.400" y="147.500" z="3.417" r="0.370" parent="581"/>
   <Point id="734" x="154.000" y="191.900" z="2.217" r="0.370" parent="733"/>
   <Point id="179" x="116.700" y="182.300" z="-10.400" r="0.370" parent="178"/>
   <Point id="387" x="-232.000" y="100.800" z="-2.853" r="0.550" parent="386"/>
   <Point id="583" x="170.400" y="147.800" z="3.417" r="0.370" parent="582"/>
   <Point id="735" x="156.300" y="194.400" z="2.217" r="0.370" parent="734"/>
   <Point id="180" x="119.500" y="184.100" z="-8.600" r="0.370" parent="179"/>
   <Point id="388" x="-234.000" y="101.100" z="-2.053" r="0.550" parent="387"/>
   <Point id="584" x="173.000" y="148.000" z="3.417" r="0.370" parent="583"/>
   <Point id="736" x="158.300" y="197.200" z="3.017" r="0.370" parent="735"/>
   <Point id="181" x="122.400" y="185.600" z="-8.600" r="0.370" parent="180"/>
   <Point id="389" x="-235.800" y="101.000" z="-3.253" r="0.740" parent="388"/>
   <Point id="585" x="175.400" y="148.300" z="2.417" r="0.370" parent="584"/>
   <Point id="737" x="160.500" y="199.700" z="3.017" r="0.370" parent="736"/>
   <Point id="182" x="125.200" y="188.400" z="-7.400" r="0.370" parent="181"/>
   <Point id="390" x="-237.000" y="100.800" z="-3.253" r="0.920" parent="389"/>
   <Point id="586" x="177.700" y="148.400" z="4.017" r="0.370" parent="585"/>
   <Point id="738" x="162.300" y="201.900" z="3.017" r="0.370" parent="737"/>
   <Point id="183" x="127.800" y="192.100" z="-7.400" r="0.370" parent="182"/>
   <Point id="391" x="-238.600" y="101.100" z="-3.253" r="0.740" parent="390"/>
   <Point id="587" x="179.600" y="148.400" z="3.417" r="0.370" parent="586"/>
   <Point id="739" x="164.400" y="203.400" z="3.017" r="0.370" parent="738"/>
   <Point id="184" x="129.200" y="194.200" z="-7.400" r="0.370" parent="183"/>
   <Point id="392" x="-241.000" y="102.300" z="-3.653" r="0.550" parent="391"/>
   <Point id="588" x="181.000" y="148.600" z="3.417" r="0.550" parent="587"/>
   <Point id="740" x="166.200" y="205.400" z="2.617" r="0.370" parent="739"/>
   <Point id="185" x="130.700" y="195.500" z="-7.400" r="0.370" parent="184"/>
   <Point id="393" x="-243.800" y="103.100" z="-2.253" r="0.550" parent="392"/>
   <Point id="589" x="182.100" y="148.600" z="3.417" r="0.550" parent="588"/>
   <Point id="741" x="167.900" y="207.000" z="3.017" r="0.370" parent="740"/>
   <Point id="186" x="131.800" y="196.700" z="-7.400" r="0.370" parent="185"/>
   <Point id="394" x="-246.900" y="102.600" z="-2.653" r="0.550" parent="393"/>
   <Point id="590" x="184.000" y="148.400" z="2.017" r="0.370" parent="589"/>
   <Point id="742" x="169.500" y="209.000" z="3.017" r="0.370" parent="741"/>
   <Point id="187" x="132.600" y="198.400" z="-7.400" r="0.370" parent="186"/>
   <Point id="395" x="-248.900" y="102.400" z="-2.453" r="0.550" parent="394"/>
   <Point id="591" x="185.400" y="148.400" z="2.017" r="0.370" parent="590"/>
   <Point id="743" x="171.600" y="211.400" z="3.017" r="0.370" parent="742"/>
   <Point id="188" x="134.200" y="199.500" z="-6.600" r="0.370" parent="187"/>
   <Point id="396" x="-252.100" y="103.300" z="-2.453" r="0.550" parent="395"/>
   <Point id="592" x="187.100" y="148.600" z="2.017" r="0.370" parent="591"/>
   <Point id="744" x="173.500" y="213.700" z="3.017" r="0.370" parent="743"/>
   <Point id="189" x="136.600" y="201.700" z="-6.600" r="0.370" parent="188"/>
   <Point id="397" x="-254.100" y="103.400" z="-2.453" r="0.550" parent="396"/>
   <Point id="593" x="188.800" y="148.600" z="2.017" r="0.370" parent="592"/>
   <Point id="745" x="175.500" y="216.500" z="4.217" r="0.370" parent="744"/>
   <Point id="190" x="138.500" y="203.700" z="-6.600" r="0.370" parent="189"/>
   <Point id="398" x="-255.800" y="103.800" z="-2.453" r="0.740" parent="397"/>
   <Point id="594" x="190.600" y="148.600" z="2.017" r="0.370" parent="593"/>
   <Point id="746" x="176.600" y="218.400" z="3.817" r="0.370" parent="745"/>
   <Point id="191" x="140.300" y="205.700" z="-6.600" r="0.370" parent="190"/>
   <Point id="399" x="-257.300" y="104.300" z="-3.853" r="0.920" parent="398"/>
   <Point id="595" x="191.900" y="148.700" z="2.817" r="0.370" parent="594"/>
   <Point id="747" x="177.900" y="220.700" z="5.217" r="0.370" parent="746"/>
   <Point id="192" x="142.300" y="207.700" z="-8.000" r="0.370" parent="191"/>
   <Point id="400" x="-258.700" y="105.600" z="-1.853" r="0.920" parent="399"/>
   <Point id="596" x="193.000" y="148.700" z="2.817" r="0.550" parent="595"/>
   <Point id="748" x="178.600" y="222.700" z="5.217" r="0.370" parent="747"/>
   <Point id="193" x="144.400" y="209.800" z="-8.000" r="0.370" parent="192"/>
   <Point id="401" x="-258.000" y="105.900" z="-0.653" r="0.740" parent="400"/>
   <Point id="597" x="194.300" y="148.900" z="2.817" r="0.370" parent="596"/>
   <Point id="749" x="180.300" y="224.700" z="5.817" r="0.370" parent="748"/>
   <Point id="194" x="145.800" y="211.500" z="-8.200" r="0.370" parent="193"/>
   <Point id="402" x="-258.000" y="107.100" z="-0.653" r="0.550" parent="401"/>
   <Point id="598" x="196.200" y="149.100" z="2.817" r="0.370" parent="597"/>
   <Point id="750" x="180.700" y="226.700" z="5.817" r="0.370" parent="749"/>
   <Point id="195" x="147.200" y="212.900" z="-7.600" r="0.370" parent="194"/>
   <Point id="403" x="-259.700" y="107.800" z="0.347" r="0.550" parent="402"/>
   <Point id="599" x="198.200" y="149.200" z="2.817" r="0.370" parent="598"/>
   <Point id="751" x="181.600" y="228.500" z="4.417" r="0.370" parent="750"/>
   <Point id="196" x="147.900" y="214.500" z="-7.600" r="0.370" parent="195"/>
   <Point id="404" x="-262.000" y="107.900" z="0.347" r="0.550" parent="403"/>
   <Point id="600" x="199.700" y="149.400" z="4.217" r="0.370" parent="599"/>
   <Point id="752" x="182.200" y="230.800" z="4.417" r="0.370" parent="751"/>
   <Point id="197" x="148.100" y="216.200" z="-7.000" r="0.370" parent="196"/>
   <Point id="405" x="-264.400" y="109.100" z="0.347" r="0.550" parent="404"/>
   <Point id="601" x="201.900" y="149.400" z="4.217" r="0.370" parent="600"/>
   <Point id="753" x="182.500" y="232.000" z="4.417" r="0.550" parent="752"/>
   <Point id="198" x="149.100" y="217.500" z="-7.000" r="0.370" parent="197"/>
   <Point id="406" x="-266.700" y="109.300" z="0.347" r="0.740" parent="405"/>
   <Point id="602" x="203.700" y="149.400" z="4.217" r="0.370" parent="601"/>
   <Point id="754" x="183.100" y="232.800" z="4.417" r="0.550" parent="753"/>
   <Point id="199" x="150.500" y="218.500" z="-7.200" r="0.370" parent="198"/>
   <Point id="407" x="-268.500" y="108.900" z="0.347" r="0.740" parent="406"/>
   <Point id="603" x="204.600" y="149.600" z="4.217" r="0.550" parent="602"/>
   <Point id="755" x="183.400" y="233.600" z="4.417" r="0.550" parent="754"/>
   <Point id="200" x="152.000" y="220.200" z="-6.000" r="0.370" parent="199"/>
   <Point id="408" x="-271.100" y="109.600" z="0.147" r="0.550" parent="407"/>
   <Point id="604" x="205.800" y="149.700" z="4.217" r="0.550" parent="603"/>
   <Point id="756" x="183.800" y="234.500" z="4.417" r="0.370" parent="755"/>
   <Point id="201" x="153.500" y="221.500" z="-6.000" r="0.370" parent="200"/>
   <Point id="409" x="-274.400" y="110.800" z="0.147" r="0.550" parent="408"/>
   <Point id="605" x="207.400" y="149.700" z="4.217" r="0.370" parent="604"/>
   <Point id="757" x="184.900" y="235.600" z="4.417" r="0.370" parent="756"/>
   <Point id="202" x="155.500" y="222.000" z="-4.600" r="0.370" parent="201"/>
   <Point id="410" x="-275.000" y="112.300" z="0.947" r="0.550" parent="409"/>
   <Point id="606" x="209.400" y="149.700" z="4.217" r="0.370" parent="605"/>
   <Point id="758" x="185.300" y="237.500" z="4.417" r="0.370" parent="757"/>
   <Point id="203" x="157.700" y="222.500" z="-4.600" r="0.370" parent="202"/>
   <Point id="411" x="-275.800" y="114.600" z="0.947" r="0.550" parent="410"/>
   <Point id="607" x="210.700" y="149.700" z="4.217" r="0.370" parent="606"/>
   <Point id="759" x="185.800" y="240.300" z="4.417" r="0.370" parent="758"/>
   <Point id="204" x="159.200" y="224.200" z="-4.600" r="0.370" parent="203"/>
   <Point id="412" x="-277.200" y="115.600" z="0.947" r="0.550" parent="411"/>
   <Point id="608" x="212.800" y="149.900" z="4.217" r="0.370" parent="607"/>
   <Point id="760" x="185.900" y="242.700" z="4.217" r="0.370" parent="759"/>
   <Point id="205" x="160.900" y="225.700" z="-4.600" r="0.370" parent="204"/>
   <Point id="413" x="-278.500" y="115.600" z="0.947" r="0.550" parent="412"/>
   <Point id="609" x="215.200" y="150.100" z="4.217" r="0.370" parent="608"/>
   <Point id="761" x="186.300" y="244.700" z="6.017" r="0.370" parent="760"/>
   <Point id="206" x="163.100" y="226.000" z="-5.000" r="0.370" parent="205"/>
   <Point id="414" x="-281.100" y="115.500" z="0.947" r="0.550" parent="413"/>
   <Point id="610" x="217.000" y="150.400" z="4.217" r="0.370" parent="609"/>
   <Point id="762" x="187.200" y="246.300" z="6.017" r="0.370" parent="761"/>
   <Point id="207" x="165.700" y="228.000" z="-3.400" r="0.370" parent="206"/>
   <Point id="415" x="-283.300" y="117.500" z="0.547" r="0.550" parent="414"/>
   <Point id="611" x="218.900" y="150.600" z="4.217" r="0.370" parent="610"/>
   <Point id="763" x="187.900" y="248.700" z="6.417" r="0.370" parent="762"/>
   <Point id="208" x="166.200" y="229.200" z="-3.200" r="0.370" parent="207"/>
   <Point id="416" x="-284.600" y="119.100" z="0.547" r="0.550" parent="415"/>
   <Point id="612" x="220.300" y="150.600" z="4.217" r="0.550" parent="611"/>
   <Point id="764" x="188.800" y="250.300" z="8.217" r="0.370" parent="763"/>
   <Point id="209" x="167.300" y="231.500" z="-3.600" r="0.370" parent="208"/>
   <Point id="273" x="169.800" y="230.300" z="-4.000" r="0.180" parent="208"/>
   <Point id="417" x="-285.700" y="120.500" z="0.547" r="0.550" parent="416"/>
   <Point id="613" x="221.800" y="151.100" z="4.217" r="0.370" parent="612"/>
   <Point id="765" x="190.200" y="251.000" z="8.217" r="0.370" parent="764"/>
   <Point id="210" x="169.300" y="233.500" z="-2.600" r="0.370" parent="209"/>
   <Point id="274" x="172.000" y="230.400" z="-4.000" r="0.180" parent="273"/>
   <Point id="418" x="-287.800" y="121.100" z="1.947" r="0.550" parent="417"/>
   <Point id="614" x="223.500" y="151.600" z="4.217" r="0.370" parent="613"/>
   <Point id="766" x="191.400" y="252.300" z="8.017" r="0.370" parent="765"/>
   <Point id="211" x="169.900" y="234.800" z="-2.000" r="0.370" parent="210"/>
   <Point id="275" x="174.400" y="229.900" z="-3.200" r="0.180" parent="274"/>
   <Point id="419" x="-289.400" y="122.800" z="1.947" r="0.550" parent="418"/>
   <Point id="615" x="224.600" y="152.400" z="4.217" r="0.370" parent="614"/>
   <Point id="767" x="193.100" y="253.600" z="8.017" r="0.370" parent="766"/>
   <Point id="212" x="169.900" y="236.500" z="-2.000" r="0.370" parent="211"/>
   <Point id="276" x="175.000" y="229.400" z="-4.000" r="0.180" parent="275"/>
   <Point id="420" x="-290.700" y="123.800" z="1.947" r="0.550" parent="419"/>
   <Point id="616" x="226.800" y="152.700" z="2.817" r="0.370" parent="615"/>
   <Point id="768" x="195.100" y="254.600" z="7.617" r="0.370" parent="767"/>
   <Point id="213" x="169.500" y="238.500" z="-1.400" r="0.370" parent="212"/>
   <Point id="277" x="174.800" y="228.100" z="-4.000" r="0.180" parent="276"/>
   <Point id="280" x="176.400" y="228.100" z="-4.000" r="0.180" parent="276"/>
   <Point id="421" x="-292.900" y="124.600" z="1.947" r="0.550" parent="420"/>
   <Point id="617" x="228.300" y="153.200" z="2.817" r="0.370" parent="616"/>
   <Point id="769" x="197.000" y="255.800" z="7.617" r="0.370" parent="768"/>
   <Point id="214" x="169.300" y="240.000" z="-2.000" r="0.370" parent="213"/>
   <Point id="278" x="175.000" y="226.800" z="-4.200" r="0.180" parent="277"/>
   <Point id="281" x="178.100" y="227.300" z="-4.000" r="0.180" parent="280"/>
   <Point id="422" x="-293.500" y="126.400" z="2.747" r="0.550" parent="421"/>
   <Point id="618" x="230.800" y="154.400" z="3.617" r="0.370" parent="617"/>
   <Point id="770" x="198.800" y="257.300" z="7.617" r="0.370" parent="769"/>
   <Point id="215" x="170.100" y="241.400" z="-2.000" r="0.370" parent="214"/>
   <Point id="279" x="174.400" y="225.600" z="-3.200" r="0.180" parent="278"/>
   <Point id="282" x="179.400" y="226.900" z="-4.600" r="0.180" parent="281"/>
   <Point id="423" x="-294.900" y="128.600" z="2.747" r="0.550" parent="422"/>
   <Point id="619" x="233.100" y="155.000" z="3.617" r="0.370" parent="618"/>
   <Point id="771" x="199.900" y="259.000" z="8.617" r="0.370" parent="770"/>
   <Point id="216" x="170.700" y="242.600" z="-1.600" r="0.370" parent="215"/>
   <Point id="283" x="180.100" y="226.900" z="-4.200" r="0.180" parent="282"/>
   <Point id="424" x="-296.600" y="129.400" z="1.347" r="0.740" parent="423"/>
   <Point id="620" x="234.900" y="155.500" z="3.617" r="0.370" parent="619"/>
   <Point id="772" x="201.000" y="260.600" z="8.617" r="0.370" parent="771"/>
   <Point id="217" x="171.800" y="243.400" z="-2.600" r="0.180" parent="216"/>
   <Point id="255" x="171.500" y="244.200" z="-2.200" r="0.180" parent="216"/>
   <Point id="425" x="-298.300" y="129.900" z="1.347" r="0.550" parent="424"/>
   <Point id="621" x="236.400" y="155.900" z="3.617" r="0.370" parent="620"/>
   <Point id="773" x="202.500" y="262.000" z="8.617" r="0.370" parent="772"/>
   <Point id="218" x="172.900" y="244.600" z="-2.600" r="0.180" parent="217"/>
   <Point id="256" x="171.500" y="245.900" z="-0.400" r="0.180" parent="255"/>
   <Point id="426" x="-300.900" y="130.900" z="1.347" r="0.550" parent="425"/>
   <Point id="622" x="238.200" y="156.900" z="3.617" r="0.370" parent="621"/>
   <Point id="774" x="204.000" y="263.900" z="8.617" r="0.370" parent="773"/>
   <Point id="219" x="173.500" y="246.400" z="-2.000" r="0.180" parent="218"/>
   <Point id="257" x="172.400" y="247.000" z="-0.400" r="0.180" parent="256"/>
   <Point id="427" x="-302.300" y="132.900" z="-0.053" r="0.550" parent="426"/>
   <Point id="623" x="239.700" y="157.900" z="3.617" r="0.550" parent="622"/>
   <Point id="775" x="205.300" y="265.900" z="9.417" r="0.370" parent="774"/>
   <Point id="220" x="174.200" y="247.900" z="-1.400" r="0.180" parent="219"/>
   <Point id="258" x="172.600" y="248.400" z="-0.400" r="0.180" parent="257"/>
   <Point id="428" x="-303.400" y="134.600" z="-0.653" r="0.550" parent="427"/>
   <Point id="624" x="241.000" y="158.400" z="3.617" r="0.550" parent="623"/>
   <Point id="776" x="206.900" y="267.800" z="9.417" r="0.370" parent="775"/>
   <Point id="221" x="175.000" y="249.200" z="-0.400" r="0.180" parent="220"/>
   <Point id="259" x="172.900" y="249.700" z="0.400" r="0.180" parent="258"/>
   <Point id="429" x="-304.500" y="135.900" z="-1.853" r="0.550" parent="428"/>
   <Point id="625" x="242.300" y="159.400" z="3.617" r="0.370" parent="624"/>
   <Point id="777" x="208.800" y="269.900" z="9.417" r="0.370" parent="776"/>
   <Point id="222" x="175.900" y="250.500" z="-0.400" r="0.180" parent="221"/>
   <Point id="260" x="173.500" y="251.000" z="0.400" r="0.180" parent="259"/>
   <Point id="430" x="-306.200" y="136.400" z="-0.453" r="0.740" parent="429"/>
   <Point id="626" x="243.600" y="159.500" z="3.617" r="0.370" parent="625"/>
   <Point id="778" x="210.100" y="271.400" z="9.417" r="0.370" parent="777"/>
   <Point id="223" x="176.800" y="252.000" z="-0.400" r="0.180" parent="222"/>
   <Point id="261" x="173.300" y="252.900" z="0.400" r="0.180" parent="260"/>
   <Point id="431" x="-308.200" y="135.900" z="-0.453" r="0.920" parent="430"/>
   <Point id="627" x="244.300" y="160.900" z="3.617" r="0.370" parent="626"/>
   <Point id="779" x="211.500" y="273.600" z="9.417" r="0.370" parent="778"/>
   <Point id="224" x="177.000" y="253.200" z="-0.400" r="0.180" parent="223"/>
   <Point id="262" x="172.800" y="254.000" z="0.800" r="0.180" parent="261"/>
   <Point id="432" x="-310.800" y="136.100" z="-0.653" r="0.550" parent="431"/>
   <Point id="628" x="245.100" y="161.900" z="3.217" r="0.370" parent="627"/>
   <Point id="780" x="213.300" y="275.300" z="9.417" r="0.370" parent="779"/>
   <Point id="225" x="177.400" y="254.200" z="-0.400" r="0.370" parent="224"/>
   <Point id="263" x="172.400" y="255.500" z="0.800" r="0.180" parent="262"/>
   <Point id="433" x="-311.900" y="137.400" z="-2.253" r="0.740" parent="432"/>
   <Point id="629" x="246.700" y="160.900" z="2.217" r="0.370" parent="628"/>
   <Point id="707" x="244.500" y="163.700" z="3.217" r="0.180" parent="628"/>
   <Point id="781" x="214.800" y="277.600" z="9.417" r="0.370" parent="780"/>
   <Point id="226" x="177.700" y="255.000" z="-0.400" r="0.370" parent="225"/>
   <Point id="264" x="172.400" y="257.000" z="0.800" r="0.180" parent="263"/>
   <Point id="434" x="-312.200" y="139.300" z="-2.253" r="0.740" parent="433"/>
   <Point id="435" x="-315.400" y="137.700" z="-2.453" r="0.740" parent="433"/>
   <Point id="630" x="248.600" y="160.200" z="2.217" r="0.370" parent="629"/>
   <Point id="708" x="243.600" y="165.000" z="3.217" r="0.180" parent="707"/>
   <Point id="782" x="215.600" y="280.100" z="9.417" r="0.370" parent="781"/>
   <Point id="227" x="178.700" y="256.300" z="-0.400" r="0.180" parent="226"/>
   <Point id="265" x="171.500" y="258.200" z="0.600" r="0.180" parent="264"/>
   <Point id="436" x="-318.400" y="139.400" z="-2.653" r="0.550" parent="435"/>
   <Point id="631" x="250.000" y="160.000" z="2.217" r="0.370" parent="630"/>
   <Point id="709" x="243.000" y="165.700" z="3.417" r="0.180" parent="708"/>
   <Point id="783" x="216.700" y="281.800" z="9.417" r="0.370" parent="782"/>
   <Point id="228" x="179.800" y="257.500" z="-0.400" r="0.180" parent="227"/>
   <Point id="266" x="170.700" y="259.000" z="-1.200" r="0.180" parent="265"/>
   <Point id="437" x="-322.400" y="141.100" z="-2.053" r="0.550" parent="436"/>
   <Point id="632" x="251.700" y="160.200" z="1.617" r="0.370" parent="631"/>
   <Point id="784" x="217.000" y="282.800" z="9.417" r="0.550" parent="783"/>
   <Point id="229" x="181.100" y="258.700" z="-0.400" r="0.180" parent="228"/>
   <Point id="267" x="170.700" y="260.800" z="-1.000" r="0.180" parent="266"/>
   <Point id="270" x="169.600" y="259.700" z="-1.200" r="0.180" parent="266"/>
   <Point id="438" x="-325.200" y="141.600" z="-3.253" r="0.550" parent="437"/>
   <Point id="633" x="253.400" y="160.900" z="1.617" r="0.370" parent="632"/>
   <Point id="785" x="217.400" y="284.600" z="9.417" r="0.370" parent="784"/>
   <Point id="230" x="182.300" y="259.500" z="-0.400" r="0.180" parent="229"/>
   <Point id="268" x="170.500" y="262.600" z="-0.800" r="0.180" parent="267"/>
   <Point id="271" x="168.700" y="260.300" z="-1.200" r="0.180" parent="270"/>
   <Point id="439" x="-328.500" y="141.100" z="-2.653" r="0.550" parent="438"/>
   <Point id="634" x="254.400" y="161.900" z="0.017" r="0.370" parent="633"/>
   <Point id="786" x="218.100" y="286.400" z="9.417" r="0.370" parent="785"/>
   <Point id="231" x="183.800" y="260.300" z="-0.400" r="0.180" parent="230"/>
   <Point id="269" x="169.400" y="263.800" z="-0.400" r="0.180" parent="268"/>
   <Point id="272" x="168.000" y="260.000" z="-1.000" r="0.180" parent="271"/>
   <Point id="440" x="-331.100" y="141.100" z="-1.453" r="0.550" parent="439"/>
   <Point id="635" x="255.900" y="161.900" z="0.017" r="0.370" parent="634"/>
   <Point id="787" x="219.600" y="287.600" z="9.417" r="0.370" parent="786"/>
   <Point id="232" x="185.300" y="260.700" z="-0.400" r="0.180" parent="231"/>
   <Point id="441" x="-334.700" y="142.300" z="-0.453" r="0.550" parent="440"/>
   <Point id="636" x="257.800" y="162.000" z="0.017" r="0.370" parent="635"/>
   <Point id="788" x="220.700" y="289.200" z="9.817" r="0.370" parent="787"/>
   <Point id="233" x="185.500" y="258.800" z="0.000" r="0.180" parent="232"/>
   <Point id="239" x="187.300" y="261.700" z="0.400" r="0.180" parent="232"/>
   <Point id="442" x="-337.100" y="143.300" z="0.147" r="0.550" parent="441"/>
   <Point id="637" x="259.100" y="162.800" z="0.017" r="0.370" parent="636"/>
   <Point id="789" x="220.000" y="291.200" z="9.817" r="0.370" parent="788"/>
   <Point id="234" x="187.500" y="258.300" z="0.000" r="0.180" parent="233"/>
   <Point id="240" x="188.600" y="262.600" z="1.000" r="0.180" parent="239"/>
   <Point id="443" x="-338.200" y="144.800" z="0.147" r="0.740" parent="442"/>
   <Point id="638" x="260.400" y="163.300" z="-0.183" r="0.550" parent="637"/>
   <Point id="790" x="220.500" y="292.400" z="10.820" r="0.180" parent="789"/>
   <Point id="235" x="189.000" y="257.800" z="0.800" r="0.180" parent="234"/>
   <Point id="241" x="189.900" y="263.500" z="0.800" r="0.180" parent="240"/>
   <Point id="444" x="-340.100" y="145.900" z="1.147" r="0.550" parent="443"/>
   <Point id="639" x="262.000" y="163.700" z="-0.183" r="0.550" parent="638"/>
   <Point id="791" x="221.600" y="292.700" z="10.820" r="0.180" parent="790"/>
   <Point id="236" x="189.400" y="256.700" z="0.800" r="0.180" parent="235"/>
   <Point id="242" x="191.400" y="263.500" z="0.800" r="0.180" parent="241"/>
   <Point id="445" x="-341.900" y="145.800" z="1.147" r="0.550" parent="444"/>
   <Point id="640" x="263.900" y="164.800" z="0.617" r="0.370" parent="639"/>
   <Point id="792" x="221.800" y="293.200" z="9.217" r="0.180" parent="791"/>
   <Point id="237" x="190.500" y="255.500" z="1.400" r="0.180" parent="236"/>
   <Point id="243" x="192.300" y="263.800" z="1.200" r="0.180" parent="242"/>
   <Point id="446" x="-343.800" y="145.300" z="1.147" r="0.550" parent="445"/>
   <Point id="641" x="265.900" y="165.000" z="-0.983" r="0.370" parent="640"/>
   <Point id="793" x="223.100" y="293.700" z="10.420" r="0.180" parent="792"/>
   <Point id="802" x="221.500" y="294.200" z="11.020" r="0.180" parent="792"/>
   <Point id="238" x="190.800" y="255.000" z="1.800" r="0.180" parent="237"/>
   <Point id="244" x="194.200" y="263.500" z="1.000" r="0.180" parent="243"/>
   <Point id="248" x="193.600" y="266.100" z="1.600" r="0.180" parent="243"/>
   <Point id="447" x="-346.600" y="145.600" z="1.347" r="0.550" parent="446"/>
   <Point id="642" x="268.500" y="165.300" z="-0.983" r="0.370" parent="641"/>
   <Point id="794" x="223.700" y="294.500" z="10.420" r="0.180" parent="793"/>
   <Point id="803" x="221.800" y="295.200" z="11.020" r="0.180" parent="802"/>
   <Point id="245" x="196.000" y="262.800" z="1.000" r="0.180" parent="244"/>
   <Point id="249" x="195.600" y="266.300" z="3.200" r="0.180" parent="248"/>
   <Point id="448" x="-349.300" y="147.400" z="2.147" r="0.550" parent="447"/>
   <Point id="643" x="269.900" y="166.200" z="-0.983" r="0.370" parent="642"/>
   <Point id="795" x="224.200" y="294.900" z="10.420" r="0.180" parent="794"/>
   <Point id="804" x="222.200" y="296.000" z="11.020" r="0.180" parent="803"/>
   <Point id="246" x="197.300" y="261.800" z="1.000" r="0.180" parent="245"/>
   <Point id="250" x="197.700" y="267.000" z="1.800" r="0.180" parent="249"/>
   <Point id="449" x="-351.500" y="149.800" z="2.747" r="0.550" parent="448"/>
   <Point id="644" x="272.400" y="167.900" z="-1.583" r="0.370" parent="643"/>
   <Point id="796" x="224.800" y="294.900" z="10.420" r="0.180" parent="795"/>
   <Point id="805" x="222.000" y="296.900" z="11.020" r="0.180" parent="804"/>
   <Point id="247" x="197.800" y="261.200" z="1.000" r="0.180" parent="246"/>
   <Point id="251" x="198.800" y="267.600" z="1.800" r="0.180" parent="250"/>
   <Point id="450" x="-353.600" y="151.600" z="2.747" r="0.550" parent="449"/>
   <Point id="645" x="273.900" y="168.600" z="-1.583" r="0.550" parent="644"/>
   <Point id="797" x="225.000" y="294.200" z="10.420" r="0.180" parent="796"/>
   <Point id="252" x="200.300" y="268.500" z="1.800" r="0.180" parent="251"/>
   <Point id="451" x="-355.000" y="152.200" z="2.747" r="0.740" parent="450"/>
   <Point id="646" x="275.400" y="169.100" z="-1.583" r="0.550" parent="645"/>
   <Point id="798" x="225.300" y="293.100" z="10.220" r="0.180" parent="797"/>
   <Point id="253" x="201.400" y="269.000" z="1.800" r="0.180" parent="252"/>
   <Point id="452" x="-357.100" y="152.100" z="2.747" r="0.550" parent="451"/>
   <Point id="647" x="276.800" y="169.900" z="-1.583" r="0.370" parent="646"/>
   <Point id="799" x="225.300" y="292.200" z="10.220" r="0.180" parent="798"/>
   <Point id="254" x="202.100" y="269.800" z="1.200" r="0.180" parent="253"/>
   <Point id="453" x="-359.700" y="152.400" z="4.347" r="0.550" parent="452"/>
   <Point id="648" x="278.700" y="170.600" z="-1.583" r="0.370" parent="647"/>
   <Point id="800" x="225.900" y="291.600" z="10.220" r="0.180" parent="799"/>
   <Point id="454" x="-362.600" y="153.600" z="4.347" r="0.550" parent="453"/>
   <Point id="649" x="280.900" y="170.600" z="-1.583" r="0.370" parent="648"/>
   <Point id="801" x="226.400" y="291.600" z="10.220" r="0.180" parent="800"/>
   <Point id="455" x="-364.400" y="155.200" z="4.347" r="0.740" parent="454"/>
   <Point id="650" x="283.800" y="170.700" z="-2.583" r="0.370" parent="649"/>
   <Point id="456" x="-364.400" y="157.200" z="4.347" r="0.740" parent="455"/>
   <Point id="651" x="285.900" y="170.700" z="-1.783" r="0.370" parent="650"/>
   <Point id="457" x="-364.400" y="159.100" z="4.347" r="0.550" parent="456"/>
   <Point id="652" x="287.500" y="169.700" z="-1.783" r="0.370" parent="651"/>
   <Point id="458" x="-365.900" y="161.200" z="4.347" r="0.550" parent="457"/>
   <Point id="653" x="288.600" y="168.600" z="-1.783" r="0.370" parent="652"/>
   <Point id="459" x="-367.800" y="162.500" z="3.747" r="0.550" parent="458"/>
   <Point id="654" x="290.100" y="169.100" z="-1.783" r="0.370" parent="653"/>
   <Point id="460" x="-369.600" y="164.400" z="3.747" r="0.550" parent="459"/>
   <Point id="655" x="291.800" y="169.100" z="-1.583" r="0.370" parent="654"/>
   <Point id="461" x="-370.700" y="167.000" z="3.747" r="0.550" parent="460"/>
   <Point id="656" x="292.300" y="168.100" z="-1.583" r="0.370" parent="655"/>
   <Point id="462" x="-370.900" y="171.000" z="3.747" r="0.550" parent="461"/>
   <Point id="657" x="293.800" y="167.800" z="-3.183" r="0.370" parent="656"/>
   <Point id="463" x="-370.400" y="173.100" z="4.547" r="0.740" parent="462"/>
   <Point id="658" x="294.900" y="168.900" z="-3.183" r="0.370" parent="657"/>
   <Point id="464" x="-370.000" y="175.400" z="4.547" r="0.740" parent="463"/>
   <Point id="659" x="295.600" y="167.600" z="-4.583" r="0.550" parent="658"/>
   <Point id="465" x="-368.900" y="178.100" z="6.747" r="0.740" parent="464"/>
   <Point id="660" x="296.900" y="168.300" z="-4.583" r="0.550" parent="659"/>
   <Point id="466" x="-367.100" y="180.400" z="6.947" r="0.740" parent="465"/>
   <Point id="661" x="298.600" y="168.100" z="-5.183" r="0.550" parent="660"/>
   <Point id="467" x="-365.600" y="182.900" z="6.947" r="0.740" parent="466"/>
   <Point id="662" x="299.700" y="167.400" z="-5.983" r="0.550" parent="661"/>
   <Point id="468" x="-364.500" y="185.900" z="6.947" r="0.740" parent="467"/>
   <Point id="663" x="299.400" y="166.000" z="-6.983" r="0.370" parent="662"/>
   <Point id="667" x="301.200" y="167.800" z="-5.983" r="0.550" parent="662"/>
   <Point id="469" x="-365.200" y="188.700" z="7.947" r="0.740" parent="468"/>
   <Point id="664" x="299.400" y="164.900" z="-7.583" r="0.180" parent="663"/>
   <Point id="668" x="302.800" y="167.300" z="-6.983" r="0.550" parent="667"/>
   <Point id="470" x="-365.600" y="190.900" z="7.947" r="0.740" parent="469"/>
   <Point id="665" x="300.500" y="164.700" z="-7.583" r="0.180" parent="664"/>
   <Point id="669" x="304.300" y="167.900" z="-6.983" r="0.550" parent="668"/>
   <Point id="471" x="-364.500" y="193.400" z="7.947" r="0.740" parent="470"/>
   <Point id="666" x="302.000" y="165.500" z="-7.183" r="0.180" parent="665"/>
   <Point id="670" x="305.800" y="167.900" z="-6.983" r="0.550" parent="669"/>
   <Point id="472" x="-363.000" y="195.900" z="7.947" r="0.740" parent="471"/>
   <Point id="671" x="306.400" y="168.900" z="-6.583" r="0.550" parent="670"/>
   <Point id="473" x="-361.900" y="198.200" z="7.947" r="0.920" parent="472"/>
   <Point id="672" x="306.900" y="170.600" z="-7.183" r="0.550" parent="671"/>
   <Point id="474" x="-360.800" y="200.000" z="7.947" r="1.110" parent="473"/>
   <Point id="673" x="308.600" y="170.900" z="-7.183" r="0.550" parent="672"/>
   <Point id="475" x="-360.300" y="201.300" z="8.147" r="1.480" parent="474"/>
   <Point id="674" x="310.200" y="171.400" z="-7.183" r="0.550" parent="673"/>
   <Point id="476" x="-360.100" y="202.400" z="8.147" r="2.030" parent="475"/>
   <Point id="675" x="311.300" y="172.900" z="-6.783" r="0.550" parent="674"/>
   <Point id="477" x="-359.900" y="203.600" z="8.147" r="2.210" parent="476"/>
   <Point id="676" x="311.300" y="174.900" z="-7.583" r="0.550" parent="675"/>
   <Point id="478" x="-359.800" y="204.600" z="8.147" r="2.580" parent="477"/>
   <Point id="677" x="312.800" y="176.600" z="-7.583" r="0.550" parent="676"/>
   <Point id="479" x="-359.600" y="207.300" z="8.147" r="2.210" parent="478"/>
   <Point id="678" x="314.500" y="178.100" z="-7.383" r="0.550" parent="677"/>
   <Point id="679" x="316.100" y="179.900" z="-9.383" r="0.550" parent="678"/>
   <Point id="680" x="317.400" y="180.400" z="-9.383" r="0.550" parent="679"/>
   <Point id="681" x="319.200" y="181.800" z="-7.983" r="0.180" parent="680"/>
   <Point id="691" x="317.600" y="181.500" z="-9.383" r="0.370" parent="680"/>
   <Point id="682" x="320.800" y="182.600" z="-7.983" r="0.180" parent="681"/>
   <Point id="692" x="316.500" y="182.400" z="-8.783" r="0.370" parent="691"/>
   <Point id="683" x="322.500" y="183.600" z="-7.983" r="0.180" parent="682"/>
   <Point id="693" x="315.400" y="182.700" z="-8.783" r="0.370" parent="692"/>
   <Point id="684" x="324.500" y="184.600" z="-8.183" r="0.180" parent="683"/>
   <Point id="694" x="314.300" y="183.700" z="-9.183" r="0.370" parent="693"/>
   <Point id="685" x="326.000" y="185.100" z="-6.983" r="0.180" parent="684"/>
   <Point id="695" x="313.500" y="185.000" z="-8.583" r="0.370" parent="694"/>
   <Point id="686" x="327.500" y="186.300" z="-7.983" r="0.180" parent="685"/>
   <Point id="696" x="312.800" y="186.500" z="-10.580" r="0.180" parent="695"/>
   <Point id="687" x="328.600" y="187.300" z="-7.583" r="0.180" parent="686"/>
   <Point id="697" x="311.700" y="186.900" z="-10.580" r="0.180" parent="696"/>
   <Point id="688" x="330.000" y="188.100" z="-7.383" r="0.180" parent="687"/>
   <Point id="698" x="311.000" y="187.400" z="-10.580" r="0.180" parent="697"/>
   <Point id="689" x="331.100" y="189.300" z="-8.183" r="0.180" parent="688"/>
   <Point id="699" x="311.300" y="188.200" z="-10.380" r="0.180" parent="698"/>
   <Point id="690" x="331.300" y="190.300" z="-7.783" r="0.180" parent="689"/>
   <Point id="700" x="311.300" y="188.800" z="-10.380" r="0.180" parent="699"/>
   <Point id="701" x="310.200" y="189.000" z="-10.380" r="0.180" parent="700"/>
   <Point id="702" x="309.500" y="189.200" z="-10.780" r="0.180" parent="701"/>
   <Point id="703" x="308.900" y="189.700" z="-10.780" r="0.180" parent="702"/>
   <Point id="704" x="308.000" y="189.800" z="-10.780" r="0.180" parent="703"/>
   <Point id="705" x="306.900" y="189.700" z="-10.780" r="0.180" parent="704"/>
   <Point id="706" x="306.200" y="189.500" z="-10.780" r="0.180" parent="705"/>
</CellMorphology>

