<CellMorphology id="p18">
   <Point id="1" x="0.200" y="5.000" z="0.400" label="soma" r="10.125"/>
   <Point id="2" x="0.200" y="6.000" z="0.400" r="9.550" label="soma" parent="1"/>
   <Point id="904" x="0.200" y="3.800" z="0.400" r="9.585" label="soma" parent="1"/>
   <Point id="3" x="0.200" y="6.531" z="1.346" r="1.200" parent="2"/>
   <Point id="119" x="0.200" y="9.700" z="1.000" r="8.430" label="soma" parent="2"/>
   <Point id="905" x="0.200" y="4.192" z="1.238" r="0.700" parent="904"/>
   <Point id="940" x="0.200" y="0.900" z="2.500" r="7.895" label="soma" parent="904"/>
   <Point id="4" x="-6.100" y="7.531" z="1.346" r="1.200" parent="3"/>
   <Point id="120" x="0.200" y="8.869" z="1.454" r="0.700" parent="119"/>
   <Point id="152" x="0.200" y="14.400" z="2.100" r="6.585" label="soma" parent="119"/>
   <Point id="906" x="1.800" y="-1.908" z="-5.162" r="0.700" parent="905"/>
   <Point id="941" x="0.200" y="1.854" z="1.131" r="0.700" parent="940"/>
   <Point id="991" x="0.200" y="0.000" z="4.100" r="7.275" label="soma" parent="940"/>
   <Point id="5" x="-12.700" y="10.531" z="1.346" r="1.250" parent="4"/>
   <Point id="121" x="9.100" y="8.869" z="1.454" r="0.700" parent="120"/>
   <Point id="153" x="0.200" y="16.600" z="2.100" r="5.660" label="soma" parent="152"/>
   <Point id="907" x="-5.900" y="-9.308" z="-5.162" r="1.000" parent="906"/>
   <Point id="942" x="10.400" y="-3.046" z="0.531" r="0.700" parent="941"/>
   <Point id="992" x="0.200" y="-2.200" z="2.300" r="5.315" label="soma" parent="991"/>
   <Point id="6" x="-20.400" y="8.131" z="1.346" r="1.250" parent="5"/>
   <Point id="122" x="13.300" y="11.269" z="1.454" r="0.550" parent="121"/>
   <Point id="154" x="0.200" y="19.500" z="2.100" r="4.350" label="soma" parent="153"/>
   <Point id="908" x="-13.200" y="-3.208" z="-10.462" r="0.300" parent="907"/>
   <Point id="911" x="-1.000" y="-19.808" z="-5.062" r="0.700" parent="907"/>
   <Point id="943" x="13.700" y="-5.046" z="0.531" r="0.600" parent="942"/>
   <Point id="993" x="0.200" y="-2.823" z="0.915" r="0.850" parent="992"/>
   <Point id="1043" x="0.200" y="-3.600" z="3.400" r="4.620" label="soma" parent="992"/>
   <Point id="7" x="-28.300" y="12.831" z="1.646" r="0.800" parent="6"/>
   <Point id="78" x="-22.600" y="2.931" z="1.346" r="0.650" parent="6"/>
   <Point id="123" x="28.100" y="14.969" z="3.354" r="0.700" parent="122"/>
   <Point id="155" x="0.200" y="20.900" z="2.100" r="3.540" label="soma" parent="154"/>
   <Point id="909" x="-24.900" y="2.692" z="-13.662" r="0.300" parent="908"/>
   <Point id="912" x="5.000" y="-21.208" z="-5.062" r="0.350" parent="911"/>
   <Point id="915" x="2.200" y="-31.608" z="-5.062" r="0.650" parent="911"/>
   <Point id="944" x="20.500" y="-3.746" z="0.531" r="0.750" parent="943"/>
   <Point id="994" x="-9.600" y="-8.623" z="0.915" r="0.850" parent="993"/>
   <Point id="1044" x="0.200" y="-5.600" z="3.400" r="3.040" parent="1043"/>
   <Point id="8" x="-35.000" y="20.431" z="7.146" r="0.400" parent="7"/>
   <Point id="14" x="-41.200" y="16.231" z="1.646" r="0.750" parent="7"/>
   <Point id="79" x="-30.100" y="4.231" z="1.346" r="0.650" parent="78"/>
   <Point id="124" x="31.900" y="14.969" z="5.054" r="0.600" parent="123"/>
   <Point id="156" x="0.200" y="22.900" z="2.100" r="3.800" parent="155"/>
   <Point id="910" x="-27.500" y="4.892" z="-12.662" r="0.300" parent="909"/>
   <Point id="913" x="9.100" y="-31.708" z="-5.062" r="0.350" parent="912"/>
   <Point id="916" x="0.300" y="-37.508" z="-5.062" r="0.600" parent="915"/>
   <Point id="945" x="24.400" y="-5.646" z="-0.969" r="0.600" parent="944"/>
   <Point id="995" x="-9.600" y="-16.423" z="0.915" r="0.650" parent="994"/>
   <Point id="1045" x="0.200" y="-5.162" z="0.808" r="1.000" parent="1044"/>
   <Point id="1057" x="0.200" y="-7.500" z="0.700" r="1.615" parent="1044"/>
   <Point id="9" x="-39.000" y="33.931" z="9.546" r="0.300" parent="8"/>
   <Point id="15" x="-49.300" y="16.231" z="5.146" r="0.550" parent="14"/>
   <Point id="63" x="-46.100" y="13.031" z="1.446" r="0.400" parent="14"/>
   <Point id="80" x="-39.300" y="-1.669" z="1.046" r="0.650" parent="79"/>
   <Point id="125" x="35.900" y="16.169" z="5.054" r="0.600" parent="124"/>
   <Point id="157" x="0.200" y="29.000" z="2.100" r="3.500" parent="156"/>
   <Point id="914" x="13.900" y="-36.308" z="-6.762" r="0.350" parent="913"/>
   <Point id="917" x="3.000" y="-47.908" z="-5.062" r="0.650" parent="916"/>
   <Point id="946" x="28.600" y="-12.646" z="-0.969" r="0.600" parent="945"/>
   <Point id="996" x="-12.200" y="-22.423" z="0.915" r="0.650" parent="995"/>
   <Point id="1046" x="7.100" y="-7.362" z="0.808" r="1.000" parent="1045"/>
   <Point id="1058" x="1.600" y="-10.100" z="8.400" r="1.000" parent="1057"/>
   <Point id="10" x="-42.000" y="33.931" z="7.346" r="0.250" parent="9"/>
   <Point id="16" x="-57.100" y="18.531" z="2.646" r="0.450" parent="15"/>
   <Point id="64" x="-51.900" y="11.031" z="-2.054" r="0.400" parent="63"/>
   <Point id="81" x="-43.100" y="-1.669" z="1.046" r="0.650" parent="80"/>
   <Point id="126" x="46.600" y="14.769" z="5.054" r="0.600" parent="125"/>
   <Point id="158" x="-0.500" y="34.700" z="3.400" r="2.800" parent="157"/>
   <Point id="918" x="1.100" y="-51.208" z="-12.462" r="0.850" parent="917"/>
   <Point id="947" x="35.300" y="-14.346" z="-0.969" r="0.750" parent="946"/>
   <Point id="997" x="-16.800" y="-22.823" z="0.915" r="0.750" parent="996"/>
   <Point id="1047" x="11.000" y="-6.062" z="0.808" r="1.000" parent="1046"/>
   <Point id="1059" x="-6.400" y="-10.100" z="8.400" r="0.600" parent="1058"/>
   <Point id="11" x="-45.500" y="41.831" z="12.946" r="0.200" parent="10"/>
   <Point id="17" x="-63.700" y="21.831" z="2.746" r="0.500" parent="16"/>
   <Point id="65" x="-55.700" y="11.031" z="-2.054" r="0.400" parent="64"/>
   <Point id="82" x="-45.900" y="-4.869" z="1.046" r="0.500" parent="81"/>
   <Point id="127" x="55.600" y="13.469" z="4.154" r="0.600" parent="126"/>
   <Point id="159" x="-1.900" y="39.000" z="4.000" r="2.800" parent="158"/>
   <Point id="919" x="-2.100" y="-54.008" z="-9.762" r="0.550" parent="918"/>
   <Point id="928" x="3.400" y="-61.308" z="-15.262" r="0.550" parent="918"/>
   <Point id="948" x="47.400" y="-19.246" z="2.631" r="0.750" parent="947"/>
   <Point id="998" x="-23.000" y="-32.423" z="0.915" r="0.850" parent="997"/>
   <Point id="1048" x="11.000" y="-13.762" z="7.708" r="1.000" parent="1047"/>
   <Point id="1060" x="-11.500" y="-16.400" z="8.400" r="0.300" parent="1059"/>
   <Point id="12" x="-54.000" y="44.231" z="12.446" r="0.200" parent="11"/>
   <Point id="18" x="-66.100" y="25.131" z="2.746" r="0.350" parent="17"/>
   <Point id="32" x="-70.900" y="25.031" z="2.746" r="0.450" parent="17"/>
   <Point id="66" x="-57.000" y="3.831" z="-4.154" r="0.400" parent="65"/>
   <Point id="83" x="-54.200" y="-4.869" z="1.046" r="0.500" parent="82"/>
   <Point id="128" x="62.100" y="14.869" z="4.154" r="0.600" parent="127"/>
   <Point id="144" x="61.000" y="9.069" z="5.454" r="0.250" parent="127"/>
   <Point id="160" x="-0.400" y="45.400" z="4.800" r="2.500" parent="159"/>
   <Point id="887" x="-1.900" y="48.100" z="4.000" r="0.650" parent="159"/>
   <Point id="920" x="-11.200" y="-57.008" z="-9.762" r="0.650" parent="919"/>
   <Point id="929" x="1.700" y="-63.808" z="-15.262" r="0.550" parent="928"/>
   <Point id="949" x="51.000" y="-18.246" z="2.631" r="0.550" parent="948"/>
   <Point id="963" x="49.600" y="-22.046" z="2.631" r="0.600" parent="948"/>
   <Point id="999" x="-31.400" y="-42.323" z="-4.385" r="0.650" parent="998"/>
   <Point id="1049" x="16.900" y="-18.062" z="7.708" r="1.000" parent="1048"/>
   <Point id="1061" x="-14.400" y="-19.100" z="9.500" r="0.300" parent="1060"/>
   <Point id="13" x="-61.200" y="44.331" z="12.246" r="0.200" parent="12"/>
   <Point id="19" x="-72.300" y="28.031" z="2.746" r="0.500" parent="18"/>
   <Point id="33" x="-80.800" y="27.231" z="1.246" r="0.400" parent="32"/>
   <Point id="67" x="-59.700" y="6.431" z="-9.154" r="0.400" parent="66"/>
   <Point id="84" x="-64.300" y="-11.469" z="1.546" r="0.550" parent="83"/>
   <Point id="129" x="63.200" y="20.269" z="4.154" r="0.450" parent="128"/>
   <Point id="137" x="64.700" y="11.169" z="4.154" r="0.250" parent="128"/>
   <Point id="145" x="71.200" y="0.069" z="5.454" r="0.250" parent="144"/>
   <Point id="161" x="-2.000" y="49.900" z="5.100" r="2.850" parent="160"/>
   <Point id="888" x="-6.200" y="51.400" z="4.000" r="0.700" parent="887"/>
   <Point id="921" x="-14.800" y="-62.108" z="-5.562" r="0.550" parent="920"/>
   <Point id="930" x="1.700" y="-66.908" z="-15.262" r="0.550" parent="929"/>
   <Point id="950" x="53.800" y="-19.446" z="2.631" r="0.500" parent="949"/>
   <Point id="964" x="50.700" y="-29.346" z="2.631" r="0.650" parent="963"/>
   <Point id="1000" x="-35.600" y="-44.023" z="-4.385" r="0.650" parent="999"/>
   <Point id="1050" x="-5.700" y="-21.700" z="0.700" r="0.850" parent="1049"/>
   <Point id="1062" x="-24.900" y="-14.000" z="9.500" r="0.300" parent="1061"/>
   <Point id="20" x="-76.300" y="34.031" z="0.846" r="0.450" parent="19"/>
   <Point id="34" x="-83.900" y="28.031" z="-1.054" r="0.400" parent="33"/>
   <Point id="68" x="-61.300" y="1.131" z="-11.054" r="0.400" parent="67"/>
   <Point id="85" x="-68.700" y="-16.569" z="1.546" r="0.500" parent="84"/>
   <Point id="130" x="65.400" y="24.169" z="4.154" r="0.400" parent="129"/>
   <Point id="138" x="68.500" y="14.369" z="4.154" r="0.250" parent="137"/>
   <Point id="146" x="81.500" y="-10.131" z="4.754" r="0.250" parent="145"/>
   <Point id="162" x="0.600" y="51.200" z="4.400" r="0.600" parent="161"/>
   <Point id="172" x="-4.500" y="59.000" z="5.200" r="2.550" parent="161"/>
   <Point id="889" x="-6.200" y="60.600" z="-6.200" r="0.500" parent="888"/>
   <Point id="900" x="-6.200" y="60.700" z="-5.200" r="0.650" parent="888"/>
   <Point id="922" x="-16.200" y="-62.108" z="-5.562" r="0.550" parent="921"/>
   <Point id="931" x="1.700" y="-69.708" z="-17.462" r="0.650" parent="930"/>
   <Point id="951" x="57.900" y="-17.246" z="4.631" r="0.550" parent="950"/>
   <Point id="965" x="54.700" y="-32.146" z="0.431" r="0.400" parent="964"/>
   <Point id="1001" x="-40.600" y="-49.223" z="-4.385" r="0.650" parent="1000"/>
   <Point id="1051" x="-16.300" y="-30.200" z="1.700" r="0.800" parent="1050"/>
   <Point id="1063" x="-31.200" y="-18.500" z="9.500" r="0.400" parent="1062"/>
   <Point id="21" x="-77.700" y="41.331" z="1.546" r="0.450" parent="20"/>
   <Point id="35" x="-88.900" y="29.131" z="-2.654" r="0.400" parent="34"/>
   <Point id="69" x="-63.700" y="2.831" z="-11.054" r="0.400" parent="68"/>
   <Point id="86" x="-71.000" y="-23.569" z="3.946" r="0.550" parent="85"/>
   <Point id="131" x="74.400" y="28.069" z="4.154" r="0.450" parent="130"/>
   <Point id="139" x="74.300" y="11.969" z="6.954" r="0.250" parent="138"/>
   <Point id="147" x="87.700" y="-15.131" z="10.154" r="0.250" parent="146"/>
   <Point id="163" x="3.600" y="54.500" z="4.900" r="0.500" parent="162"/>
   <Point id="173" x="-4.500" y="66.600" z="5.200" r="2.550" parent="172"/>
   <Point id="890" x="-6.200" y="68.100" z="-6.200" r="0.500" parent="889"/>
   <Point id="901" x="-6.200" y="68.500" z="-5.200" r="0.650" parent="900"/>
   <Point id="923" x="-12.600" y="-71.708" z="-2.162" r="0.400" parent="922"/>
   <Point id="932" x="3.400" y="-76.508" z="-17.462" r="0.650" parent="931"/>
   <Point id="952" x="62.900" y="-17.246" z="4.631" r="0.500" parent="951"/>
   <Point id="966" x="57.000" y="-41.746" z="0.431" r="0.550" parent="965"/>
   <Point id="1002" x="-40.600" y="-60.523" z="-3.185" r="0.650" parent="1001"/>
   <Point id="1052" x="-16.700" y="-31.700" z="7.300" r="0.500" parent="1051"/>
   <Point id="1064" x="-40.500" y="-24.700" z="9.500" r="0.400" parent="1063"/>
   <Point id="22" x="-74.900" y="49.731" z="5.046" r="0.250" parent="21"/>
   <Point id="29" x="-82.700" y="48.131" z="2.846" r="0.450" parent="21"/>
   <Point id="36" x="-93.500" y="27.731" z="-5.054" r="0.450" parent="35"/>
   <Point id="70" x="-70.900" y="-0.869" z="-15.854" r="0.400" parent="69"/>
   <Point id="87" x="-73.900" y="-23.569" z="3.946" r="0.550" parent="86"/>
   <Point id="132" x="74.400" y="30.969" z="4.154" r="0.400" parent="131"/>
   <Point id="140" x="76.900" y="8.069" z="6.954" r="0.250" parent="139"/>
   <Point id="148" x="88.900" y="-18.131" z="10.154" r="0.250" parent="147"/>
   <Point id="164" x="3.600" y="56.800" z="8.900" r="0.500" parent="163"/>
   <Point id="174" x="-4.500" y="72.900" z="5.200" r="2.150" parent="173"/>
   <Point id="891" x="-3.300" y="68.000" z="0.900" r="0.500" parent="890"/>
   <Point id="902" x="-2.800" y="74.500" z="-5.200" r="0.650" parent="901"/>
   <Point id="924" x="-9.400" y="-77.208" z="-2.162" r="0.400" parent="923"/>
   <Point id="933" x="3.400" y="-83.408" z="-15.662" r="0.500" parent="932"/>
   <Point id="953" x="66.200" y="-16.146" z="4.631" r="0.500" parent="952"/>
   <Point id="967" x="60.200" y="-46.446" z="-0.369" r="0.500" parent="966"/>
   <Point id="1003" x="-54.100" y="-68.423" z="-0.685" r="0.700" parent="1002"/>
   <Point id="1053" x="-13.800" y="-31.700" z="7.300" r="0.400" parent="1052"/>
   <Point id="1065" x="-43.700" y="-31.000" z="9.500" r="0.400" parent="1064"/>
   <Point id="23" x="-77.400" y="56.231" z="6.146" r="0.250" parent="22"/>
   <Point id="30" x="-85.600" y="53.231" z="5.946" r="0.350" parent="29"/>
   <Point id="37" x="-99.300" y="32.731" z="-5.054" r="0.450" parent="36"/>
   <Point id="71" x="-80.600" y="-2.469" z="-16.954" r="0.400" parent="70"/>
   <Point id="88" x="-78.400" y="-21.369" z="3.946" r="0.550" parent="87"/>
   <Point id="133" x="79.400" y="34.369" z="4.154" r="0.350" parent="132"/>
   <Point id="141" x="84.000" y="9.269" z="9.654" r="0.250" parent="140"/>
   <Point id="149" x="92.000" y="-19.831" z="6.954" r="0.300" parent="148"/>
   <Point id="165" x="0.700" y="57.800" z="8.600" r="0.400" parent="164"/>
   <Point id="166" x="6.200" y="57.100" z="8.900" r="0.500" parent="164"/>
   <Point id="175" x="-4.900" y="78.200" z="5.200" r="1.850" parent="174"/>
   <Point id="892" x="-4.200" y="73.700" z="0.900" r="0.500" parent="891"/>
   <Point id="903" x="-12.500" y="79.600" z="-1.800" r="0.650" parent="902"/>
   <Point id="925" x="-9.400" y="-80.208" z="-2.162" r="0.400" parent="924"/>
   <Point id="934" x="7.100" y="-93.708" z="-15.662" r="0.500" parent="933"/>
   <Point id="954" x="68.500" y="-17.046" z="4.631" r="0.350" parent="953"/>
   <Point id="968" x="62.500" y="-52.746" z="-0.369" r="0.500" parent="967"/>
   <Point id="1004" x="-60.900" y="-70.023" z="-0.685" r="0.600" parent="1003"/>
   <Point id="1054" x="-14.400" y="-34.500" z="7.300" r="0.400" parent="1053"/>
   <Point id="1066" x="-46.200" y="-31.200" z="9.500" r="0.400" parent="1065"/>
   <Point id="24" x="-76.500" y="59.531" z="6.146" r="0.250" parent="23"/>
   <Point id="31" x="-87.800" y="58.831" z="9.346" r="0.250" parent="30"/>
   <Point id="38" x="-102.800" y="29.631" z="-2.754" r="0.450" parent="37"/>
   <Point id="72" x="-80.900" y="-5.769" z="-21.254" r="0.400" parent="71"/>
   <Point id="89" x="-80.000" y="-19.969" z="4.546" r="0.550" parent="88"/>
   <Point id="134" x="88.600" y="37.369" z="2.454" r="0.250" parent="133"/>
   <Point id="142" x="84.500" y="9.869" z="9.654" r="0.250" parent="141"/>
   <Point id="150" x="92.500" y="-23.731" z="4.654" r="0.300" parent="149"/>
   <Point id="167" x="6.200" y="59.300" z="7.500" r="0.500" parent="166"/>
   <Point id="176" x="-4.900" y="83.000" z="4.600" r="2.000" parent="175"/>
   <Point id="893" x="-0.200" y="76.800" z="0.900" r="0.500" parent="892"/>
   <Point id="926" x="-6.300" y="-83.808" z="-2.162" r="0.250" parent="925"/>
   <Point id="935" x="5.200" y="-97.508" z="-15.662" r="0.450" parent="934"/>
   <Point id="955" x="71.200" y="-16.246" z="4.631" r="0.350" parent="954"/>
   <Point id="969" x="62.500" y="-56.646" z="-0.369" r="0.500" parent="968"/>
   <Point id="1005" x="-68.700" y="-72.723" z="0.515" r="0.600" parent="1004"/>
   <Point id="1055" x="-22.400" y="-35.100" z="7.300" r="0.400" parent="1054"/>
   <Point id="1067" x="-48.200" y="-28.500" z="4.600" r="0.400" parent="1066"/>
   <Point id="25" x="-79.400" y="65.831" z="6.546" r="0.250" parent="24"/>
   <Point id="39" x="-108.300" y="33.231" z="-2.754" r="0.450" parent="38"/>
   <Point id="73" x="-84.900" y="-5.769" z="-21.254" r="0.350" parent="72"/>
   <Point id="90" x="-84.000" y="-18.569" z="4.546" r="0.250" parent="89"/>
   <Point id="96" x="-85.700" y="-22.169" z="2.346" r="0.650" parent="89"/>
   <Point id="135" x="85.100" y="49.169" z="2.454" r="0.250" parent="134"/>
   <Point id="143" x="81.100" y="11.369" z="9.654" r="0.250" parent="142"/>
   <Point id="151" x="96.000" y="-29.831" z="4.654" r="0.250" parent="150"/>
   <Point id="168" x="8.700" y="60.100" z="8.800" r="0.300" parent="167"/>
   <Point id="177" x="-8.900" y="84.900" z="0.300" r="0.675" parent="176"/>
   <Point id="200" x="-4.900" y="95.000" z="4.600" r="1.750" parent="176"/>
   <Point id="894" x="6.500" y="84.500" z="-3.300" r="0.650" parent="893"/>
   <Point id="927" x="-6.300" y="-85.408" z="-2.162" r="0.250" parent="926"/>
   <Point id="936" x="9.800" y="-107.008" z="-15.662" r="0.450" parent="935"/>
   <Point id="956" x="74.400" y="-15.646" z="2.931" r="0.350" parent="955"/>
   <Point id="970" x="61.900" y="-58.746" z="-2.069" r="0.500" parent="969"/>
   <Point id="1006" x="-69.500" y="-75.523" z="0.515" r="0.600" parent="1005"/>
   <Point id="1056" x="-30.700" y="-40.100" z="9.700" r="0.250" parent="1055"/>
   <Point id="1068" x="-62.800" y="-33.700" z="4.600" r="0.500" parent="1067"/>
   <Point id="26" x="-75.700" y="67.731" z="8.646" r="0.250" parent="25"/>
   <Point id="40" x="-119.400" y="32.831" z="-5.054" r="0.450" parent="39"/>
   <Point id="74" x="-95.500" y="-5.769" z="-26.354" r="0.250" parent="73"/>
   <Point id="75" x="-88.500" y="-10.269" z="-21.254" r="0.250" parent="73"/>
   <Point id="91" x="-85.400" y="-16.869" z="4.546" r="0.250" parent="90"/>
   <Point id="97" x="-89.400" y="-24.769" z="2.346" r="0.500" parent="96"/>
   <Point id="104" x="-85.800" y="-27.669" z="-0.454" r="0.400" parent="96"/>
   <Point id="136" x="87.500" y="54.369" z="2.454" r="0.250" parent="135"/>
   <Point id="169" x="11.400" y="58.200" z="11.200" r="0.300" parent="168"/>
   <Point id="178" x="-15.500" y="84.500" z="-1.300" r="0.650" parent="177"/>
   <Point id="201" x="-4.900" y="110.100" z="2.500" r="1.750" parent="200"/>
   <Point id="895" x="11.600" y="82.500" z="-8.100" r="0.650" parent="894"/>
   <Point id="937" x="6.500" y="-116.408" z="-15.662" r="0.500" parent="936"/>
   <Point id="957" x="74.400" y="-13.946" z="2.931" r="0.350" parent="956"/>
   <Point id="971" x="60.300" y="-62.346" z="-1.969" r="0.400" parent="970"/>
   <Point id="982" x="69.700" y="-63.746" z="-2.069" r="0.350" parent="970"/>
   <Point id="1007" x="-69.500" y="-77.623" z="-0.385" r="0.350" parent="1006"/>
   <Point id="1069" x="-66.000" y="-39.500" z="4.600" r="0.550" parent="1068"/>
   <Point id="27" x="-78.300" y="77.631" z="10.146" r="0.250" parent="26"/>
   <Point id="41" x="-123.100" y="38.131" z="-5.054" r="0.450" parent="40"/>
   <Point id="76" x="-92.000" y="-11.169" z="-26.154" r="0.200" parent="75"/>
   <Point id="92" x="-90.300" y="-16.869" z="4.546" r="0.250" parent="91"/>
   <Point id="98" x="-96.500" y="-26.469" z="2.346" r="0.350" parent="97"/>
   <Point id="105" x="-90.900" y="-32.069" z="-2.954" r="0.400" parent="104"/>
   <Point id="170" x="14.500" y="61.700" z="11.200" r="0.300" parent="169"/>
   <Point id="179" x="-19.200" y="88.600" z="-2.900" r="0.600" parent="178"/>
   <Point id="202" x="-4.900" y="112.100" z="2.500" r="1.750" parent="201"/>
   <Point id="896" x="8.100" y="86.800" z="-9.900" r="0.650" parent="895"/>
   <Point id="938" x="9.700" y="-125.608" z="-21.562" r="0.450" parent="937"/>
   <Point id="958" x="76.800" y="-13.946" z="2.931" r="0.350" parent="957"/>
   <Point id="972" x="65.400" y="-64.446" z="-1.969" r="0.400" parent="971"/>
   <Point id="983" x="75.800" y="-66.146" z="-7.569" r="0.350" parent="982"/>
   <Point id="1008" x="-69.800" y="-86.823" z="-0.885" r="0.400" parent="1007"/>
   <Point id="1023" x="-72.200" y="-84.723" z="-0.385" r="0.500" parent="1007"/>
   <Point id="1070" x="-70.600" y="-42.600" z="4.600" r="0.550" parent="1069"/>
   <Point id="28" x="-74.600" y="85.931" z="13.646" r="0.200" parent="27"/>
   <Point id="42" x="-132.900" y="37.831" z="-10.854" r="0.450" parent="41"/>
   <Point id="77" x="-97.500" y="-16.069" z="-26.454" r="0.150" parent="76"/>
   <Point id="93" x="-91.600" y="-14.769" z="4.546" r="0.250" parent="92"/>
   <Point id="99" x="-99.500" y="-32.069" z="2.346" r="0.350" parent="98"/>
   <Point id="106" x="-90.900" y="-35.069" z="-2.954" r="0.350" parent="105"/>
   <Point id="171" x="21.100" y="62.800" z="10.000" r="0.350" parent="170"/>
   <Point id="180" x="-24.300" y="90.200" z="-2.900" r="0.700" parent="179"/>
   <Point id="203" x="-14.500" y="109.300" z="3.200" r="0.800" parent="202"/>
   <Point id="214" x="-2.200" y="119.300" z="2.500" r="1.850" parent="202"/>
   <Point id="897" x="11.300" y="89.900" z="-15.600" r="0.650" parent="896"/>
   <Point id="939" x="11.800" y="-135.408" z="-23.862" r="0.400" parent="938"/>
   <Point id="959" x="79.500" y="-11.546" z="3.931" r="0.350" parent="958"/>
   <Point id="973" x="66.200" y="-71.046" z="-1.969" r="0.400" parent="972"/>
   <Point id="984" x="78.800" y="-68.846" z="-7.869" r="0.350" parent="983"/>
   <Point id="1009" x="-66.700" y="-92.023" z="-0.885" r="0.400" parent="1008"/>
   <Point id="1024" x="-70.600" y="-88.523" z="-0.385" r="0.300" parent="1023"/>
   <Point id="1071" x="-81.400" y="-45.400" z="4.600" r="0.550" parent="1070"/>
   <Point id="43" x="-139.400" y="42.631" z="-10.854" r="0.450" parent="42"/>
   <Point id="94" x="-98.200" y="-10.469" z="11.346" r="0.200" parent="93"/>
   <Point id="100" x="-109.700" y="-33.969" z="5.746" r="0.350" parent="99"/>
   <Point id="107" x="-94.600" y="-33.969" z="-5.954" r="0.350" parent="106"/>
   <Point id="181" x="-27.600" y="94.700" z="-9.100" r="0.750" parent="180"/>
   <Point id="204" x="-20.900" y="111.100" z="2.700" r="0.650" parent="203"/>
   <Point id="215" x="-0.300" y="122.800" z="0.600" r="1.225" parent="214"/>
   <Point id="237" x="-2.200" y="125.600" z="2.000" r="1.950" parent="214"/>
   <Point id="898" x="19.900" y="93.800" z="-17.000" r="0.500" parent="897"/>
   <Point id="960" x="88.600" y="-6.946" z="8.031" r="0.300" parent="959"/>
   <Point id="974" x="70.700" y="-74.846" z="-1.969" r="0.400" parent="973"/>
   <Point id="985" x="83.700" y="-70.446" z="-12.369" r="0.500" parent="984"/>
   <Point id="1010" x="-69.700" y="-96.423" z="-0.885" r="0.500" parent="1009"/>
   <Point id="1025" x="-67.600" y="-93.623" z="-0.385" r="0.300" parent="1024"/>
   <Point id="1072" x="-81.400" y="-43.500" z="8.000" r="0.550" parent="1071"/>
   <Point id="44" x="-148.200" y="40.531" z="-10.654" r="0.450" parent="43"/>
   <Point id="95" x="-103.000" y="-7.669" z="11.346" r="0.200" parent="94"/>
   <Point id="101" x="-119.500" y="-37.469" z="5.046" r="0.350" parent="100"/>
   <Point id="108" x="-92.900" y="-37.269" z="-8.454" r="0.450" parent="107"/>
   <Point id="182" x="-34.500" y="94.700" z="-6.100" r="0.800" parent="181"/>
   <Point id="205" x="-34.400" y="106.100" z="5.900" r="0.550" parent="204"/>
   <Point id="216" x="8.500" y="120.900" z="5.600" r="0.600" parent="215"/>
   <Point id="238" x="-0.300" y="130.400" z="2.000" r="1.850" parent="237"/>
   <Point id="899" x="22.500" y="97.700" z="-17.300" r="0.500" parent="898"/>
   <Point id="961" x="92.500" y="-8.946" z="11.231" r="0.300" parent="960"/>
   <Point id="975" x="76.700" y="-73.246" z="-1.969" r="0.400" parent="974"/>
   <Point id="986" x="83.700" y="-70.946" z="-12.369" r="0.500" parent="985"/>
   <Point id="1011" x="-73.400" y="-98.123" z="1.715" r="0.500" parent="1010"/>
   <Point id="1026" x="-71.200" y="-97.123" z="-2.685" r="0.400" parent="1025"/>
   <Point id="1073" x="-83.900" y="-39.500" z="8.000" r="0.250" parent="1072"/>
   <Point id="1075" x="-85.800" y="-47.500" z="3.900" r="0.300" parent="1072"/>
   <Point id="45" x="-153.300" y="43.131" z="-9.054" r="0.450" parent="44"/>
   <Point id="102" x="-125.000" y="-37.469" z="8.946" r="0.350" parent="101"/>
   <Point id="109" x="-104.000" y="-40.469" z="-11.054" r="0.500" parent="108"/>
   <Point id="183" x="-34.500" y="104.500" z="-3.800" r="1.100" parent="182"/>
   <Point id="206" x="-41.100" y="103.400" z="6.800" r="0.450" parent="205"/>
   <Point id="217" x="18.200" y="122.600" z="5.100" r="0.400" parent="216"/>
   <Point id="239" x="-5.800" y="152.400" z="2.900" r="1.650" parent="238"/>
   <Point id="962" x="95.200" y="-9.046" z="-3.569" r="0.300" parent="961"/>
   <Point id="976" x="82.100" y="-79.046" z="-4.569" r="0.400" parent="975"/>
   <Point id="987" x="90.100" y="-70.446" z="-21.969" r="0.500" parent="986"/>
   <Point id="1012" x="-75.100" y="-110.223" z="1.715" r="0.500" parent="1011"/>
   <Point id="1027" x="-75.800" y="-108.423" z="-3.285" r="0.400" parent="1026"/>
   <Point id="1074" x="-89.900" y="-35.300" z="8.000" r="0.250" parent="1073"/>
   <Point id="1076" x="-91.400" y="-47.500" z="8.200" r="0.350" parent="1075"/>
   <Point id="46" x="-160.100" y="41.131" z="-9.054" r="0.450" parent="45"/>
   <Point id="103" x="-130.800" y="-44.969" z="8.546" r="0.300" parent="102"/>
   <Point id="110" x="-104.000" y="-45.969" z="-11.054" r="0.500" parent="109"/>
   <Point id="184" x="-35.700" y="109.700" z="-3.800" r="0.900" parent="183"/>
   <Point id="207" x="-43.800" y="103.700" z="8.300" r="0.450" parent="206"/>
   <Point id="218" x="24.700" y="127.600" z="6.800" r="0.400" parent="217"/>
   <Point id="240" x="-1.500" y="162.900" z="4.900" r="1.800" parent="239"/>
   <Point id="977" x="87.000" y="-77.946" z="-10.469" r="0.400" parent="976"/>
   <Point id="988" x="99.000" y="-75.446" z="-23.969" r="0.350" parent="987"/>
   <Point id="1013" x="-71.800" y="-113.223" z="-1.985" r="0.350" parent="1012"/>
   <Point id="1028" x="-81.300" y="-117.823" z="-3.685" r="0.400" parent="1027"/>
   <Point id="1077" x="-98.500" y="-51.800" z="8.200" r="0.350" parent="1076"/>
   <Point id="47" x="-165.300" y="43.431" z="-7.854" r="0.450" parent="46"/>
   <Point id="111" x="-99.700" y="-58.369" z="-11.054" r="0.500" parent="110"/>
   <Point id="185" x="-43.500" y="122.200" z="-9.200" r="0.700" parent="184"/>
   <Point id="208" x="-48.900" y="102.900" z="8.300" r="0.400" parent="207"/>
   <Point id="219" x="27.300" y="133.600" z="6.800" r="0.400" parent="218"/>
   <Point id="241" x="1.500" y="169.000" z="4.200" r="2.100" parent="240"/>
   <Point id="978" x="95.200" y="-81.946" z="-15.069" r="0.400" parent="977"/>
   <Point id="989" x="105.400" y="-75.446" z="-23.969" r="0.350" parent="988"/>
   <Point id="1014" x="-77.200" y="-119.523" z="-1.985" r="0.400" parent="1013"/>
   <Point id="1029" x="-86.500" y="-121.523" z="-3.685" r="0.400" parent="1028"/>
   <Point id="1078" x="-104.900" y="-50.200" z="8.200" r="0.350" parent="1077"/>
   <Point id="48" x="-173.400" y="45.731" z="-9.054" r="0.450" parent="47"/>
   <Point id="112" x="-105.300" y="-63.769" z="-11.054" r="0.350" parent="111"/>
   <Point id="186" x="-48.300" y="126.700" z="-5.000" r="0.750" parent="185"/>
   <Point id="209" x="-53.900" y="100.800" z="5.300" r="0.550" parent="208"/>
   <Point id="220" x="30.800" y="135.400" z="6.800" r="0.400" parent="219"/>
   <Point id="242" x="1.500" y="169.000" z="4.100" r="0.400" parent="241"/>
   <Point id="255" x="4.900" y="173.300" z="5.400" r="1.600" parent="241"/>
   <Point id="979" x="96.800" y="-85.546" z="-16.169" r="0.400" parent="978"/>
   <Point id="990" x="108.500" y="-78.946" z="-21.469" r="0.350" parent="989"/>
   <Point id="1015" x="-80.800" y="-124.323" z="4.415" r="0.400" parent="1014"/>
   <Point id="1030" x="-90.900" y="-122.023" z="-3.685" r="0.400" parent="1029"/>
   <Point id="1079" x="-113.700" y="-56.000" z="9.300" r="0.350" parent="1078"/>
   <Point id="49" x="-177.500" y="50.331" z="-9.054" r="0.400" parent="48"/>
   <Point id="113" x="-106.800" y="-68.569" z="-13.354" r="0.350" parent="112"/>
   <Point id="187" x="-51.600" y="133.200" z="-2.900" r="0.750" parent="186"/>
   <Point id="210" x="-62.100" y="99.900" z="6.900" r="0.400" parent="209"/>
   <Point id="221" x="30.800" y="138.100" z="7.400" r="0.500" parent="220"/>
   <Point id="243" x="-3.600" y="172.200" z="4.200" r="0.400" parent="242"/>
   <Point id="256" x="-1.500" y="188.400" z="4.600" r="1.600" parent="255"/>
   <Point id="980" x="101.500" y="-88.446" z="-16.269" r="0.350" parent="979"/>
   <Point id="981" x="90.300" y="-98.946" z="-18.969" r="0.350" parent="979"/>
   <Point id="1016" x="-82.200" y="-127.023" z="4.915" r="0.350" parent="1015"/>
   <Point id="1031" x="-93.800" y="-129.723" z="-3.685" r="0.400" parent="1030"/>
   <Point id="1080" x="-118.100" y="-54.900" z="9.300" r="0.350" parent="1079"/>
   <Point id="50" x="-181.600" y="48.131" z="-9.054" r="0.400" parent="49"/>
   <Point id="114" x="-101.800" y="-74.769" z="-13.354" r="0.250" parent="113"/>
   <Point id="188" x="-54.800" y="138.300" z="-2.900" r="0.700" parent="187"/>
   <Point id="211" x="-66.200" y="96.600" z="11.500" r="0.300" parent="210"/>
   <Point id="222" x="38.700" y="139.400" z="7.700" r="0.550" parent="221"/>
   <Point id="244" x="-11.100" y="179.100" z="-1.300" r="0.550" parent="243"/>
   <Point id="257" x="1.000" y="182.100" z="5.900" r="0.500" parent="256"/>
   <Point id="289" x="-1.500" y="189.800" z="4.600" r="1.600" parent="256"/>
   <Point id="1017" x="-84.300" y="-129.623" z="5.615" r="0.250" parent="1016"/>
   <Point id="1032" x="-101.700" y="-135.823" z="-3.685" r="0.400" parent="1031"/>
   <Point id="1081" x="-122.200" y="-59.100" z="6.100" r="0.250" parent="1080"/>
   <Point id="51" x="-188.700" y="49.931" z="-9.054" r="0.400" parent="50"/>
   <Point id="115" x="-97.800" y="-80.269" z="-10.154" r="0.250" parent="114"/>
   <Point id="189" x="-56.200" y="142.600" z="-4.800" r="0.950" parent="188"/>
   <Point id="212" x="-67.100" y="93.600" z="11.500" r="0.250" parent="211"/>
   <Point id="223" x="48.000" y="142.200" z="6.500" r="0.650" parent="222"/>
   <Point id="245" x="-13.600" y="177.000" z="-1.300" r="0.550" parent="244"/>
   <Point id="251" x="-6.500" y="180.500" z="-0.600" r="0.500" parent="244"/>
   <Point id="258" x="2.800" y="178.500" z="6.400" r="0.500" parent="257"/>
   <Point id="290" x="-4.400" y="199.500" z="3.100" r="1.700" parent="289"/>
   <Point id="1018" x="-81.800" y="-132.123" z="5.615" r="0.250" parent="1017"/>
   <Point id="1033" x="-108.500" y="-138.823" z="-3.685" r="0.450" parent="1032"/>
   <Point id="52" x="-202.100" y="49.231" z="-6.054" r="0.400" parent="51"/>
   <Point id="116" x="-95.500" y="-84.869" z="-10.154" r="0.250" parent="115"/>
   <Point id="190" x="-64.300" y="151.000" z="-4.800" r="0.850" parent="189"/>
   <Point id="213" x="-69.700" y="97.000" z="11.500" r="0.300" parent="212"/>
   <Point id="224" x="56.800" y="142.400" z="12.300" r="0.450" parent="223"/>
   <Point id="232" x="53.700" y="138.300" z="9.600" r="0.350" parent="223"/>
   <Point id="246" x="-16.000" y="183.700" z="-2.300" r="0.500" parent="245"/>
   <Point id="252" x="-7.200" y="183.300" z="-3.900" r="0.500" parent="251"/>
   <Point id="259" x="7.600" y="171.500" z="4.600" r="0.550" parent="258"/>
   <Point id="272" x="6.900" y="171.200" z="3.900" r="0.500" parent="258"/>
   <Point id="291" x="1.500" y="201.600" z="-0.600" r="0.400" parent="290"/>
   <Point id="293" x="-8.100" y="227.600" z="4.300" r="1.700" parent="290"/>
   <Point id="1019" x="-81.800" y="-140.123" z="10.015" r="0.250" parent="1018"/>
   <Point id="1034" x="-108.500" y="-144.923" z="-3.685" r="0.400" parent="1033"/>
   <Point id="53" x="-211.400" y="52.731" z="-6.054" r="0.350" parent="52"/>
   <Point id="117" x="-95.500" y="-95.969" z="-10.154" r="0.250" parent="116"/>
   <Point id="191" x="-66.400" y="155.300" z="-4.800" r="0.850" parent="190"/>
   <Point id="225" x="60.100" y="145.000" z="7.500" r="0.450" parent="224"/>
   <Point id="233" x="59.300" y="139.900" z="10.900" r="0.500" parent="232"/>
   <Point id="247" x="-22.600" y="190.300" z="-7.400" r="0.500" parent="246"/>
   <Point id="253" x="-3.900" y="185.700" z="-6.000" r="0.500" parent="252"/>
   <Point id="260" x="5.400" y="166.400" z="4.600" r="0.550" parent="259"/>
   <Point id="273" x="13.500" y="168.400" z="2.900" r="0.400" parent="272"/>
   <Point id="292" x="-0.200" y="208.300" z="-4.800" r="0.400" parent="291"/>
   <Point id="294" x="-5.000" y="241.200" z="5.200" r="1.550" parent="293"/>
   <Point id="1020" x="-85.300" y="-140.123" z="11.715" r="0.250" parent="1019"/>
   <Point id="1035" x="-111.300" y="-146.823" z="-3.685" r="0.400" parent="1034"/>
   <Point id="54" x="-215.700" y="49.531" z="-1.554" r="0.350" parent="53"/>
   <Point id="118" x="-98.600" y="-97.769" z="-13.254" r="0.150" parent="117"/>
   <Point id="192" x="-66.400" y="161.800" z="-5.600" r="0.650" parent="191"/>
   <Point id="226" x="62.200" y="145.600" z="12.100" r="0.200" parent="225"/>
   <Point id="234" x="69.000" y="132.500" z="11.400" r="0.450" parent="233"/>
   <Point id="248" x="-42.300" y="205.300" z="-11.800" r="0.500" parent="247"/>
   <Point id="254" x="-6.400" y="195.800" z="-4.700" r="0.450" parent="253"/>
   <Point id="261" x="9.400" y="155.200" z="3.000" r="0.500" parent="260"/>
   <Point id="274" x="20.500" y="168.400" z="1.600" r="0.600" parent="273"/>
   <Point id="295" x="-0.400" y="241.200" z="7.700" r="0.550" parent="294"/>
   <Point id="300" x="-0.300" y="256.700" z="5.200" r="1.550" parent="294"/>
   <Point id="1021" x="-85.300" y="-143.523" z="10.915" r="0.250" parent="1020"/>
   <Point id="1036" x="-115.600" y="-152.523" z="1.015" r="0.400" parent="1035"/>
   <Point id="55" x="-219.500" y="50.831" z="-1.554" r="0.350" parent="54"/>
   <Point id="193" x="-68.900" y="165.500" z="-4.300" r="0.500" parent="192"/>
   <Point id="227" x="63.300" y="144.700" z="13.600" r="0.200" parent="226"/>
   <Point id="235" x="74.800" y="125.400" z="8.400" r="0.300" parent="234"/>
   <Point id="249" x="-53.300" y="205.300" z="-15.000" r="0.450" parent="248"/>
   <Point id="262" x="5.800" y="145.700" z="2.500" r="0.500" parent="261"/>
   <Point id="275" x="25.700" y="165.700" z="4.100" r="0.500" parent="274"/>
   <Point id="296" x="3.500" y="246.600" z="9.900" r="0.550" parent="295"/>
   <Point id="301" x="-4.500" y="272.000" z="9.700" r="1.550" parent="300"/>
   <Point id="1022" x="-86.500" y="-146.223" z="10.915" r="0.250" parent="1021"/>
   <Point id="1037" x="-114.800" y="-155.123" z="2.115" r="0.250" parent="1036"/>
   <Point id="56" x="-231.900" y="45.431" z="-1.554" r="0.350" parent="55"/>
   <Point id="194" x="-79.600" y="167.600" z="0.000" r="0.450" parent="193"/>
   <Point id="228" x="69.100" y="143.200" z="13.300" r="0.200" parent="227"/>
   <Point id="236" x="81.600" y="118.400" z="5.600" r="0.250" parent="235"/>
   <Point id="250" x="-69.500" y="207.600" z="-16.700" r="0.450" parent="249"/>
   <Point id="263" x="12.900" y="135.900" z="-1.100" r="0.500" parent="262"/>
   <Point id="276" x="29.100" y="152.600" z="6.500" r="0.300" parent="275"/>
   <Point id="277" x="34.900" y="164.900" z="4.100" r="0.550" parent="275"/>
   <Point id="297" x="8.300" y="246.000" z="12.300" r="0.400" parent="296"/>
   <Point id="302" x="-7.500" y="295.500" z="6.900" r="1.650" parent="301"/>
   <Point id="1038" x="-121.100" y="-158.623" z="6.015" r="0.250" parent="1037"/>
   <Point id="57" x="-233.700" y="47.031" z="0.746" r="0.350" parent="56"/>
   <Point id="195" x="-81.500" y="172.000" z="0.000" r="0.450" parent="194"/>
   <Point id="229" x="70.100" y="147.400" z="13.400" r="0.350" parent="228"/>
   <Point id="264" x="14.200" y="129.100" z="2.900" r="0.500" parent="263"/>
   <Point id="278" x="39.200" y="166.600" z="6.800" r="0.500" parent="277"/>
   <Point id="298" x="10.000" y="251.600" z="11.000" r="0.300" parent="297"/>
   <Point id="303" x="-5.100" y="323.400" z="9.200" r="1.600" parent="302"/>
   <Point id="1039" x="-130.100" y="-163.123" z="9.215" r="0.250" parent="1038"/>
   <Point id="58" x="-236.400" y="41.831" z="0.746" r="0.300" parent="57"/>
   <Point id="196" x="-87.600" y="183.600" z="-3.200" r="0.400" parent="195"/>
   <Point id="230" x="77.400" y="142.700" z="17.400" r="0.300" parent="229"/>
   <Point id="265" x="10.700" y="115.700" z="3.700" r="0.550" parent="264"/>
   <Point id="279" x="42.800" y="160.900" z="6.800" r="0.500" parent="278"/>
   <Point id="299" x="18.100" y="256.800" z="15.100" r="0.300" parent="298"/>
   <Point id="304" x="-11.200" y="350.400" z="9.200" r="1.650" parent="303"/>
   <Point id="1040" x="-132.300" y="-161.423" z="9.215" r="0.250" parent="1039"/>
   <Point id="59" x="-244.300" y="43.131" z="4.146" r="0.250" parent="58"/>
   <Point id="197" x="-89.900" y="188.100" z="-4.600" r="0.300" parent="196"/>
   <Point id="231" x="79.000" y="142.700" z="17.400" r="0.300" parent="230"/>
   <Point id="266" x="13.200" y="105.300" z="5.700" r="0.450" parent="265"/>
   <Point id="280" x="48.600" y="159.900" z="6.800" r="0.450" parent="279"/>
   <Point id="305" x="-12.800" y="375.500" z="11.300" r="1.700" parent="304"/>
   <Point id="1041" x="-134.200" y="-169.823" z="8.915" r="0.200" parent="1040"/>
   <Point id="60" x="-250.800" y="40.531" z="0.846" r="0.200" parent="59"/>
   <Point id="198" x="-96.300" y="193.300" z="-3.800" r="0.250" parent="197"/>
   <Point id="267" x="9.500" y="106.200" z="5.700" r="0.400" parent="266"/>
   <Point id="281" x="52.800" y="154.100" z="7.900" r="0.450" parent="280"/>
   <Point id="306" x="-21.700" y="406.900" z="10.200" r="1.250" parent="305"/>
   <Point id="1042" x="-134.800" y="-169.823" z="8.915" r="0.250" parent="1041"/>
   <Point id="61" x="-252.500" y="48.031" z="0.846" r="0.200" parent="60"/>
   <Point id="199" x="-96.300" y="205.100" z="-1.900" r="0.350" parent="198"/>
   <Point id="268" x="0.600" y="87.200" z="13.600" r="0.300" parent="267"/>
   <Point id="282" x="57.300" y="151.400" z="7.900" r="0.450" parent="281"/>
   <Point id="307" x="-23.100" y="422.400" z="10.200" r="1.450" parent="306"/>
   <Point id="62" x="-256.400" y="52.131" z="0.846" r="0.150" parent="61"/>
   <Point id="269" x="0.600" y="88.700" z="13.600" r="0.300" parent="268"/>
   <Point id="283" x="59.400" y="144.200" z="5.200" r="0.500" parent="282"/>
   <Point id="308" x="-28.100" y="455.200" z="11.900" r="1.300" parent="307"/>
   <Point id="270" x="6.700" y="92.900" z="11.700" r="0.350" parent="269"/>
   <Point id="284" x="62.000" y="142.700" z="5.200" r="0.500" parent="283"/>
   <Point id="309" x="-26.100" y="475.200" z="10.800" r="1.500" parent="308"/>
   <Point id="271" x="8.700" y="96.300" z="7.800" r="0.400" parent="270"/>
   <Point id="285" x="67.300" y="131.800" z="0.300" r="0.300" parent="284"/>
   <Point id="310" x="-37.500" y="518.300" z="10.800" r="1.200" parent="309"/>
   <Point id="286" x="73.400" y="119.400" z="-0.600" r="0.300" parent="285"/>
   <Point id="311" x="-40.100" y="534.800" z="9.700" r="1.500" parent="310"/>
   <Point id="287" x="82.100" y="111.700" z="-0.600" r="0.300" parent="286"/>
   <Point id="312" x="-40.100" y="576.100" z="9.700" r="1.300" parent="311"/>
   <Point id="288" x="94.000" y="101.700" z="-0.800" r="0.300" parent="287"/>
   <Point id="313" x="-42.900" y="588.700" z="10.600" r="1.300" parent="312"/>
   <Point id="314" x="-40.800" y="604.000" z="12.000" r="0.900" parent="313"/>
   <Point id="534" x="-45.400" y="596.000" z="10.600" r="1.000" parent="313"/>
   <Point id="315" x="-42.700" y="610.900" z="9.900" r="0.950" parent="314"/>
   <Point id="535" x="-48.100" y="601.200" z="10.600" r="1.100" parent="534"/>
   <Point id="316" x="-37.800" y="625.700" z="9.900" r="1.000" parent="315"/>
   <Point id="536" x="-46.300" y="608.500" z="6.500" r="0.800" parent="535"/>
   <Point id="669" x="-53.300" y="606.900" z="10.800" r="0.700" parent="535"/>
   <Point id="317" x="-38.500" y="639.200" z="9.200" r="0.800" parent="316"/>
   <Point id="537" x="-44.600" y="618.300" z="6.900" r="1.050" parent="536"/>
   <Point id="670" x="-53.600" y="613.500" z="10.800" r="0.800" parent="669"/>
   <Point id="318" x="-34.400" y="641.900" z="9.200" r="0.350" parent="317"/>
   <Point id="326" x="-36.800" y="670.700" z="8.700" r="0.650" parent="317"/>
   <Point id="538" x="-44.600" y="625.100" z="6.900" r="0.850" parent="537"/>
   <Point id="671" x="-55.800" y="620.500" z="9.000" r="0.700" parent="670"/>
   <Point id="319" x="-34.000" y="646.400" z="9.200" r="0.300" parent="318"/>
   <Point id="327" x="-36.800" y="701.400" z="8.700" r="1.000" parent="326"/>
   <Point id="539" x="-42.200" y="637.800" z="6.900" r="1.050" parent="538"/>
   <Point id="672" x="-57.000" y="626.000" z="9.000" r="0.750" parent="671"/>
   <Point id="320" x="-30.800" y="648.500" z="9.200" r="0.300" parent="319"/>
   <Point id="328" x="-39.500" y="718.900" z="11.900" r="0.600" parent="327"/>
   <Point id="540" x="-42.000" y="644.800" z="6.900" r="0.900" parent="539"/>
   <Point id="673" x="-61.800" y="636.100" z="9.000" r="0.800" parent="672"/>
   <Point id="321" x="-26.900" y="648.500" z="11.800" r="0.300" parent="320"/>
   <Point id="329" x="-36.100" y="724.700" z="11.900" r="0.550" parent="328"/>
   <Point id="387" x="-43.800" y="725.200" z="11.900" r="0.450" parent="328"/>
   <Point id="541" x="-44.300" y="652.600" z="6.900" r="0.900" parent="540"/>
   <Point id="674" x="-62.800" y="638.600" z="11.100" r="0.800" parent="673"/>
   <Point id="322" x="-20.800" y="657.800" z="6.500" r="0.350" parent="321"/>
   <Point id="330" x="-38.000" y="733.600" z="11.900" r="0.600" parent="329"/>
   <Point id="388" x="-43.800" y="740.700" z="10.600" r="0.600" parent="387"/>
   <Point id="542" x="-44.300" y="664.100" z="6.900" r="0.950" parent="541"/>
   <Point id="675" x="-65.300" y="644.200" z="11.400" r="0.800" parent="674"/>
   <Point id="323" x="-20.800" y="661.400" z="6.500" r="0.300" parent="322"/>
   <Point id="331" x="-38.000" y="750.900" z="11.600" r="0.500" parent="330"/>
   <Point id="389" x="-44.400" y="748.300" z="10.600" r="0.500" parent="388"/>
   <Point id="543" x="-42.100" y="677.400" z="6.900" r="1.050" parent="542"/>
   <Point id="676" x="-66.600" y="654.600" z="11.400" r="0.800" parent="675"/>
   <Point id="324" x="-13.700" y="674.500" z="-0.400" r="0.300" parent="323"/>
   <Point id="332" x="-39.200" y="760.400" z="12.500" r="0.400" parent="331"/>
   <Point id="390" x="-44.200" y="753.300" z="11.700" r="0.500" parent="389"/>
   <Point id="544" x="-43.000" y="690.900" z="6.900" r="1.000" parent="543"/>
   <Point id="677" x="-68.200" y="662.800" z="11.400" r="0.750" parent="676"/>
   <Point id="325" x="0.700" y="713.100" z="-5.000" r="0.250" parent="324"/>
   <Point id="333" x="-39.200" y="785.600" z="12.500" r="0.200" parent="332"/>
   <Point id="372" x="-41.000" y="766.600" z="12.500" r="0.350" parent="332"/>
   <Point id="391" x="-46.100" y="757.200" z="11.700" r="0.500" parent="390"/>
   <Point id="545" x="-44.500" y="704.000" z="6.300" r="0.850" parent="544"/>
   <Point id="678" x="-69.100" y="665.100" z="12.100" r="0.750" parent="677"/>
   <Point id="334" x="-41.000" y="794.600" z="11.800" r="0.200" parent="333"/>
   <Point id="373" x="-37.100" y="774.500" z="12.500" r="0.250" parent="372"/>
   <Point id="392" x="-44.700" y="767.600" z="13.200" r="0.500" parent="391"/>
   <Point id="546" x="-45.300" y="712.300" z="6.300" r="0.700" parent="545"/>
   <Point id="679" x="-74.000" y="671.700" z="12.100" r="0.750" parent="678"/>
   <Point id="335" x="-39.400" y="798.900" z="11.800" r="0.200" parent="334"/>
   <Point id="374" x="-41.400" y="784.700" z="13.700" r="0.250" parent="373"/>
   <Point id="393" x="-46.000" y="772.400" z="12.900" r="0.550" parent="392"/>
   <Point id="547" x="-46.000" y="719.700" z="6.300" r="0.800" parent="546"/>
   <Point id="680" x="-75.200" y="674.700" z="12.100" r="0.750" parent="679"/>
   <Point id="336" x="-44.600" y="806.300" z="11.800" r="0.200" parent="335"/>
   <Point id="375" x="-43.900" y="789.900" z="15.700" r="0.150" parent="374"/>
   <Point id="394" x="-43.000" y="777.900" z="12.900" r="0.450" parent="393"/>
   <Point id="548" x="-50.600" y="728.200" z="6.300" r="0.850" parent="547"/>
   <Point id="681" x="-74.000" y="683.100" z="12.100" r="0.650" parent="680"/>
   <Point id="337" x="-42.200" y="811.800" z="10.200" r="0.250" parent="336"/>
   <Point id="376" x="-43.600" y="795.900" z="12.800" r="0.150" parent="375"/>
   <Point id="377" x="-47.100" y="813.600" z="15.800" r="0.300" parent="375"/>
   <Point id="395" x="-44.900" y="783.700" z="13.200" r="0.500" parent="394"/>
   <Point id="549" x="-48.800" y="736.700" z="6.300" r="0.700" parent="548"/>
   <Point id="682" x="-74.100" y="685.300" z="11.700" r="0.750" parent="681"/>
   <Point id="338" x="-47.300" y="826.100" z="6.900" r="0.250" parent="337"/>
   <Point id="378" x="-49.100" y="826.700" z="15.800" r="0.200" parent="377"/>
   <Point id="396" x="-45.500" y="791.700" z="9.100" r="0.300" parent="395"/>
   <Point id="462" x="-49.600" y="786.600" z="13.200" r="0.400" parent="395"/>
   <Point id="550" x="-55.000" y="748.500" z="6.300" r="0.700" parent="549"/>
   <Point id="683" x="-76.500" y="690.500" z="11.700" r="0.600" parent="682"/>
   <Point id="339" x="-47.300" y="833.900" z="6.900" r="0.250" parent="338"/>
   <Point id="379" x="-46.500" y="827.000" z="16.500" r="0.200" parent="378"/>
   <Point id="397" x="-44.700" y="795.300" z="9.100" r="0.300" parent="396"/>
   <Point id="463" x="-53.900" y="789.600" z="11.100" r="0.350" parent="462"/>
   <Point id="551" x="-58.000" y="760.400" z="3.900" r="0.750" parent="550"/>
   <Point id="684" x="-77.000" y="695.800" z="11.700" r="0.750" parent="683"/>
   <Point id="340" x="-44.500" y="842.000" z="6.900" r="0.250" parent="339"/>
   <Point id="380" x="-46.500" y="839.700" z="15.900" r="0.200" parent="379"/>
   <Point id="398" x="-44.900" y="802.700" z="9.100" r="0.300" parent="397"/>
   <Point id="464" x="-53.900" y="792.100" z="4.500" r="0.400" parent="463"/>
   <Point id="552" x="-54.500" y="775.200" z="1.400" r="0.700" parent="551"/>
   <Point id="685" x="-78.300" y="699.900" z="11.700" r="0.750" parent="684"/>
   <Point id="341" x="-38.500" y="853.200" z="7.400" r="0.250" parent="340"/>
   <Point id="381" x="-44.100" y="851.200" z="14.600" r="0.200" parent="380"/>
   <Point id="399" x="-41.800" y="805.000" z="9.100" r="0.300" parent="398"/>
   <Point id="465" x="-56.500" y="794.900" z="2.500" r="0.350" parent="464"/>
   <Point id="553" x="-57.400" y="785.300" z="1.400" r="0.700" parent="552"/>
   <Point id="686" x="-77.100" y="703.300" z="11.700" r="0.750" parent="685"/>
   <Point id="342" x="-40.800" y="857.500" z="7.400" r="0.200" parent="341"/>
   <Point id="382" x="-36.800" y="854.700" z="14.200" r="0.200" parent="381"/>
   <Point id="384" x="-46.000" y="857.000" z="14.600" r="0.200" parent="381"/>
   <Point id="400" x="-41.800" y="808.500" z="9.100" r="0.300" parent="399"/>
   <Point id="466" x="-57.000" y="793.800" z="2.800" r="0.300" parent="465"/>
   <Point id="554" x="-55.500" y="790.500" z="-1.200" r="0.500" parent="553"/>
   <Point id="608" x="-61.600" y="791.800" z="1.400" r="0.500" parent="553"/>
   <Point id="687" x="-81.700" y="711.900" z="10.000" r="0.600" parent="686"/>
   <Point id="343" x="-39.200" y="863.800" z="3.900" r="0.200" parent="342"/>
   <Point id="383" x="-36.800" y="856.200" z="14.200" r="0.200" parent="382"/>
   <Point id="385" x="-44.600" y="866.400" z="14.600" r="0.200" parent="384"/>
   <Point id="401" x="-39.700" y="811.800" z="7.300" r="0.300" parent="400"/>
   <Point id="467" x="-59.200" y="793.800" z="1.200" r="0.250" parent="466"/>
   <Point id="497" x="-60.100" y="796.000" z="2.800" r="0.300" parent="466"/>
   <Point id="555" x="-57.000" y="800.100" z="-4.400" r="0.500" parent="554"/>
   <Point id="609" x="-64.000" y="803.000" z="-3.100" r="0.500" parent="608"/>
   <Point id="688" x="-82.400" y="715.000" z="10.400" r="0.600" parent="687"/>
   <Point id="344" x="-36.200" y="868.600" z="3.900" r="0.200" parent="343"/>
   <Point id="386" x="-44.600" y="876.800" z="16.200" r="0.200" parent="385"/>
   <Point id="402" x="-39.700" y="813.400" z="7.300" r="0.300" parent="401"/>
   <Point id="468" x="-59.800" y="803.100" z="-0.900" r="0.250" parent="467"/>
   <Point id="498" x="-61.800" y="801.700" z="2.800" r="0.300" parent="497"/>
   <Point id="556" x="-57.100" y="810.600" z="-7.000" r="0.500" parent="555"/>
   <Point id="610" x="-67.300" y="810.600" z="-3.300" r="0.500" parent="609"/>
   <Point id="689" x="-81.500" y="723.600" z="10.400" r="0.700" parent="688"/>
   <Point id="345" x="-37.100" y="872.700" z="3.900" r="0.200" parent="344"/>
   <Point id="403" x="-37.400" y="817.600" z="7.300" r="0.300" parent="402"/>
   <Point id="469" x="-57.200" y="804.200" z="-0.900" r="0.250" parent="468"/>
   <Point id="499" x="-71.500" y="803.200" z="1.500" r="0.300" parent="498"/>
   <Point id="557" x="-57.100" y="814.300" z="-7.000" r="0.450" parent="556"/>
   <Point id="611" x="-62.800" y="813.800" z="-3.300" r="0.400" parent="610"/>
   <Point id="690" x="-76.400" y="737.200" z="10.400" r="0.550" parent="689"/>
   <Point id="764" x="-84.700" y="730.100" z="10.400" r="0.550" parent="689"/>
   <Point id="346" x="-35.000" y="875.500" z="2.900" r="0.200" parent="345"/>
   <Point id="404" x="-31.400" y="823.100" z="6.100" r="0.350" parent="403"/>
   <Point id="470" x="-58.100" y="804.000" z="-4.900" r="0.250" parent="469"/>
   <Point id="500" x="-75.000" y="805.000" z="2.700" r="0.350" parent="499"/>
   <Point id="558" x="-53.000" y="820.200" z="-10.200" r="0.400" parent="557"/>
   <Point id="612" x="-64.300" y="820.700" z="-8.200" r="0.400" parent="611"/>
   <Point id="691" x="-79.400" y="746.900" z="9.500" r="0.600" parent="690"/>
   <Point id="765" x="-86.600" y="739.700" z="10.400" r="0.800" parent="764"/>
   <Point id="347" x="-37.300" y="879.900" z="2.900" r="0.200" parent="346"/>
   <Point id="405" x="-29.500" y="833.800" z="0.300" r="0.300" parent="404"/>
   <Point id="471" x="-61.200" y="803.500" z="-4.900" r="0.250" parent="470"/>
   <Point id="501" x="-77.100" y="812.600" z="1.100" r="0.350" parent="500"/>
   <Point id="559" x="-50.000" y="819.800" z="-10.200" r="0.400" parent="558"/>
   <Point id="613" x="-63.500" y="829.600" z="-8.800" r="0.450" parent="612"/>
   <Point id="692" x="-76.900" y="753.400" z="9.500" r="0.600" parent="691"/>
   <Point id="766" x="-91.100" y="745.600" z="5.100" r="0.550" parent="765"/>
   <Point id="348" x="-36.000" y="883.000" z="0.300" r="0.200" parent="347"/>
   <Point id="406" x="-29.500" y="836.100" z="0.700" r="0.300" parent="405"/>
   <Point id="472" x="-63.400" y="806.300" z="-6.700" r="0.250" parent="471"/>
   <Point id="502" x="-79.200" y="821.300" z="-4.800" r="0.400" parent="501"/>
   <Point id="560" x="-50.000" y="826.100" z="-12.100" r="0.400" parent="559"/>
   <Point id="614" x="-65.700" y="834.300" z="-8.800" r="0.450" parent="613"/>
   <Point id="693" x="-81.000" y="761.900" z="9.400" r="0.400" parent="692"/>
   <Point id="767" x="-99.500" y="761.000" z="8.500" r="0.850" parent="766"/>
   <Point id="349" x="-38.800" y="885.900" z="0.300" r="0.200" parent="348"/>
   <Point id="407" x="-27.500" y="837.600" z="0.300" r="0.300" parent="406"/>
   <Point id="473" x="-62.100" y="807.800" z="-10.800" r="0.250" parent="472"/>
   <Point id="503" x="-75.200" y="835.800" z="-6.300" r="0.400" parent="502"/>
   <Point id="561" x="-44.600" y="831.700" z="-14.500" r="0.450" parent="560"/>
   <Point id="615" x="-68.800" y="850.900" z="-11.500" r="0.450" parent="614"/>
   <Point id="694" x="-79.200" y="770.700" z="9.400" r="0.400" parent="693"/>
   <Point id="768" x="-105.700" y="770.700" z="8.500" r="0.500" parent="767"/>
   <Point id="350" x="-42.700" y="891.600" z="-0.100" r="0.200" parent="349"/>
   <Point id="408" x="-27.500" y="850.500" z="-2.000" r="0.400" parent="407"/>
   <Point id="474" x="-65.700" y="808.400" z="-10.800" r="0.250" parent="473"/>
   <Point id="504" x="-82.400" y="848.200" z="-7.900" r="0.350" parent="503"/>
   <Point id="562" x="-45.200" y="837.800" z="-17.800" r="0.450" parent="561"/>
   <Point id="616" x="-67.800" y="855.300" z="-15.200" r="0.450" parent="615"/>
   <Point id="695" x="-80.500" y="779.300" z="11.700" r="0.300" parent="694"/>
   <Point id="769" x="-107.800" y="778.300" z="8.300" r="0.350" parent="768"/>
   <Point id="814" x="-108.200" y="779.300" z="9.700" r="0.500" parent="768"/>
   <Point id="351" x="-42.300" y="916.500" z="-9.800" r="0.200" parent="350"/>
   <Point id="409" x="-25.300" y="853.900" z="-5.700" r="0.400" parent="408"/>
   <Point id="475" x="-65.700" y="812.900" z="-12.800" r="0.250" parent="474"/>
   <Point id="505" x="-94.900" y="860.700" z="-9.800" r="0.300" parent="504"/>
   <Point id="563" x="-45.200" y="838.900" z="-20.500" r="0.450" parent="562"/>
   <Point id="617" x="-67.800" y="856.500" z="-10.400" r="0.350" parent="616"/>
   <Point id="696" x="-78.900" y="785.000" z="11.700" r="0.300" parent="695"/>
   <Point id="770" x="-110.100" y="784.400" z="4.900" r="0.350" parent="769"/>
   <Point id="815" x="-113.300" y="786.500" z="12.000" r="0.500" parent="814"/>
   <Point id="352" x="-41.100" y="921.200" z="-16.100" r="0.250" parent="351"/>
   <Point id="410" x="-26.700" y="858.700" z="-6.600" r="0.400" parent="409"/>
   <Point id="476" x="-78.100" y="809.000" z="-15.700" r="0.400" parent="475"/>
   <Point id="506" x="-97.600" y="870.000" z="-12.300" r="0.250" parent="505"/>
   <Point id="564" x="-48.100" y="844.600" z="-26.900" r="0.400" parent="563"/>
   <Point id="618" x="-67.800" y="859.600" z="-10.400" r="0.250" parent="617"/>
   <Point id="634" x="-68.800" y="858.400" z="-10.400" r="0.300" parent="617"/>
   <Point id="697" x="-78.200" y="788.500" z="11.700" r="0.400" parent="696"/>
   <Point id="771" x="-114.200" y="791.100" z="4.900" r="0.350" parent="770"/>
   <Point id="816" x="-114.900" y="797.600" z="14.000" r="0.600" parent="815"/>
   <Point id="353" x="-37.900" y="920.900" z="-16.100" r="0.250" parent="352"/>
   <Point id="411" x="-23.900" y="865.500" z="-10.400" r="0.400" parent="410"/>
   <Point id="477" x="-78.100" y="817.800" z="-19.400" r="0.350" parent="476"/>
   <Point id="507" x="-101.600" y="883.800" z="-19.200" r="0.250" parent="506"/>
   <Point id="565" x="-53.500" y="849.400" z="-26.900" r="0.250" parent="564"/>
   <Point id="619" x="-74.100" y="869.500" z="-10.400" r="0.250" parent="618"/>
   <Point id="635" x="-74.300" y="865.500" z="-10.400" r="0.300" parent="634"/>
   <Point id="698" x="-79.500" y="801.700" z="12.000" r="0.300" parent="697"/>
   <Point id="772" x="-117.900" y="803.300" z="-0.500" r="0.350" parent="771"/>
   <Point id="817" x="-126.600" y="808.400" z="14.300" r="0.500" parent="816"/>
   <Point id="354" x="-40.200" y="926.100" z="-16.100" r="0.250" parent="353"/>
   <Point id="412" x="-26.800" y="870.200" z="-8.000" r="0.400" parent="411"/>
   <Point id="478" x="-80.700" y="820.600" z="-21.000" r="0.400" parent="477"/>
   <Point id="508" x="-107.200" y="883.800" z="-19.200" r="0.250" parent="507"/>
   <Point id="566" x="-61.800" y="853.800" z="-35.900" r="0.250" parent="565"/>
   <Point id="620" x="-77.800" y="873.200" z="-9.000" r="0.250" parent="619"/>
   <Point id="636" x="-77.400" y="873.400" z="-10.400" r="0.300" parent="635"/>
   <Point id="699" x="-78.900" y="809.700" z="12.000" r="0.400" parent="698"/>
   <Point id="773" x="-122.600" y="810.900" z="-0.800" r="0.350" parent="772"/>
   <Point id="818" x="-121.900" y="817.100" z="14.300" r="0.300" parent="817"/>
   <Point id="823" x="-130.100" y="811.900" z="14.300" r="0.350" parent="817"/>
   <Point id="355" x="-29.500" y="931.200" z="-23.700" r="0.250" parent="354"/>
   <Point id="413" x="-24.300" y="873.900" z="-13.900" r="0.400" parent="412"/>
   <Point id="479" x="-83.800" y="830.100" z="-23.300" r="0.400" parent="478"/>
   <Point id="509" x="-110.400" y="886.700" z="-20.900" r="0.250" parent="508"/>
   <Point id="567" x="-59.000" y="858.300" z="-40.200" r="0.400" parent="566"/>
   <Point id="590" x="-64.900" y="856.400" z="-33.900" r="0.450" parent="566"/>
   <Point id="621" x="-75.600" y="876.000" z="-9.000" r="0.250" parent="620"/>
   <Point id="637" x="-75.800" y="880.100" z="-9.000" r="0.300" parent="636"/>
   <Point id="700" x="-76.700" y="813.700" z="12.000" r="0.400" parent="699"/>
   <Point id="774" x="-127.200" y="819.800" z="-5.000" r="0.350" parent="773"/>
   <Point id="819" x="-125.000" y="825.300" z="14.300" r="0.300" parent="818"/>
   <Point id="824" x="-134.300" y="820.000" z="14.300" r="0.350" parent="823"/>
   <Point id="356" x="-23.400" y="938.500" z="-24.900" r="0.250" parent="355"/>
   <Point id="414" x="-26.200" y="879.400" z="-20.700" r="0.400" parent="413"/>
   <Point id="480" x="-84.300" y="834.000" z="-25.400" r="0.400" parent="479"/>
   <Point id="510" x="-110.400" y="889.300" z="-20.900" r="0.250" parent="509"/>
   <Point id="568" x="-59.800" y="862.300" z="-40.200" r="0.400" parent="567"/>
   <Point id="591" x="-65.700" y="861.800" z="-38.900" r="0.350" parent="590"/>
   <Point id="622" x="-76.500" y="886.300" z="-9.000" r="0.250" parent="621"/>
   <Point id="638" x="-78.500" y="886.300" z="-9.000" r="0.300" parent="637"/>
   <Point id="701" x="-79.000" y="817.300" z="14.300" r="0.400" parent="700"/>
   <Point id="775" x="-131.600" y="819.500" z="-7.300" r="0.350" parent="774"/>
   <Point id="820" x="-122.800" y="833.400" z="17.300" r="0.300" parent="819"/>
   <Point id="825" x="-141.400" y="832.300" z="14.300" r="0.400" parent="824"/>
   <Point id="357" x="-21.200" y="940.600" z="-24.900" r="0.200" parent="356"/>
   <Point id="361" x="-23.400" y="947.700" z="-33.900" r="0.150" parent="356"/>
   <Point id="415" x="-21.200" y="890.500" z="-23.600" r="0.500" parent="414"/>
   <Point id="481" x="-87.000" y="835.500" z="-25.400" r="0.250" parent="480"/>
   <Point id="511" x="-106.900" y="894.600" z="-24.700" r="0.250" parent="510"/>
   <Point id="569" x="-59.200" y="866.400" z="-40.900" r="0.400" parent="568"/>
   <Point id="592" x="-73.300" y="866.500" z="-42.100" r="0.250" parent="591"/>
   <Point id="623" x="-79.300" y="896.600" z="-9.000" r="0.250" parent="622"/>
   <Point id="639" x="-77.100" y="892.800" z="-7.400" r="0.300" parent="638"/>
   <Point id="702" x="-77.700" y="826.400" z="14.300" r="0.300" parent="701"/>
   <Point id="776" x="-131.600" y="821.900" z="-7.300" r="0.350" parent="775"/>
   <Point id="821" x="-124.300" y="836.400" z="19.000" r="0.200" parent="820"/>
   <Point id="826" x="-150.100" y="840.100" z="14.300" r="0.350" parent="825"/>
   <Point id="358" x="-5.400" y="944.900" z="-29.000" r="0.250" parent="357"/>
   <Point id="362" x="-25.600" y="953.000" z="-39.000" r="0.300" parent="361"/>
   <Point id="416" x="-21.200" y="893.300" z="-23.200" r="0.500" parent="415"/>
   <Point id="482" x="-88.900" y="843.800" z="-27.700" r="0.300" parent="481"/>
   <Point id="512" x="-110.100" y="899.700" z="-24.700" r="0.250" parent="511"/>
   <Point id="570" x="-61.500" y="870.700" z="-47.500" r="0.400" parent="569"/>
   <Point id="593" x="-73.300" y="869.200" z="-42.100" r="0.250" parent="592"/>
   <Point id="624" x="-79.400" y="902.800" z="-12.900" r="0.250" parent="623"/>
   <Point id="640" x="-81.300" y="893.300" z="-7.400" r="0.300" parent="639"/>
   <Point id="703" x="-80.600" y="836.500" z="16.600" r="0.300" parent="702"/>
   <Point id="777" x="-137.400" y="829.400" z="-10.400" r="0.350" parent="776"/>
   <Point id="822" x="-122.100" y="844.700" z="17.700" r="0.200" parent="821"/>
   <Point id="827" x="-156.500" y="848.900" z="14.300" r="0.350" parent="826"/>
   <Point id="359" x="16.000" y="944.900" z="-27.800" r="0.150" parent="358"/>
   <Point id="363" x="-19.800" y="952.700" z="-41.600" r="0.250" parent="362"/>
   <Point id="417" x="-19.400" y="896.900" z="-24.300" r="0.350" parent="416"/>
   <Point id="445" x="-24.300" y="901.000" z="-28.100" r="0.250" parent="416"/>
   <Point id="483" x="-87.600" y="848.400" z="-30.500" r="0.400" parent="482"/>
   <Point id="513" x="-113.200" y="900.100" z="-27.300" r="0.250" parent="512"/>
   <Point id="571" x="-57.600" y="875.800" z="-50.200" r="0.450" parent="570"/>
   <Point id="594" x="-71.300" y="870.400" z="-45.800" r="0.250" parent="593"/>
   <Point id="625" x="-81.500" y="908.600" z="-13.700" r="0.250" parent="624"/>
   <Point id="641" x="-82.700" y="900.900" z="-7.200" r="0.300" parent="640"/>
   <Point id="704" x="-77.700" y="839.800" z="16.600" r="0.300" parent="703"/>
   <Point id="724" x="-81.000" y="839.900" z="16.600" r="0.300" parent="703"/>
   <Point id="778" x="-141.400" y="836.000" z="-8.400" r="0.400" parent="777"/>
   <Point id="828" x="-170.800" y="856.100" z="14.300" r="0.300" parent="827"/>
   <Point id="360" x="17.800" y="942.000" z="-27.800" r="0.100" parent="359"/>
   <Point id="364" x="-16.600" y="950.000" z="-43.800" r="0.250" parent="363"/>
   <Point id="418" x="-8.300" y="900.800" z="-23.700" r="0.400" parent="417"/>
   <Point id="446" x="-22.600" y="908.200" z="-28.100" r="0.250" parent="445"/>
   <Point id="484" x="-90.800" y="851.000" z="-30.500" r="0.400" parent="483"/>
   <Point id="514" x="-113.900" y="905.300" z="-29.700" r="0.250" parent="513"/>
   <Point id="572" x="-58.400" y="881.900" z="-52.700" r="0.400" parent="571"/>
   <Point id="595" x="-71.300" y="874.600" z="-47.800" r="0.250" parent="594"/>
   <Point id="626" x="-84.200" y="911.300" z="-15.000" r="0.250" parent="625"/>
   <Point id="642" x="-86.100" y="905.900" z="-9.300" r="0.300" parent="641"/>
   <Point id="705" x="-72.100" y="842.400" z="16.600" r="0.250" parent="704"/>
   <Point id="725" x="-82.500" y="841.600" z="16.600" r="0.300" parent="724"/>
   <Point id="779" x="-143.600" y="840.100" z="-14.500" r="0.400" parent="778"/>
   <Point id="829" x="-173.500" y="863.600" z="14.300" r="0.300" parent="828"/>
   <Point id="365" x="-10.900" y="952.700" z="-44.000" r="0.250" parent="364"/>
   <Point id="419" x="-7.000" y="901.300" z="-29.400" r="0.400" parent="418"/>
   <Point id="447" x="-24.200" y="911.900" z="-28.800" r="0.250" parent="446"/>
   <Point id="485" x="-92.400" y="859.700" z="-35.800" r="0.400" parent="484"/>
   <Point id="515" x="-114.800" y="909.000" z="-31.900" r="0.250" parent="514"/>
   <Point id="522" x="-119.700" y="905.300" z="-29.700" r="0.200" parent="514"/>
   <Point id="573" x="-56.400" y="885.600" z="-55.300" r="0.400" parent="572"/>
   <Point id="596" x="-74.500" y="874.600" z="-49.500" r="0.250" parent="595"/>
   <Point id="627" x="-85.600" y="919.500" z="-16.400" r="0.250" parent="626"/>
   <Point id="643" x="-89.400" y="915.200" z="-9.300" r="0.250" parent="642"/>
   <Point id="655" x="-89.900" y="908.100" z="-9.300" r="0.250" parent="642"/>
   <Point id="706" x="-69.500" y="848.200" z="16.600" r="0.250" parent="705"/>
   <Point id="726" x="-82.500" y="847.300" z="16.600" r="0.300" parent="725"/>
   <Point id="780" x="-141.500" y="844.400" z="-14.500" r="0.600" parent="779"/>
   <Point id="830" x="-182.100" y="865.400" z="13.000" r="0.350" parent="829"/>
   <Point id="366" x="-0.600" y="949.200" z="-42.900" r="0.250" parent="365"/>
   <Point id="420" x="-4.100" y="905.700" z="-29.400" r="0.400" parent="419"/>
   <Point id="448" x="-21.600" y="912.800" z="-27.000" r="0.250" parent="447"/>
   <Point id="486" x="-94.100" y="867.100" z="-34.700" r="0.400" parent="485"/>
   <Point id="516" x="-116.800" y="910.000" z="-31.900" r="0.250" parent="515"/>
   <Point id="523" x="-128.800" y="908.900" z="-35.300" r="0.200" parent="522"/>
   <Point id="574" x="-52.500" y="888.900" z="-56.700" r="0.400" parent="573"/>
   <Point id="597" x="-72.800" y="877.100" z="-53.300" r="0.250" parent="596"/>
   <Point id="628" x="-89.600" y="921.700" z="-15.000" r="0.250" parent="627"/>
   <Point id="644" x="-92.400" y="922.300" z="-9.300" r="0.250" parent="643"/>
   <Point id="656" x="-91.000" y="911.500" z="-9.300" r="0.250" parent="655"/>
   <Point id="707" x="-67.900" y="851.700" z="14.300" r="0.200" parent="706"/>
   <Point id="727" x="-85.100" y="852.900" z="15.300" r="0.300" parent="726"/>
   <Point id="781" x="-146.400" y="848.800" z="-16.300" r="0.400" parent="780"/>
   <Point id="831" x="-183.900" y="868.800" z="13.000" r="0.300" parent="830"/>
   <Point id="367" x="11.400" y="949.200" z="-42.900" r="0.250" parent="366"/>
   <Point id="421" x="8.800" y="907.800" z="-32.100" r="0.350" parent="420"/>
   <Point id="449" x="-23.400" y="920.500" z="-30.400" r="0.250" parent="448"/>
   <Point id="487" x="-102.200" y="872.600" z="-38.100" r="0.300" parent="486"/>
   <Point id="517" x="-116.800" y="912.200" z="-31.900" r="0.250" parent="516"/>
   <Point id="524" x="-132.000" y="908.900" z="-37.800" r="0.200" parent="523"/>
   <Point id="575" x="-50.700" y="894.100" z="-56.700" r="0.400" parent="574"/>
   <Point id="598" x="-75.600" y="884.000" z="-55.800" r="0.250" parent="597"/>
   <Point id="629" x="-91.200" y="927.400" z="-19.700" r="0.250" parent="628"/>
   <Point id="645" x="-92.700" y="921.900" z="-9.300" r="0.250" parent="644"/>
   <Point id="657" x="-96.600" y="915.200" z="-13.000" r="0.250" parent="656"/>
   <Point id="708" x="-62.400" y="855.600" z="14.300" r="0.200" parent="707"/>
   <Point id="728" x="-86.500" y="859.400" z="15.300" r="0.300" parent="727"/>
   <Point id="782" x="-146.500" y="844.000" z="-21.100" r="0.600" parent="781"/>
   <Point id="832" x="-187.600" y="868.800" z="13.000" r="0.300" parent="831"/>
   <Point id="368" x="17.000" y="945.800" z="-42.900" r="0.250" parent="367"/>
   <Point id="422" x="11.700" y="908.100" z="-31.400" r="0.400" parent="421"/>
   <Point id="450" x="-21.500" y="923.600" z="-30.400" r="0.250" parent="449"/>
   <Point id="488" x="-102.900" y="881.600" z="-45.000" r="0.300" parent="487"/>
   <Point id="518" x="-116.500" y="916.200" z="-34.200" r="0.200" parent="517"/>
   <Point id="525" x="-135.700" y="914.700" z="-37.800" r="0.200" parent="524"/>
   <Point id="576" x="-47.900" y="902.000" z="-63.600" r="0.300" parent="575"/>
   <Point id="599" x="-72.400" y="887.500" z="-58.700" r="0.200" parent="598"/>
   <Point id="630" x="-88.300" y="928.100" z="-19.700" r="0.250" parent="629"/>
   <Point id="646" x="-92.100" y="925.200" z="-9.300" r="0.250" parent="645"/>
   <Point id="658" x="-104.900" y="917.400" z="-13.000" r="0.250" parent="657"/>
   <Point id="709" x="-58.200" y="857.700" z="14.300" r="0.200" parent="708"/>
   <Point id="729" x="-84.200" y="860.900" z="15.300" r="0.300" parent="728"/>
   <Point id="783" x="-149.300" y="852.200" z="-24.900" r="0.600" parent="782"/>
   <Point id="833" x="-186.900" y="870.400" z="13.000" r="0.300" parent="832"/>
   <Point id="369" x="20.600" y="942.600" z="-42.900" r="0.250" parent="368"/>
   <Point id="423" x="25.000" y="916.300" z="-31.400" r="0.400" parent="422"/>
   <Point id="451" x="-24.000" y="926.000" z="-35.300" r="0.250" parent="450"/>
   <Point id="489" x="-99.600" y="881.600" z="-45.000" r="0.250" parent="488"/>
   <Point id="491" x="-104.200" y="885.700" z="-45.000" r="0.250" parent="488"/>
   <Point id="519" x="-121.600" y="926.500" z="-35.400" r="0.200" parent="518"/>
   <Point id="526" x="-138.800" y="913.100" z="-37.800" r="0.200" parent="525"/>
   <Point id="577" x="-43.500" y="901.000" z="-68.500" r="0.250" parent="576"/>
   <Point id="581" x="-44.100" y="906.800" z="-63.600" r="0.250" parent="576"/>
   <Point id="600" x="-74.900" y="893.000" z="-62.500" r="0.200" parent="599"/>
   <Point id="631" x="-92.100" y="929.600" z="-21.500" r="0.250" parent="630"/>
   <Point id="647" x="-93.800" y="936.300" z="-5.400" r="0.250" parent="646"/>
   <Point id="659" x="-104.100" y="920.700" z="-11.500" r="0.250" parent="658"/>
   <Point id="710" x="-55.400" y="857.700" z="14.300" r="0.200" parent="709"/>
   <Point id="730" x="-85.400" y="862.900" z="17.300" r="0.250" parent="729"/>
   <Point id="784" x="-152.100" y="857.700" z="-23.800" r="0.400" parent="783"/>
   <Point id="834" x="-198.700" y="879.200" z="13.000" r="0.200" parent="833"/>
   <Point id="370" x="23.800" y="939.000" z="-42.900" r="0.250" parent="369"/>
   <Point id="424" x="31.500" y="919.200" z="-36.300" r="0.400" parent="423"/>
   <Point id="452" x="-24.000" y="927.700" z="-35.300" r="0.250" parent="451"/>
   <Point id="490" x="-96.100" y="887.400" z="-50.900" r="0.250" parent="489"/>
   <Point id="492" x="-110.000" y="883.600" z="-52.500" r="0.250" parent="491"/>
   <Point id="520" x="-113.400" y="926.500" z="-33.900" r="0.200" parent="519"/>
   <Point id="521" x="-125.700" y="923.800" z="-23.100" r="0.200" parent="519"/>
   <Point id="527" x="-143.600" y="916.500" z="-40.500" r="0.200" parent="526"/>
   <Point id="578" x="-35.700" y="903.000" z="-69.300" r="0.250" parent="577"/>
   <Point id="582" x="-40.300" y="911.000" z="-63.600" r="0.250" parent="581"/>
   <Point id="601" x="-71.500" y="898.800" z="-65.700" r="0.200" parent="600"/>
   <Point id="632" x="-93.000" y="933.700" z="-18.100" r="0.250" parent="631"/>
   <Point id="648" x="-89.800" y="939.300" z="-9.300" r="0.300" parent="647"/>
   <Point id="660" x="-110.500" y="922.400" z="-15.600" r="0.250" parent="659"/>
   <Point id="711" x="-54.000" y="860.300" z="14.300" r="0.200" parent="710"/>
   <Point id="731" x="-86.400" y="861.900" z="17.300" r="0.250" parent="730"/>
   <Point id="785" x="-154.100" y="863.700" z="-26.000" r="0.450" parent="784"/>
   <Point id="835" x="-200.700" y="882.800" z="13.000" r="0.200" parent="834"/>
   <Point id="371" x="24.800" y="936.000" z="-41.800" r="0.250" parent="370"/>
   <Point id="425" x="34.800" y="922.400" z="-36.300" r="0.400" parent="424"/>
   <Point id="453" x="-26.300" y="927.700" z="-35.300" r="0.250" parent="452"/>
   <Point id="493" x="-115.000" y="880.100" z="-52.500" r="0.250" parent="492"/>
   <Point id="528" x="-145.900" y="916.400" z="-40.500" r="0.200" parent="527"/>
   <Point id="579" x="-32.500" y="900.400" z="-79.800" r="0.250" parent="578"/>
   <Point id="583" x="-34.700" y="914.900" z="-61.900" r="0.250" parent="582"/>
   <Point id="602" x="-69.300" y="898.800" z="-65.700" r="0.200" parent="601"/>
   <Point id="633" x="-93.000" y="935.700" z="-18.100" r="0.250" parent="632"/>
   <Point id="649" x="-87.500" y="932.700" z="-9.300" r="0.250" parent="648"/>
   <Point id="661" x="-116.600" y="928.700" z="-19.100" r="0.250" parent="660"/>
   <Point id="712" x="-49.500" y="863.000" z="14.300" r="0.200" parent="711"/>
   <Point id="732" x="-87.600" y="864.900" z="17.300" r="0.300" parent="731"/>
   <Point id="786" x="-150.900" y="874.500" z="-26.000" r="0.500" parent="785"/>
   <Point id="836" x="-205.100" y="882.800" z="13.000" r="0.200" parent="835"/>
   <Point id="426" x="34.800" y="924.000" z="-36.000" r="0.400" parent="425"/>
   <Point id="454" x="-26.300" y="931.300" z="-35.300" r="0.250" parent="453"/>
   <Point id="494" x="-115.000" y="877.300" z="-52.500" r="0.250" parent="493"/>
   <Point id="529" x="-151.200" y="913.900" z="-50.100" r="0.200" parent="528"/>
   <Point id="580" x="-27.900" y="894.400" z="-83.000" r="0.200" parent="579"/>
   <Point id="584" x="-26.100" y="919.900" z="-58.200" r="0.200" parent="583"/>
   <Point id="603" x="-67.400" y="900.900" z="-65.700" r="0.200" parent="602"/>
   <Point id="650" x="-84.800" y="927.800" z="-9.300" r="0.250" parent="649"/>
   <Point id="662" x="-118.400" y="926.800" z="-19.100" r="0.250" parent="661"/>
   <Point id="713" x="-39.300" y="867.400" z="14.300" r="0.200" parent="712"/>
   <Point id="733" x="-87.200" y="864.300" z="17.300" r="0.250" parent="732"/>
   <Point id="787" x="-151.700" y="877.600" z="-26.000" r="0.500" parent="786"/>
   <Point id="837" x="-212.100" y="886.000" z="13.000" r="0.200" parent="836"/>
   <Point id="427" x="35.400" y="926.300" z="-36.500" r="0.250" parent="426"/>
   <Point id="440" x="32.700" y="930.900" z="-35.000" r="0.250" parent="426"/>
   <Point id="455" x="-26.300" y="933.900" z="-35.300" r="0.250" parent="454"/>
   <Point id="456" x="-30.100" y="932.900" z="-37.500" r="0.250" parent="454"/>
   <Point id="495" x="-116.800" y="874.900" z="-56.500" r="0.250" parent="494"/>
   <Point id="530" x="-158.100" y="912.100" z="-50.100" r="0.200" parent="529"/>
   <Point id="585" x="-23.000" y="919.100" z="-54.800" r="0.200" parent="584"/>
   <Point id="604" x="-67.400" y="905.400" z="-78.300" r="0.200" parent="603"/>
   <Point id="651" x="-78.800" y="926.500" z="-2.600" r="0.250" parent="650"/>
   <Point id="663" x="-123.200" y="928.800" z="-19.100" r="0.250" parent="662"/>
   <Point id="714" x="-37.200" y="868.000" z="14.000" r="0.250" parent="713"/>
   <Point id="734" x="-87.800" y="871.900" z="14.100" r="0.300" parent="733"/>
   <Point id="788" x="-160.300" y="880.000" z="-25.100" r="0.450" parent="787"/>
   <Point id="838" x="-212.100" y="886.100" z="13.000" r="0.200" parent="837"/>
   <Point id="428" x="37.800" y="926.100" z="-36.500" r="0.250" parent="427"/>
   <Point id="441" x="32.700" y="936.000" z="-35.000" r="0.250" parent="440"/>
   <Point id="457" x="-33.300" y="931.900" z="-38.700" r="0.250" parent="456"/>
   <Point id="496" x="-116.800" y="871.600" z="-57.800" r="0.250" parent="495"/>
   <Point id="531" x="-157.500" y="908.200" z="-50.100" r="0.200" parent="530"/>
   <Point id="586" x="-20.300" y="923.900" z="-54.800" r="0.200" parent="585"/>
   <Point id="605" x="-73.000" y="901.700" z="-78.300" r="0.200" parent="604"/>
   <Point id="652" x="-78.800" y="924.400" z="-2.600" r="0.250" parent="651"/>
   <Point id="664" x="-137.600" y="925.500" z="-21.400" r="0.250" parent="663"/>
   <Point id="715" x="-29.300" y="870.600" z="14.000" r="0.200" parent="714"/>
   <Point id="735" x="-90.000" y="879.900" z="14.200" r="0.300" parent="734"/>
   <Point id="789" x="-169.500" y="888.300" z="-25.100" r="0.300" parent="788"/>
   <Point id="839" x="-216.400" y="887.100" z="12.400" r="0.200" parent="838"/>
   <Point id="429" x="37.800" y="929.000" z="-36.500" r="0.250" parent="428"/>
   <Point id="442" x="31.200" y="941.400" z="-32.000" r="0.250" parent="441"/>
   <Point id="458" x="-39.800" y="937.800" z="-38.300" r="0.250" parent="457"/>
   <Point id="532" x="-164.300" y="904.000" z="-50.100" r="0.200" parent="531"/>
   <Point id="587" x="-11.700" y="923.900" z="-51.900" r="0.150" parent="586"/>
   <Point id="606" x="-73.500" y="899.700" z="-78.300" r="0.200" parent="605"/>
   <Point id="653" x="-75.600" y="922.700" z="2.700" r="0.250" parent="652"/>
   <Point id="665" x="-140.600" y="926.900" z="-21.400" r="0.250" parent="664"/>
   <Point id="716" x="-26.900" y="871.200" z="14.000" r="0.200" parent="715"/>
   <Point id="736" x="-92.100" y="883.500" z="14.200" r="0.300" parent="735"/>
   <Point id="790" x="-171.400" y="888.200" z="-25.100" r="0.300" parent="789"/>
   <Point id="840" x="-221.700" y="889.700" z="12.400" r="0.200" parent="839"/>
   <Point id="430" x="42.500" y="931.400" z="-34.300" r="0.250" parent="429"/>
   <Point id="443" x="31.900" y="947.300" z="-32.000" r="0.250" parent="442"/>
   <Point id="459" x="-39.800" y="939.400" z="-38.300" r="0.250" parent="458"/>
   <Point id="460" x="-52.900" y="938.000" z="-39.000" r="0.250" parent="458"/>
   <Point id="533" x="-172.200" y="898.200" z="-53.700" r="0.200" parent="532"/>
   <Point id="588" x="-7.700" y="925.900" z="-51.900" r="0.150" parent="587"/>
   <Point id="607" x="-79.200" y="894.200" z="-77.900" r="0.200" parent="606"/>
   <Point id="654" x="-69.200" y="917.900" z="7.100" r="0.250" parent="653"/>
   <Point id="666" x="-149.900" y="926.900" z="-15.100" r="0.200" parent="665"/>
   <Point id="717" x="-20.200" y="871.200" z="14.000" r="0.200" parent="716"/>
   <Point id="737" x="-87.900" y="889.900" z="14.200" r="0.300" parent="736"/>
   <Point id="791" x="-171.400" y="893.300" z="-30.300" r="0.350" parent="790"/>
   <Point id="841" x="-225.600" y="889.700" z="12.400" r="0.200" parent="840"/>
   <Point id="431" x="44.500" y="931.700" z="-34.300" r="0.250" parent="430"/>
   <Point id="432" x="41.700" y="934.000" z="-34.300" r="0.250" parent="430"/>
   <Point id="444" x="21.900" y="947.300" z="-32.000" r="0.250" parent="443"/>
   <Point id="461" x="-54.500" y="937.800" z="-39.000" r="0.250" parent="460"/>
   <Point id="589" x="-4.700" y="923.600" z="-54.200" r="0.150" parent="588"/>
   <Point id="667" x="-149.900" y="924.100" z="-15.100" r="0.200" parent="666"/>
   <Point id="718" x="-17.400" y="868.300" z="14.000" r="0.200" parent="717"/>
   <Point id="738" x="-92.700" y="896.200" z="14.200" r="0.300" parent="737"/>
   <Point id="792" x="-179.200" y="898.200" z="-31.300" r="0.350" parent="791"/>
   <Point id="842" x="-226.400" y="893.000" z="12.400" r="0.200" parent="841"/>
   <Point id="433" x="44.300" y="935.600" z="-37.100" r="0.250" parent="432"/>
   <Point id="668" x="-163.100" y="921.100" z="-10.100" r="0.200" parent="667"/>
   <Point id="719" x="-14.700" y="870.700" z="14.000" r="0.200" parent="718"/>
   <Point id="739" x="-91.500" y="901.600" z="14.200" r="0.300" parent="738"/>
   <Point id="793" x="-182.900" y="901.700" z="-32.200" r="0.350" parent="792"/>
   <Point id="843" x="-228.900" y="893.000" z="12.300" r="0.200" parent="842"/>
   <Point id="434" x="46.000" y="937.300" z="-39.000" r="0.250" parent="433"/>
   <Point id="720" x="-12.500" y="868.000" z="14.000" r="0.200" parent="719"/>
   <Point id="740" x="-102.000" y="914.100" z="12.000" r="0.250" parent="739"/>
   <Point id="794" x="-184.700" y="902.700" z="-32.200" r="0.350" parent="793"/>
   <Point id="844" x="-229.600" y="895.700" z="8.900" r="0.200" parent="843"/>
   <Point id="435" x="51.400" y="937.200" z="-39.000" r="0.250" parent="434"/>
   <Point id="721" x="-4.600" y="872.700" z="10.600" r="0.200" parent="720"/>
   <Point id="741" x="-103.200" y="917.200" z="10.900" r="0.200" parent="740"/>
   <Point id="795" x="-186.100" y="909.500" z="-31.600" r="0.350" parent="794"/>
   <Point id="845" x="-233.100" y="893.600" z="8.900" r="0.200" parent="844"/>
   <Point id="436" x="55.000" y="938.800" z="-39.100" r="0.250" parent="435"/>
   <Point id="722" x="1.000" y="877.300" z="8.100" r="0.200" parent="721"/>
   <Point id="742" x="-105.400" y="918.300" z="10.900" r="0.200" parent="741"/>
   <Point id="796" x="-190.000" y="909.500" z="-31.600" r="0.350" parent="795"/>
   <Point id="846" x="-233.100" y="899.600" z="9.000" r="0.250" parent="845"/>
   <Point id="437" x="58.600" y="940.600" z="-39.000" r="0.250" parent="436"/>
   <Point id="723" x="3.000" y="877.600" z="5.900" r="0.200" parent="722"/>
   <Point id="743" x="-106.600" y="921.900" z="10.900" r="0.200" parent="742"/>
   <Point id="797" x="-192.200" y="916.800" z="-33.600" r="0.300" parent="796"/>
   <Point id="847" x="-235.400" y="900.400" z="9.000" r="0.250" parent="846"/>
   <Point id="438" x="67.200" y="937.500" z="-39.000" r="0.250" parent="437"/>
   <Point id="744" x="-108.200" y="922.700" z="10.900" r="0.200" parent="743"/>
   <Point id="798" x="-190.300" y="917.300" z="-33.600" r="0.400" parent="797"/>
   <Point id="848" x="-235.400" y="901.400" z="9.000" r="0.250" parent="847"/>
   <Point id="439" x="74.700" y="941.300" z="-37.500" r="0.250" parent="438"/>
   <Point id="745" x="-111.900" y="927.800" z="12.000" r="0.200" parent="744"/>
   <Point id="799" x="-195.000" y="924.000" z="-36.300" r="0.300" parent="798"/>
   <Point id="849" x="-240.300" y="904.000" z="9.000" r="0.250" parent="848"/>
   <Point id="746" x="-108.700" y="930.500" z="9.300" r="0.200" parent="745"/>
   <Point id="800" x="-197.900" y="928.700" z="-36.300" r="0.300" parent="799"/>
   <Point id="850" x="-239.200" y="907.000" z="9.000" r="0.250" parent="849"/>
   <Point id="747" x="-118.900" y="937.000" z="5.800" r="0.200" parent="746"/>
   <Point id="801" x="-200.800" y="928.700" z="-36.300" r="0.300" parent="800"/>
   <Point id="851" x="-240.500" y="909.200" z="9.000" r="0.250" parent="850"/>
   <Point id="748" x="-119.400" y="938.100" z="5.800" r="0.200" parent="747"/>
   <Point id="802" x="-206.400" y="932.600" z="-36.300" r="0.300" parent="801"/>
   <Point id="852" x="-240.500" y="909.400" z="9.000" r="0.250" parent="851"/>
   <Point id="749" x="-131.300" y="939.800" z="7.700" r="0.250" parent="748"/>
   <Point id="803" x="-208.000" y="927.500" z="-36.300" r="0.400" parent="802"/>
   <Point id="853" x="-243.300" y="914.200" z="9.000" r="0.250" parent="852"/>
   <Point id="750" x="-141.700" y="940.900" z="12.700" r="0.250" parent="749"/>
   <Point id="804" x="-212.100" y="927.400" z="-39.200" r="0.350" parent="803"/>
   <Point id="854" x="-248.600" y="916.000" z="9.000" r="0.250" parent="853"/>
   <Point id="751" x="-146.800" y="939.500" z="15.900" r="0.250" parent="750"/>
   <Point id="805" x="-218.400" y="926.100" z="-39.200" r="0.300" parent="804"/>
   <Point id="855" x="-253.700" y="919.500" z="9.000" r="0.250" parent="854"/>
   <Point id="752" x="-151.300" y="941.900" z="15.900" r="0.250" parent="751"/>
   <Point id="806" x="-229.000" y="929.100" z="-39.200" r="0.250" parent="805"/>
   <Point id="856" x="-253.700" y="924.200" z="5.400" r="0.250" parent="855"/>
   <Point id="876" x="-257.800" y="920.900" z="10.200" r="0.250" parent="855"/>
   <Point id="753" x="-151.400" y="941.400" z="13.300" r="0.250" parent="752"/>
   <Point id="807" x="-234.500" y="931.200" z="-42.200" r="0.250" parent="806"/>
   <Point id="857" x="-260.600" y="926.400" z="5.000" r="0.250" parent="856"/>
   <Point id="877" x="-257.800" y="922.100" z="10.200" r="0.250" parent="876"/>
   <Point id="754" x="-165.600" y="940.200" z="10.000" r="0.250" parent="753"/>
   <Point id="808" x="-234.500" y="926.700" z="-45.000" r="0.250" parent="807"/>
   <Point id="858" x="-260.800" y="931.000" z="5.000" r="0.200" parent="857"/>
   <Point id="868" x="-268.000" y="927.800" z="4.600" r="0.300" parent="857"/>
   <Point id="878" x="-267.200" y="919.500" z="10.700" r="0.250" parent="877"/>
   <Point id="755" x="-171.000" y="933.800" z="10.000" r="0.250" parent="754"/>
   <Point id="809" x="-236.500" y="925.900" z="-43.300" r="0.250" parent="808"/>
   <Point id="859" x="-265.200" y="932.100" z="8.000" r="0.200" parent="858"/>
   <Point id="869" x="-270.900" y="924.000" z="4.600" r="0.250" parent="868"/>
   <Point id="879" x="-270.500" y="921.500" z="12.200" r="0.250" parent="878"/>
   <Point id="756" x="-174.100" y="934.000" z="11.500" r="0.250" parent="755"/>
   <Point id="810" x="-240.600" y="926.900" z="-52.300" r="0.250" parent="809"/>
   <Point id="860" x="-272.900" y="930.500" z="8.000" r="0.200" parent="859"/>
   <Point id="870" x="-275.500" y="923.600" z="-2.500" r="0.250" parent="869"/>
   <Point id="880" x="-279.700" y="920.200" z="11.400" r="0.200" parent="879"/>
   <Point id="757" x="-174.100" y="930.900" z="10.800" r="0.200" parent="756"/>
   <Point id="811" x="-243.700" y="922.600" z="-49.000" r="0.200" parent="810"/>
   <Point id="861" x="-274.900" y="931.500" z="8.000" r="0.200" parent="860"/>
   <Point id="871" x="-279.800" y="923.600" z="-4.200" r="0.250" parent="870"/>
   <Point id="881" x="-285.700" y="917.900" z="11.400" r="0.200" parent="880"/>
   <Point id="758" x="-176.100" y="932.400" z="6.800" r="0.200" parent="757"/>
   <Point id="812" x="-248.600" y="922.300" z="-55.900" r="0.200" parent="811"/>
   <Point id="862" x="-287.600" y="924.400" z="8.000" r="0.200" parent="861"/>
   <Point id="872" x="-286.500" y="926.900" z="-10.500" r="0.250" parent="871"/>
   <Point id="882" x="-285.700" y="916.200" z="14.800" r="0.200" parent="881"/>
   <Point id="759" x="-179.200" y="929.400" z="6.800" r="0.200" parent="758"/>
   <Point id="813" x="-250.900" y="920.100" z="-55.900" r="0.200" parent="812"/>
   <Point id="863" x="-294.800" y="924.400" z="8.000" r="0.200" parent="862"/>
   <Point id="873" x="-290.600" y="926.900" z="-10.500" r="0.250" parent="872"/>
   <Point id="883" x="-288.400" y="914.500" z="14.800" r="0.200" parent="882"/>
   <Point id="760" x="-183.400" y="931.100" z="4.400" r="0.200" parent="759"/>
   <Point id="864" x="-301.500" y="929.100" z="10.300" r="0.200" parent="863"/>
   <Point id="874" x="-291.900" y="932.700" z="-14.200" r="0.250" parent="873"/>
   <Point id="884" x="-290.500" y="912.300" z="14.800" r="0.200" parent="883"/>
   <Point id="761" x="-185.400" y="925.400" z="4.900" r="0.250" parent="760"/>
   <Point id="865" x="-304.200" y="929.100" z="5.700" r="0.200" parent="864"/>
   <Point id="875" x="-296.900" y="931.100" z="-15.500" r="0.250" parent="874"/>
   <Point id="885" x="-293.800" y="912.300" z="12.200" r="0.200" parent="884"/>
   <Point id="762" x="-191.000" y="926.800" z="-2.200" r="0.250" parent="761"/>
   <Point id="866" x="-308.700" y="934.300" z="5.700" r="0.150" parent="865"/>
   <Point id="886" x="-295.000" y="910.400" z="13.200" r="0.200" parent="885"/>
   <Point id="763" x="-192.100" y="926.800" z="-0.900" r="0.250" parent="762"/>
   <Point id="867" x="-313.000" y="931.200" z="5.700" r="0.200" parent="866"/>
</CellMorphology>

