
<Access id="recordingNigra24a953" saveInterval="0.1ms">

	<CellLocation id="pa0" path="100" rankBy="radius" sequenceIndex="0"/>
	<CellLocation id="pa1" path="100" rankBy="radius" sequenceIndex="1"/>
	<CellLocation id="pa2" path="100" rankBy="radius" sequenceIndex="2"/>
	<CellLocation id="pa3" path="100" rankBy="radius" sequenceIndex="3"/>
	<CellLocation id="pa4" path="100" rankBy="radius" sequenceIndex="4"/>
	<CellLocation id="pa5" path="100" rankBy="radius" sequenceIndex="5"/>
	
	<CellLocation id="pb0" path="200" rankBy="radius" sequenceIndex="0"/>
	<CellLocation id="pb1" path="200" rankBy="radius" sequenceIndex="1"/>
	<CellLocation id="pb2" path="200" rankBy="radius" sequenceIndex="2"/>
	<CellLocation id="pb3" path="200" rankBy="radius" sequenceIndex="3"/>
	<CellLocation id="pb4" path="200" rankBy="radius" sequenceIndex="4"/>

	<CellLocation id="pc0" path="300" rankBy="radius" sequenceIndex="0"/>
	<CellLocation id="pc1" path="300" rankBy="radius" sequenceIndex="1"/>
	<CellLocation id="pc2" path="300" rankBy="radius" sequenceIndex="2"/>
	<CellLocation id="pc3" path="300" rankBy="radius" sequenceIndex="3"/>

	<CellLocation id="pd0" path="400" rankBy="radius" sequenceIndex="0"/>
	<CellLocation id="pd1" path="400" rankBy="radius" sequenceIndex="1"/>
	<CellLocation id="pd2" path="400" rankBy="radius" sequenceIndex="2"/>

	<CellLocation id="pe0" path="500" rankBy="radius" sequenceIndex="0"/>
	<CellLocation id="pe1" path="500" rankBy="radius" sequenceIndex="1"/>

	<CellLocation id="pf0" path="600" rankBy="radius" sequenceIndex="0"/>
	<CellLocation id="pf1" path="600" rankBy="radius" sequenceIndex="1"/>

	<CellLocation id="pg0" path="700" rankBy="radius" sequenceIndex="0"/>

	<CellLocation id="ph0" path="800" rankBy="radius" sequenceIndex="0"/>
	<CellLocation id="ph1" path="800" rankBy="radius" sequenceIndex="1"/>

	<VoltageRecorder at="1"/>

	<VoltageRecorder location="pa0"/>
	<VoltageRecorder location="pa1"/>
	<VoltageRecorder location="pa2"/>
	<VoltageRecorder location="pa3"/>
	<VoltageRecorder location="pa4"/>
	<VoltageRecorder location="pa5"/>

	<VoltageRecorder location="pb0"/>
	<VoltageRecorder location="pb1"/>
	<VoltageRecorder location="pb2"/>
	<VoltageRecorder location="pb3"/>
	<VoltageRecorder location="pb4"/>
	
	<VoltageRecorder location="pc0"/>
	<VoltageRecorder location="pc1"/>
	<VoltageRecorder location="pc2"/>
	<VoltageRecorder location="pc3"/>

	<VoltageRecorder location="pd0"/>
	<VoltageRecorder location="pd1"/>
	<VoltageRecorder location="pd2"/>

	<VoltageRecorder location="pe0"/>
	<VoltageRecorder location="pe1"/>

	<VoltageRecorder location="pf0"/>
	<VoltageRecorder location="pf1"/>

	<VoltageRecorder location="pg0"/>
	
	<VoltageRecorder location="ph0"/>
	<VoltageRecorder location="ph1"/>
    
</Access>
