
<Access id="recordingp20" saveInterval="0.1ms">

	<CellLocation id="pa0" path="100" rankBy="radius" sequenceIndex="0"/>
	<CellLocation id="pa1" path="100" rankBy="radius" sequenceIndex="1"/>
	<CellLocation id="pa2" path="100" rankBy="radius" sequenceIndex="2"/>
	<CellLocation id="pa3" path="100" rankBy="radius" sequenceIndex="3"/>
	<CellLocation id="pa4" path="100" rankBy="radius" sequenceIndex="4"/>
	<CellLocation id="pa5" path="100" rankBy="radius" sequenceIndex="5"/>
	<CellLocation id="pa6" path="100" rankBy="radius" sequenceIndex="6"/>
	<CellLocation id="pa7" path="100" rankBy="radius" sequenceIndex="7"/>
	<CellLocation id="pa8" path="100" rankBy="radius" sequenceIndex="8"/>
	<CellLocation id="pa9" path="100" rankBy="radius" sequenceIndex="9"/>
	<CellLocation id="pa10" path="100" rankBy="radius" sequenceIndex="10"/>
	<CellLocation id="pa11" path="100" rankBy="radius" sequenceIndex="11"/>
	<CellLocation id="pa12" path="100" rankBy="radius" sequenceIndex="12"/>
	<CellLocation id="pa13" path="100" rankBy="radius" sequenceIndex="13"/>
	<CellLocation id="pa14" path="100" rankBy="radius" sequenceIndex="14"/>
	<CellLocation id="pa15" path="100" rankBy="radius" sequenceIndex="15"/>
	<CellLocation id="pa16" path="100" rankBy="radius" sequenceIndex="16"/>
	<CellLocation id="pa17" path="100" rankBy="radius" sequenceIndex="17"/>
	<CellLocation id="pa18" path="100" rankBy="radius" sequenceIndex="18"/>
	<CellLocation id="pa19" path="100" rankBy="radius" sequenceIndex="19"/>
	<CellLocation id="pa20" path="100" rankBy="radius" sequenceIndex="20"/>
	<CellLocation id="pa21" path="100" rankBy="radius" sequenceIndex="21"/>
	<CellLocation id="pa22" path="100" rankBy="radius" sequenceIndex="22"/>
	<CellLocation id="pa23" path="100" rankBy="radius" sequenceIndex="23"/>
	<CellLocation id="pa24" path="100" rankBy="radius" sequenceIndex="24"/>
	<CellLocation id="pa25" path="100" rankBy="radius" sequenceIndex="25"/>
	<CellLocation id="pa26" path="100" rankBy="radius" sequenceIndex="26"/>
	<CellLocation id="pa27" path="100" rankBy="radius" sequenceIndex="27"/>
	<CellLocation id="pa28" path="100" rankBy="radius" sequenceIndex="28"/>
	<CellLocation id="pa29" path="100" rankBy="radius" sequenceIndex="29"/>
	<CellLocation id="pa30" path="100" rankBy="radius" sequenceIndex="30"/>
	<CellLocation id="pa31" path="100" rankBy="radius" sequenceIndex="31"/>
	<CellLocation id="pa32" path="100" rankBy="radius" sequenceIndex="32"/>
	<CellLocation id="pa33" path="100" rankBy="radius" sequenceIndex="33"/>
	<CellLocation id="pa34" path="100" rankBy="radius" sequenceIndex="34"/>
	<CellLocation id="pa35" path="100" rankBy="radius" sequenceIndex="35"/>
	<CellLocation id="pa36" path="100" rankBy="radius" sequenceIndex="36"/>
	<CellLocation id="pa37" path="100" rankBy="radius" sequenceIndex="37"/>
	<CellLocation id="pa38" path="100" rankBy="radius" sequenceIndex="38"/>
	<CellLocation id="pa39" path="100" rankBy="radius" sequenceIndex="39"/>
	
	
	<CellLocation id="pb0" path="200" rankBy="radius" sequenceIndex="0"/>
	<CellLocation id="pb1" path="200" rankBy="radius" sequenceIndex="1"/>
	<CellLocation id="pb2" path="200" rankBy="radius" sequenceIndex="2"/>
	<CellLocation id="pb3" path="200" rankBy="radius" sequenceIndex="3"/>
	<CellLocation id="pb4" path="200" rankBy="radius" sequenceIndex="4"/>
	<CellLocation id="pb5" path="200" rankBy="radius" sequenceIndex="5"/>
	<CellLocation id="pb6" path="200" rankBy="radius" sequenceIndex="6"/>
	<CellLocation id="pb7" path="200" rankBy="radius" sequenceIndex="7"/>
	<CellLocation id="pb8" path="200" rankBy="radius" sequenceIndex="8"/>
	<CellLocation id="pb9" path="200" rankBy="radius" sequenceIndex="9"/>
	<CellLocation id="pb10" path="200" rankBy="radius" sequenceIndex="10"/>
	<CellLocation id="pb11" path="200" rankBy="radius" sequenceIndex="11"/>
	<CellLocation id="pb12" path="200" rankBy="radius" sequenceIndex="12"/>
	<CellLocation id="pb13" path="200" rankBy="radius" sequenceIndex="13"/>

	<VoltageRecorder at="1"/>

	<VoltageRecorder location="pa0"/>
	<VoltageRecorder location="pa1"/>
	<VoltageRecorder location="pa2"/>
	<VoltageRecorder location="pa3"/>
	<VoltageRecorder location="pa4"/>
	<VoltageRecorder location="pa5"/>
	<VoltageRecorder location="pa6"/>
	<VoltageRecorder location="pa7"/>
	<VoltageRecorder location="pa8"/>
	<VoltageRecorder location="pa9"/>
	<VoltageRecorder location="pa10"/>
	<VoltageRecorder location="pa11"/>
	<VoltageRecorder location="pa12"/>
	<VoltageRecorder location="pa13"/>
	<VoltageRecorder location="pa14"/>
	<VoltageRecorder location="pa15"/>
	<VoltageRecorder location="pa16"/>
	<VoltageRecorder location="pa17"/>
	<VoltageRecorder location="pa18"/>
	<VoltageRecorder location="pa19"/>
	<VoltageRecorder location="pa20"/>
	<VoltageRecorder location="pa21"/>
	<VoltageRecorder location="pa22"/>
	<VoltageRecorder location="pa23"/>
	<VoltageRecorder location="pa24"/>
	<VoltageRecorder location="pa25"/>
	<VoltageRecorder location="pa26"/>
	<VoltageRecorder location="pa27"/>
	<VoltageRecorder location="pa28"/>
	<VoltageRecorder location="pa29"/>
	<VoltageRecorder location="pa30"/>
	<VoltageRecorder location="pa31"/>
	<VoltageRecorder location="pa32"/>
	<VoltageRecorder location="pa33"/>
	<VoltageRecorder location="pa34"/>
	<VoltageRecorder location="pa35"/>
	<VoltageRecorder location="pa36"/>
	<VoltageRecorder location="pa37"/>
	<VoltageRecorder location="pa38"/>
	<VoltageRecorder location="pa39"/>

	<VoltageRecorder location="pb0"/>
	<VoltageRecorder location="pb1"/>
	<VoltageRecorder location="pb2"/>
	<VoltageRecorder location="pb3"/>
	<VoltageRecorder location="pb4"/>
	<VoltageRecorder location="pb5"/>
	<VoltageRecorder location="pb6"/>
	<VoltageRecorder location="pb7"/>
	<VoltageRecorder location="pb8"/>
	<VoltageRecorder location="pb9"/>
	<VoltageRecorder location="pb10"/>
	<VoltageRecorder location="pb11"/>
	<VoltageRecorder location="pb12"/>
	<VoltageRecorder location="pb13"/>
    
</Access>
