
<Access id="record11h941" saveInterval="0.1ms">

	<CellLocation id="pa0" path="100" rankBy="radius" sequenceIndex="0"/>
	<CellLocation id="pa1" path="100" rankBy="radius" sequenceIndex="1"/>
	<CellLocation id="pa2" path="100" rankBy="radius" sequenceIndex="2"/>
	<CellLocation id="pa3" path="100" rankBy="radius" sequenceIndex="3"/>
	<CellLocation id="pa4" path="100" rankBy="radius" sequenceIndex="4"/>
	<CellLocation id="pa5" path="100" rankBy="radius" sequenceIndex="5"/>
	<CellLocation id="pa6" path="100" rankBy="radius" sequenceIndex="6"/>
	<CellLocation id="pa7" path="100" rankBy="radius" sequenceIndex="7"/>
	<CellLocation id="pa8" path="100" rankBy="radius" sequenceIndex="8"/>
	<CellLocation id="pa9" path="100" rankBy="radius" sequenceIndex="9"/>
	<CellLocation id="pa10" path="100" rankBy="radius" sequenceIndex="10"/>
	<CellLocation id="pa11" path="100" rankBy="radius" sequenceIndex="11"/>
	<CellLocation id="pa12" path="100" rankBy="radius" sequenceIndex="12"/>
	
	<CellLocation id="pb0" path="200" rankBy="radius" sequenceIndex="0"/>
	<CellLocation id="pb1" path="200" rankBy="radius" sequenceIndex="1"/>
	<CellLocation id="pb2" path="200" rankBy="radius" sequenceIndex="2"/>
	<CellLocation id="pb3" path="200" rankBy="radius" sequenceIndex="3"/>
	<CellLocation id="pb4" path="200" rankBy="radius" sequenceIndex="4"/>
	<CellLocation id="pb5" path="200" rankBy="radius" sequenceIndex="5"/>
	<CellLocation id="pb6" path="200" rankBy="radius" sequenceIndex="6"/>

	<CellLocation id="pc0" path="300" rankBy="radius" sequenceIndex="0"/>
	<CellLocation id="pc1" path="300" rankBy="radius" sequenceIndex="1"/>
	<CellLocation id="pc2" path="300" rankBy="radius" sequenceIndex="2"/>
	<CellLocation id="pc3" path="300" rankBy="radius" sequenceIndex="3"/>

	<CellLocation id="pd0" path="400" rankBy="radius" sequenceIndex="0"/>

	<CellLocation id="pe0" path="500" rankBy="radius" sequenceIndex="0"/>

	<CellLocation id="pf0" path="600" rankBy="radius" sequenceIndex="0"/>

	<CellLocation id="pg0" path="700" rankBy="radius" sequenceIndex="0"/>
	<CellLocation id="pg1" path="700" rankBy="radius" sequenceIndex="1"/>
	<CellLocation id="pg2" path="700" rankBy="radius" sequenceIndex="2"/>

	<CellLocation id="ph0" path="800" rankBy="radius" sequenceIndex="0"/>
	<CellLocation id="ph1" path="800" rankBy="radius" sequenceIndex="1"/>
	<CellLocation id="ph2" path="800" rankBy="radius" sequenceIndex="2"/>
	<CellLocation id="ph3" path="800" rankBy="radius" sequenceIndex="3"/>
	<CellLocation id="ph4" path="800" rankBy="radius" sequenceIndex="4"/>
	<CellLocation id="ph5" path="800" rankBy="radius" sequenceIndex="5"/>

	<CellLocation id="pi0" path="900" rankBy="radius" sequenceIndex="0"/>
	<CellLocation id="pi1" path="900" rankBy="radius" sequenceIndex="1"/>

	<VoltageRecorder at="1"/>

	<VoltageRecorder location="pa0"/>
	<VoltageRecorder location="pa1"/>
	<VoltageRecorder location="pa2"/>
	<VoltageRecorder location="pa3"/>
	<VoltageRecorder location="pa4"/>
	<VoltageRecorder location="pa5"/>
	<VoltageRecorder location="pa6"/>
	<VoltageRecorder location="pa7"/>
	<VoltageRecorder location="pa8"/>
	<VoltageRecorder location="pa9"/>
	<VoltageRecorder location="pa10"/>
	<VoltageRecorder location="pa11"/>
	<VoltageRecorder location="pa12"/>

	<VoltageRecorder location="pb0"/>
	<VoltageRecorder location="pb1"/>
	<VoltageRecorder location="pb2"/>
	<VoltageRecorder location="pb3"/>
	<VoltageRecorder location="pb4"/>
	<VoltageRecorder location="pb5"/>
	<VoltageRecorder location="pb6"/>

	<VoltageRecorder location="pc0"/>
	<VoltageRecorder location="pc1"/>
	<VoltageRecorder location="pc2"/>
	<VoltageRecorder location="pc3"/>

	<VoltageRecorder location="pd0"/>

	<VoltageRecorder location="pe0"/>

	<VoltageRecorder location="pf0"/>

	<VoltageRecorder location="pg0"/>
	<VoltageRecorder location="pg1"/>
	<VoltageRecorder location="pg2"/>
	
	<VoltageRecorder location="ph0"/>
	<VoltageRecorder location="ph1"/>
	<VoltageRecorder location="ph2"/>
	<VoltageRecorder location="ph3"/>
	<VoltageRecorder location="ph4"/>
	<VoltageRecorder location="ph5"/>
	
	<VoltageRecorder location="pi0"/>
	<VoltageRecorder location="pi1"/>
    
</Access>
