
<Access id="recordingn271" saveInterval="0.1ms">

	<CellLocation id="pa0" path="100" rankBy="radius" sequenceIndex="0"/>
	<CellLocation id="pa1" path="100" rankBy="radius" sequenceIndex="1"/>
	<CellLocation id="pa2" path="100" rankBy="radius" sequenceIndex="2"/>
	<CellLocation id="pa3" path="100" rankBy="radius" sequenceIndex="3"/>
	<CellLocation id="pa4" path="100" rankBy="radius" sequenceIndex="4"/>
	<CellLocation id="pa5" path="100" rankBy="radius" sequenceIndex="5"/>
	<CellLocation id="pa6" path="100" rankBy="radius" sequenceIndex="6"/>
	
	<CellLocation id="pb0" path="200" rankBy="radius" sequenceIndex="0"/>
	<CellLocation id="pb1" path="200" rankBy="radius" sequenceIndex="1"/>
	<CellLocation id="pb2" path="200" rankBy="radius" sequenceIndex="2"/>
	<CellLocation id="pb3" path="200" rankBy="radius" sequenceIndex="3"/>
	<CellLocation id="pb4" path="200" rankBy="radius" sequenceIndex="4"/>
	<CellLocation id="pb5" path="200" rankBy="radius" sequenceIndex="5"/>
	<CellLocation id="pb6" path="200" rankBy="radius" sequenceIndex="6"/>
	<CellLocation id="pb7" path="200" rankBy="radius" sequenceIndex="7"/>
	<CellLocation id="pb8" path="200" rankBy="radius" sequenceIndex="8"/>
	<CellLocation id="pb9" path="200" rankBy="radius" sequenceIndex="9"/>

	<CellLocation id="pc0" path="300" rankBy="radius" sequenceIndex="0"/>
	<CellLocation id="pc1" path="300" rankBy="radius" sequenceIndex="1"/>
	<CellLocation id="pc2" path="300" rankBy="radius" sequenceIndex="2"/>
	<CellLocation id="pc3" path="300" rankBy="radius" sequenceIndex="3"/>
	<CellLocation id="pc4" path="300" rankBy="radius" sequenceIndex="4"/>
	<CellLocation id="pc5" path="300" rankBy="radius" sequenceIndex="5"/>
	<CellLocation id="pc6" path="300" rankBy="radius" sequenceIndex="6"/>
	<CellLocation id="pc7" path="300" rankBy="radius" sequenceIndex="7"/>
	<CellLocation id="pc8" path="300" rankBy="radius" sequenceIndex="8"/>
	<CellLocation id="pc9" path="300" rankBy="radius" sequenceIndex="9"/>

	<CellLocation id="pd0" path="400" rankBy="radius" sequenceIndex="0"/>
	<CellLocation id="pd1" path="400" rankBy="radius" sequenceIndex="1"/>
	<CellLocation id="pd2" path="400" rankBy="radius" sequenceIndex="2"/>
	<CellLocation id="pd3" path="400" rankBy="radius" sequenceIndex="3"/>
	<CellLocation id="pd4" path="400" rankBy="radius" sequenceIndex="4"/>
	<CellLocation id="pd5" path="400" rankBy="radius" sequenceIndex="5"/>
	<CellLocation id="pd6" path="400" rankBy="radius" sequenceIndex="6"/>
	<CellLocation id="pd7" path="400" rankBy="radius" sequenceIndex="7"/>
	<CellLocation id="pd8" path="400" rankBy="radius" sequenceIndex="8"/>
	<CellLocation id="pd9" path="400" rankBy="radius" sequenceIndex="9"/>
	<CellLocation id="pd10" path="400" rankBy="radius" sequenceIndex="10"/>
	<CellLocation id="pd11" path="400" rankBy="radius" sequenceIndex="11"/>
	<CellLocation id="pd12" path="400" rankBy="radius" sequenceIndex="12"/>

	<CellLocation id="pe0" path="500" rankBy="radius" sequenceIndex="0"/>
	<CellLocation id="pe1" path="500" rankBy="radius" sequenceIndex="1"/>
	<CellLocation id="pe2" path="500" rankBy="radius" sequenceIndex="2"/>
	<CellLocation id="pe3" path="500" rankBy="radius" sequenceIndex="3"/>
	<CellLocation id="pe4" path="500" rankBy="radius" sequenceIndex="4"/>
	<CellLocation id="pe5" path="500" rankBy="radius" sequenceIndex="5"/>
	<CellLocation id="pe6" path="500" rankBy="radius" sequenceIndex="6"/>
	<CellLocation id="pe7" path="500" rankBy="radius" sequenceIndex="7"/>

	<CellLocation id="pf0" path="600" rankBy="radius" sequenceIndex="0"/>
	<CellLocation id="pf1" path="600" rankBy="radius" sequenceIndex="1"/>

	<VoltageRecorder at="1"/>

	<VoltageRecorder location="pa0"/>
	<VoltageRecorder location="pa1"/>
	<VoltageRecorder location="pa2"/>
	<VoltageRecorder location="pa3"/>
	<VoltageRecorder location="pa4"/>
	<VoltageRecorder location="pa5"/>
	<VoltageRecorder location="pa6"/>

	<VoltageRecorder location="pb0"/>
	<VoltageRecorder location="pb1"/>
	<VoltageRecorder location="pb2"/>
	<VoltageRecorder location="pb3"/>
	<VoltageRecorder location="pb4"/>
	<VoltageRecorder location="pb5"/>
	<VoltageRecorder location="pb6"/>
	<VoltageRecorder location="pb7"/>
	<VoltageRecorder location="pb8"/>
	<VoltageRecorder location="pb9"/>
	
	<VoltageRecorder location="pc0"/>
	<VoltageRecorder location="pc1"/>
	<VoltageRecorder location="pc2"/>
	<VoltageRecorder location="pc3"/>
	<VoltageRecorder location="pc4"/>
	<VoltageRecorder location="pc5"/>
	<VoltageRecorder location="pc6"/>
	<VoltageRecorder location="pc7"/>
	<VoltageRecorder location="pc8"/>
	<VoltageRecorder location="pc9"/>
	
	<VoltageRecorder location="pd0"/>
	<VoltageRecorder location="pd1"/>
	<VoltageRecorder location="pd2"/>
	<VoltageRecorder location="pd3"/>
	<VoltageRecorder location="pd4"/>
	<VoltageRecorder location="pd5"/>
	<VoltageRecorder location="pd6"/>
	<VoltageRecorder location="pd7"/>
	<VoltageRecorder location="pd8"/>
	<VoltageRecorder location="pd9"/>
	<VoltageRecorder location="pd10"/>
	<VoltageRecorder location="pd11"/>
	<VoltageRecorder location="pd12"/>

	<VoltageRecorder location="pe0"/>
	<VoltageRecorder location="pe1"/>
	<VoltageRecorder location="pe2"/>
	<VoltageRecorder location="pe3"/>
	<VoltageRecorder location="pe4"/>
	<VoltageRecorder location="pe5"/>
	<VoltageRecorder location="pe6"/>
	<VoltageRecorder location="pe7"/>

	<VoltageRecorder location="pf0"/>
	<VoltageRecorder location="pf1"/>
    
</Access>
